customer_id,Recency,Frequency,Monetary,R_score,F_score,M_score,RFM_Score,Segment
C10000,5,2,210.58,4,1,2,412,New/Promising
C10001,194,5,3246.02,2,3,4,234,Needs Attention
C10002,401,5,216.85,1,3,2,132,Others
C10003,72,3,154.29999999999998,3,1,1,311,New/Promising
C10004,600,3,716.99,1,1,3,113,Cant Lose Them
C10005,210,3,216.26000000000002,2,1,2,212,Lost
C10006,201,2,355.74,2,1,2,212,Lost
C10007,70,6,734.63,3,4,3,343,Champions
C10008,34,2,276.65999999999997,4,1,2,412,New/Promising
C10009,283,5,659.5500000000001,1,3,3,133,At Risk
C10010,377,3,1578.0,1,1,4,114,Cant Lose Them
C10011,68,6,1381.07,3,4,4,344,Champions
C10012,211,5,1801.64,2,3,4,234,Needs Attention
C10013,176,4,681.33,2,2,3,223,Cant Lose Them
C10014,284,2,215.05,1,1,2,112,Lost
C10015,190,4,1299.1000000000001,2,2,4,224,Cant Lose Them
C10016,25,5,666.95,4,3,3,433,Champions
C10017,315,2,68.11,1,1,1,111,Lost
C10018,12,12,728.1,4,4,3,443,Champions
C10019,33,1,4.4,4,1,1,411,New/Promising
C10020,108,5,627.31,3,3,3,333,Champions
C10021,192,3,1079.1200000000001,2,1,4,214,Cant Lose Them
C10022,38,4,914.77,4,2,4,424,Loyal Customers
C10023,63,6,376.53000000000003,3,4,2,342,Loyal Customers
C10024,8,4,206.85000000000002,4,2,2,422,Loyal Customers
C10025,108,4,720.37,3,2,3,323,Loyal Customers
C10026,233,3,283.3,2,1,2,212,Lost
C10027,9,10,963.57,4,4,4,444,Champions
C10028,131,5,317.22,2,3,2,232,Needs Attention
C10029,415,4,170.04999999999998,1,2,1,121,Lost
C10030,50,3,273.56,4,1,2,412,New/Promising
C10031,178,2,137.26999999999998,2,1,1,211,Lost
C10032,120,3,91.03,3,1,1,311,New/Promising
C10033,425,1,39.02,1,1,1,111,Lost
C10034,39,3,177.51999999999998,4,1,1,411,New/Promising
C10035,209,1,97.72,2,1,1,211,Lost
C10036,409,3,54.1,1,1,1,111,Lost
C10037,47,4,1035.96,4,2,4,424,Loyal Customers
C10038,152,5,146.09,2,3,1,231,Needs Attention
C10039,113,1,166.46,3,1,1,311,New/Promising
C10040,61,5,180.98000000000002,3,3,1,331,Loyal Customers
C10041,411,1,86.16,1,1,1,111,Lost
C10042,3,5,185.70000000000002,4,3,1,431,Loyal Customers
C10043,26,5,1675.46,4,3,4,434,Champions
C10044,264,4,2698.5299999999997,1,2,4,124,Cant Lose Them
C10045,280,4,376.72,1,2,2,122,Lost
C10046,559,1,54.62,1,1,1,111,Lost
C10047,40,3,718.65,4,1,3,413,New/Promising
C10048,325,3,64.92,1,1,1,111,Lost
C10049,30,2,77.23,4,1,1,411,New/Promising
C10050,215,4,563.25,2,2,3,223,Cant Lose Them
C10051,7,4,612.9399999999999,4,2,3,423,Loyal Customers
C10052,108,3,56.1,3,1,1,311,New/Promising
C10053,25,3,93.2,4,1,1,411,New/Promising
C10054,92,4,381.18,3,2,2,322,Loyal Customers
C10055,287,4,1018.7199999999999,1,2,4,124,Cant Lose Them
C10056,288,3,838.35,1,1,3,113,Cant Lose Them
C10057,144,2,94.43,2,1,1,211,Lost
C10058,50,7,1290.28,4,4,4,444,Champions
C10059,520,2,802.08,1,1,3,113,Cant Lose Them
C10060,108,8,2044.12,3,4,4,344,Champions
C10061,55,4,1039.97,3,2,4,324,Loyal Customers
C10062,191,4,244.74,2,2,2,222,Lost
C10063,116,3,420.26,3,1,2,312,New/Promising
C10064,152,5,413.46,2,3,2,232,Needs Attention
C10065,17,4,98.00999999999999,4,2,1,421,Loyal Customers
C10066,337,8,2920.11,1,4,4,144,At Risk
C10067,81,4,489.21,3,2,3,323,Loyal Customers
C10068,94,5,923.3399999999999,3,3,4,334,Champions
C10069,290,3,328.44,1,1,2,112,Lost
C10070,108,4,799.35,3,2,3,323,Loyal Customers
C10071,111,10,902.48,3,4,3,343,Champions
C10072,40,6,1261.13,4,4,4,444,Champions
C10073,54,5,1091.0800000000002,3,3,4,334,Champions
C10074,32,5,175.82999999999998,4,3,1,431,Loyal Customers
C10075,353,2,22.85,1,1,1,111,Lost
C10076,98,4,256.45,3,2,2,322,Loyal Customers
C10077,451,3,188.57999999999998,1,1,1,111,Lost
C10078,48,4,1240.4,4,2,4,424,Loyal Customers
C10079,67,6,988.27,3,4,4,344,Champions
C10080,18,5,339.25,4,3,2,432,Loyal Customers
C10081,323,6,176.85,1,4,1,141,Others
C10082,59,2,94.86,3,1,1,311,New/Promising
C10083,43,4,1610.28,4,2,4,424,Loyal Customers
C10084,146,6,303.61,2,4,2,242,Needs Attention
C10085,58,5,144.97,3,3,1,331,Loyal Customers
C10086,125,2,23.15,2,1,1,211,Lost
C10087,473,2,130.64000000000001,1,1,1,111,Lost
C10088,67,4,376.75,3,2,2,322,Loyal Customers
C10089,240,6,1250.45,1,4,4,144,At Risk
C10090,195,3,1452.69,2,1,4,214,Cant Lose Them
C10091,217,6,928.62,2,4,4,244,Needs Attention
C10092,422,4,776.72,1,2,3,123,Cant Lose Them
C10093,537,2,37.33,1,1,1,111,Lost
C10094,270,4,1045.52,1,2,4,124,Cant Lose Them
C10095,107,5,106.61,3,3,1,331,Loyal Customers
C10096,132,1,3.11,2,1,1,211,Lost
C10097,49,5,174.4,4,3,1,431,Loyal Customers
C10098,142,7,1435.16,2,4,4,244,Needs Attention
C10099,614,2,63.16,1,1,1,111,Lost
C10100,433,3,228.57,1,1,2,112,Lost
C10101,174,1,2.5,2,1,1,211,Lost
C10102,111,7,655.68,3,4,3,343,Champions
C10104,168,5,274.28,2,3,2,232,Needs Attention
C10105,115,6,441.71,3,4,2,342,Loyal Customers
C10106,42,8,1847.1,4,4,4,444,Champions
C10107,242,3,233.32,1,1,2,112,Lost
C10109,54,8,523.49,3,4,3,343,Champions
C10110,12,8,353.84,4,4,2,442,Loyal Customers
C10111,197,6,1099.55,2,4,4,244,Needs Attention
C10112,68,3,27.43,3,1,1,311,New/Promising
C10113,88,3,65.08,3,1,1,311,New/Promising
C10114,124,5,183.53,2,3,1,231,Needs Attention
C10115,226,4,133.55,2,2,1,221,Lost
C10116,9,7,817.5400000000001,4,4,3,443,Champions
C10117,263,3,94.7,1,1,1,111,Lost
C10119,108,2,79.71000000000001,3,1,1,311,New/Promising
C10120,269,3,119.77,1,1,1,111,Lost
C10121,30,2,244.29000000000002,4,1,2,412,New/Promising
C10122,120,4,493.63,3,2,3,323,Loyal Customers
C10123,169,4,278.65000000000003,2,2,2,222,Lost
C10124,162,4,1567.66,2,2,4,224,Cant Lose Them
C10125,26,6,2549.82,4,4,4,444,Champions
C10126,123,1,58.95,2,1,1,211,Lost
C10127,524,1,15.04,1,1,1,111,Lost
C10128,186,4,219.6,2,2,2,222,Lost
C10129,366,5,436.82,1,3,2,132,Others
C10130,370,3,114.47,1,1,1,111,Lost
C10131,272,5,181.97,1,3,1,131,Others
C10132,590,3,741.55,1,1,3,113,Cant Lose Them
C10133,19,6,1281.7,4,4,4,444,Champions
C10134,234,2,237.35,2,1,2,212,Lost
C10135,5,4,238.95000000000002,4,2,2,422,Loyal Customers
C10136,47,5,423.66,4,3,2,432,Loyal Customers
C10137,28,4,187.68,4,2,1,421,Loyal Customers
C10138,70,7,331.26,3,4,2,342,Loyal Customers
C10139,5,3,148.34,4,1,1,411,New/Promising
C10140,3,5,1308.65,4,3,4,434,Champions
C10141,121,5,409.84,3,3,2,332,Loyal Customers
C10142,1,7,379.74,4,4,2,442,Loyal Customers
C10143,41,6,2263.23,4,4,4,444,Champions
C10144,598,1,64.7,1,1,1,111,Lost
C10145,41,4,721.97,4,2,3,423,Loyal Customers
C10146,410,4,890.0899999999999,1,2,3,123,Cant Lose Them
C10147,67,4,606.77,3,2,3,323,Loyal Customers
C10148,232,8,847.47,2,4,3,243,Needs Attention
C10149,179,4,1560.3799999999999,2,2,4,224,Cant Lose Them
C10150,230,2,612.3399999999999,2,1,3,213,Cant Lose Them
C10151,90,6,3336.5299999999997,3,4,4,344,Champions
C10152,295,2,119.0,1,1,1,111,Lost
C10153,22,7,843.53,4,4,3,443,Champions
C10154,99,6,816.1800000000001,3,4,3,343,Champions
C10155,349,4,930.01,1,2,4,124,Cant Lose Them
C10156,132,2,51.86,2,1,1,211,Lost
C10157,85,2,16.990000000000002,3,1,1,311,New/Promising
C10158,170,4,834.43,2,2,3,223,Cant Lose Them
C10159,7,3,422.95,4,1,2,412,New/Promising
C10160,161,4,4634.97,2,2,4,224,Cant Lose Them
C10161,115,8,1280.72,3,4,4,344,Champions
C10162,476,3,1165.23,1,1,4,114,Cant Lose Them
C10163,202,2,420.14,2,1,2,212,Lost
C10164,95,4,373.48,3,2,2,322,Loyal Customers
C10165,298,4,656.23,1,2,3,123,Cant Lose Them
C10166,332,3,371.06,1,1,2,112,Lost
C10167,631,1,163.59,1,1,1,111,Lost
C10168,525,2,619.41,1,1,3,113,Cant Lose Them
C10169,227,3,549.53,2,1,3,213,Cant Lose Them
C10170,91,3,343.61,3,1,2,312,New/Promising
C10171,365,5,687.5,1,3,3,133,At Risk
C10172,594,2,85.03,1,1,1,111,Lost
C10173,132,2,572.62,2,1,3,213,Cant Lose Them
C10174,75,3,703.66,3,1,3,313,New/Promising
C10175,135,5,549.03,2,3,3,233,Needs Attention
C10176,81,4,730.37,3,2,3,323,Loyal Customers
C10177,226,2,131.05,2,1,1,211,Lost
C10178,109,6,812.02,3,4,3,343,Champions
C10179,160,3,1223.48,2,1,4,214,Cant Lose Them
C10180,50,2,24.060000000000002,4,1,1,411,New/Promising
C10181,111,2,368.71999999999997,3,1,2,312,New/Promising
C10182,148,3,448.73,2,1,2,212,Lost
C10183,12,2,34.68,4,1,1,411,New/Promising
C10184,19,7,1114.35,4,4,4,444,Champions
C10185,186,3,417.55,2,1,2,212,Lost
C10186,104,7,504.41,3,4,3,343,Champions
C10187,15,5,486.25,4,3,3,433,Champions
C10188,112,2,79.13,3,1,1,311,New/Promising
C10189,177,3,71.35000000000001,2,1,1,211,Lost
C10190,89,7,420.96999999999997,3,4,2,342,Loyal Customers
C10191,86,6,863.29,3,4,3,343,Champions
C10192,311,4,1342.49,1,2,4,124,Cant Lose Them
C10193,60,5,963.7,3,3,4,334,Champions
C10194,53,3,129.25,3,1,1,311,New/Promising
C10195,4,5,240.96,4,3,2,432,Loyal Customers
C10196,675,2,326.37,1,1,2,112,Lost
C10197,34,5,612.61,4,3,3,433,Champions
C10198,455,2,102.59,1,1,1,111,Lost
C10199,677,2,903.09,1,1,3,113,Cant Lose Them
C10200,196,3,451.33,2,1,3,213,Cant Lose Them
C10201,115,7,412.41,3,4,2,342,Loyal Customers
C10202,60,2,128.57,3,1,1,311,New/Promising
C10203,41,3,655.51,4,1,3,413,New/Promising
C10204,318,5,299.51,1,3,2,132,Others
C10205,8,3,298.72,4,1,2,412,New/Promising
C10206,507,3,182.04,1,1,1,111,Lost
C10207,91,7,400.65,3,4,2,342,Loyal Customers
C10208,196,5,510.52,2,3,3,233,Needs Attention
C10209,32,9,891.71,4,4,3,443,Champions
C10210,23,1,10.29,4,1,1,411,New/Promising
C10211,335,2,128.5,1,1,1,111,Lost
C10212,276,2,34.269999999999996,1,1,1,111,Lost
C10213,43,4,119.67999999999999,4,2,1,421,Loyal Customers
C10214,124,3,171.63,2,1,1,211,Lost
C10215,108,3,71.57,3,1,1,311,New/Promising
C10216,371,3,1073.6000000000001,1,1,4,114,Cant Lose Them
C10218,219,2,147.22,2,1,1,211,Lost
C10219,2,8,721.87,4,4,3,443,Champions
C10220,117,5,319.35,3,3,2,332,Loyal Customers
C10222,74,4,720.07,3,2,3,323,Loyal Customers
C10223,31,4,974.44,4,2,4,424,Loyal Customers
C10224,213,4,131.0,2,2,1,221,Lost
C10225,225,6,625.15,2,4,3,243,Needs Attention
C10226,35,7,356.23,4,4,2,442,Loyal Customers
C10227,36,5,499.53,4,3,3,433,Champions
C10228,167,4,66.94,2,2,1,221,Lost
C10229,90,2,160.63,3,1,1,311,New/Promising
C10230,188,1,4.75,2,1,1,211,Lost
C10231,25,2,220.47,4,1,2,412,New/Promising
C10232,71,6,1192.2,3,4,4,344,Champions
C10233,58,5,548.91,3,3,3,333,Champions
C10234,197,4,386.09,2,2,2,222,Lost
C10235,288,4,112.96000000000001,1,2,1,121,Lost
C10236,45,6,933.89,4,4,4,444,Champions
C10237,680,3,24.410000000000004,1,1,1,111,Lost
C10238,110,7,1725.1,3,4,4,344,Champions
C10239,33,6,694.92,4,4,3,443,Champions
C10240,195,6,645.24,2,4,3,243,Needs Attention
C10241,23,7,279.23,4,4,2,442,Loyal Customers
C10242,343,5,920.4899999999999,1,3,4,134,At Risk
C10243,109,3,260.7,3,1,2,312,New/Promising
C10244,5,8,1251.97,4,4,4,444,Champions
C10245,3,5,129.59,4,3,1,431,Loyal Customers
C10246,20,5,78.91,4,3,1,431,Loyal Customers
C10248,141,4,810.83,2,2,3,223,Cant Lose Them
C10249,16,5,198.07000000000002,4,3,2,432,Loyal Customers
C10250,129,4,200.06,2,2,2,222,Lost
C10251,33,2,737.45,4,1,3,413,New/Promising
C10252,101,6,294.93,3,4,2,342,Loyal Customers
C10253,126,6,796.58,2,4,3,243,Needs Attention
C10254,167,4,787.8399999999999,2,2,3,223,Cant Lose Them
C10255,60,5,356.06,3,3,2,332,Loyal Customers
C10256,28,11,1574.8700000000001,4,4,4,444,Champions
C10257,613,3,1135.95,1,1,4,114,Cant Lose Them
C10258,22,4,203.1,4,2,2,422,Loyal Customers
C10260,88,4,1476.8,3,2,4,324,Loyal Customers
C10261,221,3,601.64,2,1,3,213,Cant Lose Them
C10262,122,3,251.84,2,1,2,212,Lost
C10263,294,2,128.45,1,1,1,111,Lost
C10264,49,7,1025.07,4,4,4,444,Champions
C10265,138,4,745.49,2,2,3,223,Cant Lose Them
C10266,160,3,548.1999999999999,2,1,3,213,Cant Lose Them
C10267,158,2,184.56,2,1,1,211,Lost
C10268,99,3,382.07,3,1,2,312,New/Promising
C10269,18,6,789.39,4,4,3,443,Champions
C10270,68,8,1965.14,3,4,4,344,Champions
C10271,33,7,646.9,4,4,3,443,Champions
C10272,57,7,1415.3,3,4,4,344,Champions
C10273,327,4,426.45,1,2,2,122,Lost
C10275,16,5,408.15999999999997,4,3,2,432,Loyal Customers
C10276,80,5,639.09,3,3,3,333,Champions
C10277,47,11,1472.74,4,4,4,444,Champions
C10278,534,1,287.71,1,1,2,112,Lost
C10279,194,4,707.1,2,2,3,223,Cant Lose Them
C10280,9,3,94.21000000000001,4,1,1,411,New/Promising
C10281,162,3,105.5,2,1,1,211,Lost
C10282,311,4,485.77000000000004,1,2,3,123,Cant Lose Them
C10283,19,3,41.9,4,1,1,411,New/Promising
C10284,51,3,182.24,3,1,1,311,New/Promising
C10285,330,4,149.83,1,2,1,121,Lost
C10286,365,1,97.61,1,1,1,111,Lost
C10287,54,4,1246.81,3,2,4,324,Loyal Customers
C10288,340,3,151.56,1,1,1,111,Lost
C10289,38,5,1334.49,4,3,4,434,Champions
C10290,337,1,187.41,1,1,1,111,Lost
C10292,297,6,2120.07,1,4,4,144,At Risk
C10293,64,2,36.32,3,1,1,311,New/Promising
C10294,27,6,610.58,4,4,3,443,Champions
C10295,4,3,669.57,4,1,3,413,New/Promising
C10296,155,4,118.89999999999999,2,2,1,221,Lost
C10297,113,2,153.94,3,1,1,311,New/Promising
C10298,116,6,167.92000000000002,3,4,1,341,Loyal Customers
C10299,243,3,356.13,1,1,2,112,Lost
C10300,294,2,509.51,1,1,3,113,Cant Lose Them
C10301,40,7,143.77,4,4,1,441,Loyal Customers
C10302,356,4,333.27,1,2,2,122,Lost
C10303,202,6,3126.59,2,4,4,244,Needs Attention
C10304,108,2,186.08,3,1,1,311,New/Promising
C10305,45,8,1276.8600000000001,4,4,4,444,Champions
C10306,163,7,640.59,2,4,3,243,Needs Attention
C10307,112,6,251.93,3,4,2,342,Loyal Customers
C10308,402,3,250.63,1,1,2,112,Lost
C10309,36,4,82.69,4,2,1,421,Loyal Customers
C10310,94,4,406.36999999999995,3,2,2,322,Loyal Customers
C10311,81,5,585.76,3,3,3,333,Champions
C10312,80,2,92.27000000000001,3,1,1,311,New/Promising
C10313,308,3,374.35,1,1,2,112,Lost
C10314,542,2,51.17,1,1,1,111,Lost
C10315,267,1,34.93,1,1,1,111,Lost
C10316,53,4,721.0,3,2,3,323,Loyal Customers
C10317,264,4,489.02,1,2,3,123,Cant Lose Them
C10318,34,2,1253.9,4,1,4,414,New/Promising
C10319,58,4,324.13,3,2,2,322,Loyal Customers
C10320,15,4,151.81,4,2,1,421,Loyal Customers
C10321,668,1,21.84,1,1,1,111,Lost
C10322,343,2,798.7,1,1,3,113,Cant Lose Them
C10323,420,1,33.78,1,1,1,111,Lost
C10324,49,4,477.72999999999996,4,2,3,423,Loyal Customers
C10325,266,6,2064.77,1,4,4,144,At Risk
C10326,28,2,388.38,4,1,2,412,New/Promising
C10327,310,4,421.56,1,2,2,122,Lost
C10328,16,6,1104.63,4,4,4,444,Champions
C10329,3,7,884.84,4,4,3,443,Champions
C10330,126,2,2522.1,2,1,4,214,Cant Lose Them
C10331,229,6,1007.23,2,4,4,244,Needs Attention
C10332,264,5,2432.52,1,3,4,134,At Risk
C10333,92,3,118.39,3,1,1,311,New/Promising
C10334,116,3,567.07,3,1,3,313,New/Promising
C10335,63,5,1398.0700000000002,3,3,4,334,Champions
C10336,514,1,62.78,1,1,1,111,Lost
C10337,8,4,295.64,4,2,2,422,Loyal Customers
C10338,290,7,1360.32,1,4,4,144,At Risk
C10339,217,3,196.55,2,1,2,212,Lost
C10340,38,8,2040.14,4,4,4,444,Champions
C10341,278,5,1396.6200000000001,1,3,4,134,At Risk
C10342,83,5,117.69,3,3,1,331,Loyal Customers
C10343,26,6,664.17,4,4,3,443,Champions
C10344,18,2,542.7700000000001,4,1,3,413,New/Promising
C10345,287,2,355.54,1,1,2,112,Lost
C10347,262,4,314.71999999999997,1,2,2,122,Lost
C10348,316,3,428.5,1,1,2,112,Lost
C10349,232,3,445.45,2,1,2,212,Lost
C10350,186,1,24.94,2,1,1,211,Lost
C10351,401,1,24.4,1,1,1,111,Lost
C10352,22,3,443.15,4,1,2,412,New/Promising
C10353,228,3,202.75,2,1,2,212,Lost
C10354,90,5,2798.22,3,3,4,334,Champions
C10355,2,4,318.33,4,2,2,422,Loyal Customers
C10356,156,5,624.82,2,3,3,233,Needs Attention
C10357,251,5,250.73999999999998,1,3,2,132,Others
C10358,157,5,498.22999999999996,2,3,3,233,Needs Attention
C10359,40,7,249.17,4,4,2,442,Loyal Customers
C10360,178,4,793.3100000000001,2,2,3,223,Cant Lose Them
C10361,199,4,224.22000000000003,2,2,2,222,Lost
C10362,245,4,462.97,1,2,3,123,Cant Lose Them
C10363,501,4,130.21,1,2,1,121,Lost
C10364,60,10,2209.7,3,4,4,344,Champions
C10365,287,3,470.39,1,1,3,113,Cant Lose Them
C10366,6,5,167.67,4,3,1,431,Loyal Customers
C10367,285,2,182.88,1,1,1,111,Lost
C10368,7,3,47.91,4,1,1,411,New/Promising
C10369,188,4,169.1,2,2,1,221,Lost
C10370,75,6,691.25,3,4,3,343,Champions
C10371,73,5,727.83,3,3,3,333,Champions
C10372,29,5,107.3,4,3,1,431,Loyal Customers
C10373,50,2,176.26,4,1,1,411,New/Promising
C10374,99,5,621.07,3,3,3,333,Champions
C10375,40,10,1481.6,4,4,4,444,Champions
C10376,41,3,199.21,4,1,2,412,New/Promising
C10377,174,2,113.59,2,1,1,211,Lost
C10378,451,2,145.70999999999998,1,1,1,111,Lost
C10379,95,2,12.950000000000001,3,1,1,311,New/Promising
C10380,122,4,439.85,2,2,2,222,Lost
C10381,24,4,694.1,4,2,3,423,Loyal Customers
C10382,462,3,826.2399999999999,1,1,3,113,Cant Lose Them
C10383,41,4,120.61,4,2,1,421,Loyal Customers
C10384,338,2,1069.62,1,1,4,114,Cant Lose Them
C10385,241,2,99.73,1,1,1,111,Lost
C10386,41,9,2511.52,4,4,4,444,Champions
C10387,131,2,733.46,2,1,3,213,Cant Lose Them
C10388,53,5,785.63,3,3,3,333,Champions
C10389,129,4,233.25,2,2,2,222,Lost
C10390,35,6,315.42,4,4,2,442,Loyal Customers
C10391,71,8,497.76,3,4,3,343,Champions
C10392,165,9,743.29,2,4,3,243,Needs Attention
C10393,20,8,1016.69,4,4,4,444,Champions
C10394,468,4,65.39,1,2,1,121,Lost
C10395,49,5,463.5,4,3,3,433,Champions
C10396,184,3,208.56,2,1,2,212,Lost
C10397,129,1,182.05,2,1,1,211,Lost
C10398,50,5,498.98999999999995,4,3,3,433,Champions
C10399,151,4,325.66,2,2,2,222,Lost
C10400,43,5,1265.68,4,3,4,434,Champions
C10401,225,3,81.41,2,1,1,211,Lost
C10402,65,6,245.75,3,4,2,342,Loyal Customers
C10403,233,2,216.82,2,1,2,212,Lost
C10404,109,4,393.31,3,2,2,322,Loyal Customers
C10405,369,4,197.94,1,2,2,122,Lost
C10406,3,6,848.31,4,4,3,443,Champions
C10407,305,4,62.339999999999996,1,2,1,121,Lost
C10408,314,2,215.0,1,1,2,112,Lost
C10409,428,1,60.48,1,1,1,111,Lost
C10410,482,1,7.34,1,1,1,111,Lost
C10411,419,2,1172.96,1,1,4,114,Cant Lose Them
C10412,704,1,58.04,1,1,1,111,Lost
C10413,81,5,388.94,3,3,2,332,Loyal Customers
C10414,408,3,510.0,1,1,3,113,Cant Lose Them
C10415,215,4,3874.92,2,2,4,224,Cant Lose Them
C10416,227,3,986.1800000000001,2,1,4,214,Cant Lose Them
C10417,252,4,2719.5,1,2,4,124,Cant Lose Them
C10418,237,3,217.01,2,1,2,212,Lost
C10419,34,9,2880.62,4,4,4,444,Champions
C10420,1,3,474.69,4,1,3,413,New/Promising
C10421,313,5,356.11,1,3,2,132,Others
C10422,150,5,538.64,2,3,3,233,Needs Attention
C10423,372,2,620.5799999999999,1,1,3,113,Cant Lose Them
C10424,15,4,1146.78,4,2,4,424,Loyal Customers
C10425,597,2,137.05,1,1,1,111,Lost
C10426,235,1,254.41,2,1,2,212,Lost
C10427,178,5,634.66,2,3,3,233,Needs Attention
C10428,492,2,263.7,1,1,2,112,Lost
C10429,189,4,477.38,2,2,3,223,Cant Lose Them
C10430,310,2,441.6,1,1,2,112,Lost
C10431,182,4,1146.78,2,2,4,224,Cant Lose Them
C10432,42,5,361.01,4,3,2,432,Loyal Customers
C10433,77,6,598.4300000000001,3,4,3,343,Champions
C10434,1,4,185.07,4,2,1,421,Loyal Customers
C10435,189,4,249.01,2,2,2,222,Lost
C10436,161,3,129.19,2,1,1,211,Lost
C10437,302,3,344.17,1,1,2,112,Lost
C10438,303,2,27.540000000000003,1,1,1,111,Lost
C10439,158,3,350.73,2,1,2,212,Lost
C10440,7,7,1719.8,4,4,4,444,Champions
C10441,205,7,754.0600000000001,2,4,3,243,Needs Attention
C10442,3,4,845.8900000000001,4,2,3,423,Loyal Customers
C10443,26,6,709.78,4,4,3,443,Champions
C10444,161,5,300.82,2,3,2,232,Needs Attention
C10445,292,3,1780.51,1,1,4,114,Cant Lose Them
C10446,177,8,571.96,2,4,3,243,Needs Attention
C10448,100,7,976.33,3,4,4,344,Champions
C10449,33,5,304.05,4,3,2,432,Loyal Customers
C10450,543,1,39.2,1,1,1,111,Lost
C10451,253,4,106.58,1,2,1,121,Lost
C10452,54,6,503.69,3,4,3,343,Champions
C10453,73,4,531.06,3,2,3,323,Loyal Customers
C10454,138,5,901.93,2,3,3,233,Needs Attention
C10455,182,3,199.88,2,1,2,212,Lost
C10456,359,4,417.36,1,2,2,122,Lost
C10457,13,2,67.89,4,1,1,411,New/Promising
C10458,125,4,303.53,2,2,2,222,Lost
C10459,190,3,1571.4699999999998,2,1,4,214,Cant Lose Them
C10460,184,6,505.11,2,4,3,243,Needs Attention
C10461,18,6,650.98,4,4,3,443,Champions
C10462,179,3,113.0,2,1,1,211,Lost
C10463,173,3,448.88,2,1,2,212,Lost
C10464,126,7,206.82,2,4,2,242,Needs Attention
C10465,180,4,1276.04,2,2,4,224,Cant Lose Them
C10466,107,2,45.53,3,1,1,311,New/Promising
C10467,120,4,958.99,3,2,4,324,Loyal Customers
C10468,619,2,404.95,1,1,2,112,Lost
C10469,206,3,277.53999999999996,2,1,2,212,Lost
C10470,38,8,1854.3200000000002,4,4,4,444,Champions
C10471,229,3,333.87,2,1,2,212,Lost
C10472,188,3,1254.58,2,1,4,214,Cant Lose Them
C10473,212,3,986.81,2,1,4,214,Cant Lose Them
C10474,279,2,605.47,1,1,3,113,Cant Lose Them
C10475,246,6,393.18,1,4,2,142,Others
C10476,515,1,24.68,1,1,1,111,Lost
C10477,75,5,1263.17,3,3,4,334,Champions
C10478,192,2,22.619999999999997,2,1,1,211,Lost
C10479,126,4,1302.66,2,2,4,224,Cant Lose Them
C10480,10,2,34.68,4,1,1,411,New/Promising
C10481,101,3,167.08,3,1,1,311,New/Promising
C10482,116,3,43.39,3,1,1,311,New/Promising
C10483,179,2,187.73,2,1,1,211,Lost
C10484,1,6,1231.11,4,4,4,444,Champions
C10485,347,2,42.169999999999995,1,1,1,111,Lost
C10486,62,4,701.23,3,2,3,323,Loyal Customers
C10487,257,1,57.79,1,1,1,111,Lost
C10488,28,5,727.58,4,3,3,433,Champions
C10489,117,5,1418.24,3,3,4,334,Champions
C10490,64,4,242.05,3,2,2,322,Loyal Customers
C10491,311,1,280.57,1,1,2,112,Lost
C10492,79,7,1388.25,3,4,4,344,Champions
C10493,368,2,598.33,1,1,3,113,Cant Lose Them
C10494,158,3,441.44,2,1,2,212,Lost
C10495,285,3,849.0300000000001,1,1,3,113,Cant Lose Them
C10496,206,3,226.64999999999998,2,1,2,212,Lost
C10497,214,7,1690.8100000000002,2,4,4,244,Needs Attention
C10498,54,5,487.0,3,3,3,333,Champions
C10499,101,4,189.17000000000002,3,2,1,321,Loyal Customers
C10500,62,4,1063.0,3,2,4,324,Loyal Customers
C10501,504,2,1175.3200000000002,1,1,4,114,Cant Lose Them
C10502,26,3,828.86,4,1,3,413,New/Promising
C10503,37,1,25.84,4,1,1,411,New/Promising
C10504,324,3,663.7099999999999,1,1,3,113,Cant Lose Them
C10505,186,5,2185.41,2,3,4,234,Needs Attention
C10506,179,3,233.3,2,1,2,212,Lost
C10507,289,4,976.35,1,2,4,124,Cant Lose Them
C10508,130,5,563.9599999999999,2,3,3,233,Needs Attention
C10509,270,3,855.1500000000001,1,1,3,113,Cant Lose Them
C10510,133,5,394.84,2,3,2,232,Needs Attention
C10511,217,3,2208.31,2,1,4,214,Cant Lose Them
C10512,306,2,7.17,1,1,1,111,Lost
C10513,224,5,609.8199999999999,2,3,3,233,Needs Attention
C10514,32,8,863.79,4,4,3,443,Champions
C10515,126,6,244.73,2,4,2,242,Needs Attention
C10516,175,5,1078.35,2,3,4,234,Needs Attention
C10517,165,6,325.51,2,4,2,242,Needs Attention
C10518,117,2,287.90999999999997,3,1,2,312,New/Promising
C10519,34,6,941.81,4,4,4,444,Champions
C10520,318,4,649.28,1,2,3,123,Cant Lose Them
C10521,475,6,1039.33,1,4,4,144,At Risk
C10522,45,5,1357.85,4,3,4,434,Champions
C10523,334,3,216.39000000000001,1,1,2,112,Lost
C10524,317,4,193.32999999999998,1,2,2,122,Lost
C10525,49,5,334.9,4,3,2,432,Loyal Customers
C10526,61,8,448.26,3,4,2,342,Loyal Customers
C10527,6,7,308.58,4,4,2,442,Loyal Customers
C10528,260,5,325.28000000000003,1,3,2,132,Others
C10529,10,6,158.8,4,4,1,441,Loyal Customers
C10530,368,6,731.1,1,4,3,143,At Risk
C10531,166,4,684.93,2,2,3,223,Cant Lose Them
C10532,181,3,216.48,2,1,2,212,Lost
C10533,19,2,488.2,4,1,3,413,New/Promising
C10534,72,3,764.51,3,1,3,313,New/Promising
C10535,230,6,313.89,2,4,2,242,Needs Attention
C10536,43,5,334.54,4,3,2,432,Loyal Customers
C10537,245,3,398.15999999999997,1,1,2,112,Lost
C10538,665,1,58.59,1,1,1,111,Lost
C10539,13,5,277.78,4,3,2,432,Loyal Customers
C10540,23,5,1490.3,4,3,4,434,Champions
C10541,203,4,3211.27,2,2,4,224,Cant Lose Them
C10542,292,3,129.32,1,1,1,111,Lost
C10543,9,2,128.49,4,1,1,411,New/Promising
C10544,212,6,1174.8899999999999,2,4,4,244,Needs Attention
C10545,11,10,6238.820000000001,4,4,4,444,Champions
C10546,124,4,1226.27,2,2,4,224,Cant Lose Them
C10547,22,2,260.21999999999997,4,1,2,412,New/Promising
C10548,411,3,224.0,1,1,2,112,Lost
C10549,37,4,652.37,4,2,3,423,Loyal Customers
C10550,174,1,21.92,2,1,1,211,Lost
C10551,205,4,584.32,2,2,3,223,Cant Lose Them
C10552,66,6,473.53,3,4,3,343,Champions
C10553,184,4,538.89,2,2,3,223,Cant Lose Them
C10554,176,4,132.82999999999998,2,2,1,221,Lost
C10555,116,6,434.19,3,4,2,342,Loyal Customers
C10556,98,6,872.97,3,4,3,343,Champions
C10557,295,5,1453.2,1,3,4,134,At Risk
C10558,63,2,464.55,3,1,3,313,New/Promising
C10559,66,8,370.34,3,4,2,342,Loyal Customers
C10560,50,6,1487.37,4,4,4,444,Champions
C10561,148,8,3758.5699999999997,2,4,4,244,Needs Attention
C10562,87,5,754.25,3,3,3,333,Champions
C10563,111,2,226.53,3,1,2,312,New/Promising
C10564,96,4,388.88,3,2,2,322,Loyal Customers
C10565,181,4,235.85999999999999,2,2,2,222,Lost
C10566,255,5,1001.84,1,3,4,134,At Risk
C10567,13,5,1511.51,4,3,4,434,Champions
C10568,265,3,171.14000000000001,1,1,1,111,Lost
C10569,108,6,1307.18,3,4,4,344,Champions
C10570,196,5,591.39,2,3,3,233,Needs Attention
C10571,116,5,294.04,3,3,2,332,Loyal Customers
C10572,41,5,175.35999999999999,4,3,1,431,Loyal Customers
C10573,490,1,112.12,1,1,1,111,Lost
C10574,10,9,2509.57,4,4,4,444,Champions
C10575,224,5,1079.68,2,3,4,234,Needs Attention
C10576,414,2,83.05,1,1,1,111,Lost
C10577,238,2,53.790000000000006,1,1,1,111,Lost
C10578,58,4,72.84,3,2,1,321,Loyal Customers
C10579,12,3,536.26,4,1,3,413,New/Promising
C10580,112,7,324.7,3,4,2,342,Loyal Customers
C10581,252,5,996.93,1,3,4,134,At Risk
C10582,48,5,247.54999999999998,4,3,2,432,Loyal Customers
C10583,23,7,1826.3100000000002,4,4,4,444,Champions
C10584,128,4,400.77000000000004,2,2,2,222,Lost
C10585,636,2,176.39,1,1,1,111,Lost
C10586,618,2,56.690000000000005,1,1,1,111,Lost
C10587,462,2,2031.6399999999999,1,1,4,114,Cant Lose Them
C10588,71,5,1113.18,3,3,4,334,Champions
C10589,28,6,1986.99,4,4,4,444,Champions
C10590,168,3,167.59,2,1,1,211,Lost
C10591,48,6,547.27,4,4,3,443,Champions
C10592,25,4,2721.12,4,2,4,424,Loyal Customers
C10593,128,7,204.96,2,4,2,242,Needs Attention
C10594,193,4,631.44,2,2,3,223,Cant Lose Them
C10595,88,8,644.08,3,4,3,343,Champions
C10596,272,6,425.59000000000003,1,4,2,142,Others
C10597,26,9,2327.18,4,4,4,444,Champions
C10598,30,5,427.15000000000003,4,3,2,432,Loyal Customers
C10599,153,6,1450.17,2,4,4,244,Needs Attention
C10600,70,6,916.38,3,4,4,344,Champions
C10601,19,1,314.69,4,1,2,412,New/Promising
C10602,111,5,378.34,3,3,2,332,Loyal Customers
C10603,321,3,313.96000000000004,1,1,2,112,Lost
C10604,133,5,1714.79,2,3,4,234,Needs Attention
C10605,132,5,812.36,2,3,3,233,Needs Attention
C10606,340,4,1021.36,1,2,4,124,Cant Lose Them
C10607,224,3,255.53,2,1,2,212,Lost
C10608,5,4,310.19,4,2,2,422,Loyal Customers
C10609,8,4,4276.01,4,2,4,424,Loyal Customers
C10610,29,6,2899.66,4,4,4,444,Champions
C10611,140,3,798.45,2,1,3,213,Cant Lose Them
C10612,214,4,964.39,2,2,4,224,Cant Lose Them
C10613,28,5,862.36,4,3,3,433,Champions
C10614,8,7,782.5,4,4,3,443,Champions
C10615,138,7,1407.8,2,4,4,244,Needs Attention
C10616,58,7,1838.99,3,4,4,344,Champions
C10617,80,3,603.94,3,1,3,313,New/Promising
C10618,396,3,2381.3900000000003,1,1,4,114,Cant Lose Them
C10619,100,6,1055.6000000000001,3,4,4,344,Champions
C10620,33,5,569.91,4,3,3,433,Champions
C10621,256,2,115.29,1,1,1,111,Lost
C10622,310,4,520.64,1,2,3,123,Cant Lose Them
C10623,22,3,579.51,4,1,3,413,New/Promising
C10624,12,1,43.87,4,1,1,411,New/Promising
C10625,36,5,481.15999999999997,4,3,3,433,Champions
C10626,241,2,18.22,1,1,1,111,Lost
C10627,5,2,122.03999999999999,4,1,1,411,New/Promising
C10628,25,4,923.87,4,2,4,424,Loyal Customers
C10629,630,2,322.85,1,1,2,112,Lost
C10630,265,3,429.90000000000003,1,1,2,112,Lost
C10631,225,4,646.74,2,2,3,223,Cant Lose Them
C10632,42,4,362.77000000000004,4,2,2,422,Loyal Customers
C10633,59,3,67.47,3,1,1,311,New/Promising
C10634,221,6,425.08,2,4,2,242,Needs Attention
C10635,78,3,277.34,3,1,2,312,New/Promising
C10636,17,4,375.12,4,2,2,422,Loyal Customers
C10637,38,4,201.09,4,2,2,422,Loyal Customers
C10638,253,3,195.73000000000002,1,1,2,112,Lost
C10639,108,6,773.19,3,4,3,343,Champions
C10640,332,1,110.96,1,1,1,111,Lost
C10641,494,2,316.67999999999995,1,1,2,112,Lost
C10642,8,4,1520.04,4,2,4,424,Loyal Customers
C10643,501,3,1526.74,1,1,4,114,Cant Lose Them
C10644,116,3,227.63,3,1,2,312,New/Promising
C10645,63,6,3048.41,3,4,4,344,Champions
C10646,166,3,128.85,2,1,1,211,Lost
C10647,393,3,344.18,1,1,2,112,Lost
C10648,7,3,133.4,4,1,1,411,New/Promising
C10649,50,4,494.94,4,2,3,423,Loyal Customers
C10650,374,2,62.68,1,1,1,111,Lost
C10651,395,3,349.90000000000003,1,1,2,112,Lost
C10652,332,2,32.69,1,1,1,111,Lost
C10653,641,1,437.04,1,1,2,112,Lost
C10654,157,4,560.87,2,2,3,223,Cant Lose Them
C10655,4,3,427.74,4,1,2,412,New/Promising
C10656,159,5,405.2,2,3,2,232,Needs Attention
C10657,98,3,164.18,3,1,1,311,New/Promising
C10658,53,7,1468.3999999999999,3,4,4,344,Champions
C10659,112,7,881.87,3,4,3,343,Champions
C10660,102,6,472.75,3,4,3,343,Champions
C10661,97,8,559.52,3,4,3,343,Champions
C10662,138,5,757.9,2,3,3,233,Needs Attention
C10663,357,6,339.01,1,4,2,142,Others
C10664,24,1,46.39,4,1,1,411,New/Promising
C10665,433,4,1571.47,1,2,4,124,Cant Lose Them
C10666,137,5,775.5,2,3,3,233,Needs Attention
C10667,23,6,1075.33,4,4,4,444,Champions
C10668,228,2,678.04,2,1,3,213,Cant Lose Them
C10669,222,6,1385.41,2,4,4,244,Needs Attention
C10670,23,2,9.64,4,1,1,411,New/Promising
C10671,97,7,784.0699999999999,3,4,3,343,Champions
C10672,385,5,264.28,1,3,2,132,Others
C10673,115,3,95.22,3,1,1,311,New/Promising
C10674,184,2,34.8,2,1,1,211,Lost
C10675,174,4,176.67999999999998,2,2,1,221,Lost
C10676,364,1,131.04,1,1,1,111,Lost
C10677,249,3,110.94,1,1,1,111,Lost
C10678,51,4,52.76,3,2,1,321,Loyal Customers
C10679,146,6,182.89000000000001,2,4,1,241,Needs Attention
C10680,23,6,360.36,4,4,2,442,Loyal Customers
C10681,59,2,49.12,3,1,1,311,New/Promising
C10682,83,3,1024.78,3,1,4,314,New/Promising
C10683,179,3,565.37,2,1,3,213,Cant Lose Them
C10684,207,4,420.02000000000004,2,2,2,222,Lost
C10685,261,4,109.35,1,2,1,121,Lost
C10686,54,4,1547.6100000000001,3,2,4,324,Loyal Customers
C10687,57,8,725.62,3,4,3,343,Champions
C10688,152,4,314.0,2,2,2,222,Lost
C10689,73,6,195.08,3,4,2,342,Loyal Customers
C10690,3,4,1196.56,4,2,4,424,Loyal Customers
C10691,177,3,869.9,2,1,3,213,Cant Lose Them
C10692,103,3,157.54,3,1,1,311,New/Promising
C10693,7,6,1411.81,4,4,4,444,Champions
C10694,435,1,157.95,1,1,1,111,Lost
C10695,148,2,293.46,2,1,2,212,Lost
C10696,288,2,71.84,1,1,1,111,Lost
C10697,137,1,246.07,2,1,2,212,Lost
C10698,68,5,1229.62,3,3,4,334,Champions
C10699,229,3,85.25,2,1,1,211,Lost
C10700,574,3,1092.68,1,1,4,114,Cant Lose Them
C10701,248,4,463.75,1,2,3,123,Cant Lose Them
C10702,249,3,853.5699999999999,1,1,3,113,Cant Lose Them
C10703,28,9,346.05,4,4,2,442,Loyal Customers
C10704,280,5,2532.76,1,3,4,134,At Risk
C10705,593,2,391.67,1,1,2,112,Lost
C10706,159,2,126.08,2,1,1,211,Lost
C10707,89,5,953.63,3,3,4,334,Champions
C10708,140,1,313.9,2,1,2,212,Lost
C10709,2,5,504.73,4,3,3,433,Champions
C10710,482,2,85.59,1,1,1,111,Lost
C10711,87,5,170.78,3,3,1,331,Loyal Customers
C10712,337,5,486.26,1,3,3,133,At Risk
C10713,254,6,357.41,1,4,2,142,Others
C10714,191,6,697.16,2,4,3,243,Needs Attention
C10715,11,3,740.59,4,1,3,413,New/Promising
C10716,229,6,854.17,2,4,3,243,Needs Attention
C10717,3,5,685.27,4,3,3,433,Champions
C10718,215,1,53.3,2,1,1,211,Lost
C10719,22,6,962.02,4,4,4,444,Champions
C10720,640,2,290.78999999999996,1,1,2,112,Lost
C10721,25,5,2629.67,4,3,4,434,Champions
C10722,10,7,2313.61,4,4,4,444,Champions
C10723,31,7,896.44,4,4,3,443,Champions
C10724,118,3,403.61,3,1,2,312,New/Promising
C10725,308,3,229.13000000000002,1,1,2,112,Lost
C10726,129,6,486.3,2,4,3,243,Needs Attention
C10727,446,4,756.0400000000001,1,2,3,123,Cant Lose Them
C10728,76,3,2090.55,3,1,4,314,New/Promising
C10729,84,4,1666.34,3,2,4,324,Loyal Customers
C10730,252,3,46.11,1,1,1,111,Lost
C10731,89,5,488.78000000000003,3,3,3,333,Champions
C10732,131,6,607.78,2,4,3,243,Needs Attention
C10734,336,3,757.7900000000001,1,1,3,113,Cant Lose Them
C10735,463,1,164.79,1,1,1,111,Lost
C10736,645,1,335.12,1,1,2,112,Lost
C10737,419,3,657.65,1,1,3,113,Cant Lose Them
C10738,57,2,564.9000000000001,3,1,3,313,New/Promising
C10739,161,3,293.72,2,1,2,212,Lost
C10740,128,5,1499.6699999999998,2,3,4,234,Needs Attention
C10741,254,3,187.36,1,1,1,111,Lost
C10742,325,2,416.48,1,1,2,112,Lost
C10743,124,5,1120.82,2,3,4,234,Needs Attention
C10744,11,3,2086.85,4,1,4,414,New/Promising
C10745,144,4,186.17,2,2,1,221,Lost
C10746,2,6,498.11,4,4,3,443,Champions
C10747,185,3,935.58,2,1,4,214,Cant Lose Them
C10748,24,2,71.85,4,1,1,411,New/Promising
C10749,87,5,444.09999999999997,3,3,2,332,Loyal Customers
C10750,99,2,644.24,3,1,3,313,New/Promising
C10751,66,2,364.44,3,1,2,312,New/Promising
C10752,81,1,194.03,3,1,2,312,New/Promising
C10753,158,8,612.35,2,4,3,243,Needs Attention
C10754,261,6,3272.16,1,4,4,144,At Risk
C10755,81,4,381.78000000000003,3,2,2,322,Loyal Customers
C10756,203,4,1558.42,2,2,4,224,Cant Lose Them
C10757,85,8,1424.76,3,4,4,344,Champions
C10758,34,2,449.63,4,1,2,412,New/Promising
C10759,83,6,2256.31,3,4,4,344,Champions
C10760,146,4,677.24,2,2,3,223,Cant Lose Them
C10761,65,7,317.96000000000004,3,4,2,342,Loyal Customers
C10762,85,5,392.92,3,3,2,332,Loyal Customers
C10763,27,5,703.66,4,3,3,433,Champions
C10764,109,4,766.5,3,2,3,323,Loyal Customers
C10765,392,1,32.51,1,1,1,111,Lost
C10766,75,4,490.63,3,2,3,323,Loyal Customers
C10767,10,5,1295.22,4,3,4,434,Champions
C10768,28,4,482.51,4,2,3,423,Loyal Customers
C10769,14,8,1026.89,4,4,4,444,Champions
C10770,146,6,729.67,2,4,3,243,Needs Attention
C10771,143,3,520.3000000000001,2,1,3,213,Cant Lose Them
C10772,22,5,261.94,4,3,2,432,Loyal Customers
C10773,136,2,30.5,2,1,1,211,Lost
C10774,284,5,775.01,1,3,3,133,At Risk
C10775,82,7,975.63,3,4,4,344,Champions
C10776,191,2,154.38,2,1,1,211,Lost
C10777,7,2,104.49000000000001,4,1,1,411,New/Promising
C10778,179,4,360.11,2,2,2,222,Lost
C10779,354,1,26.14,1,1,1,111,Lost
C10780,394,3,451.5,1,1,3,113,Cant Lose Them
C10781,83,5,1737.47,3,3,4,334,Champions
C10782,4,5,1484.52,4,3,4,434,Champions
C10783,321,4,1282.59,1,2,4,124,Cant Lose Them
C10784,37,6,3576.1,4,4,4,444,Champions
C10785,232,4,2563.2599999999998,2,2,4,224,Cant Lose Them
C10786,221,4,187.54999999999998,2,2,1,221,Lost
C10787,504,4,642.74,1,2,3,123,Cant Lose Them
C10788,190,3,321.63,2,1,2,212,Lost
C10789,56,4,1947.1899999999998,3,2,4,324,Loyal Customers
C10790,161,1,20.71,2,1,1,211,Lost
C10791,58,7,2735.79,3,4,4,344,Champions
C10792,71,6,915.97,3,4,4,344,Champions
C10793,69,5,867.33,3,3,3,333,Champions
C10794,150,4,1311.26,2,2,4,224,Cant Lose Them
C10795,333,3,1830.2400000000002,1,1,4,114,Cant Lose Them
C10796,88,7,2365.45,3,4,4,344,Champions
C10797,29,8,800.6,4,4,3,443,Champions
C10798,36,6,754.5,4,4,3,443,Champions
C10799,492,3,155.19,1,1,1,111,Lost
C10800,302,4,732.09,1,2,3,123,Cant Lose Them
C10801,20,1,161.78,4,1,1,411,New/Promising
C10802,162,4,414.96999999999997,2,2,2,222,Lost
C10803,59,6,1358.9399999999998,3,4,4,344,Champions
C10804,23,7,680.29,4,4,3,443,Champions
C10805,190,5,188.53,2,3,1,231,Needs Attention
C10806,49,8,1224.57,4,4,4,444,Champions
C10807,224,2,54.83,2,1,1,211,Lost
C10808,207,2,140.10999999999999,2,1,1,211,Lost
C10809,40,4,512.89,4,2,3,423,Loyal Customers
C10810,119,3,63.199999999999996,3,1,1,311,New/Promising
C10811,2,1,142.38,4,1,1,411,New/Promising
C10812,409,2,1518.6499999999999,1,1,4,114,Cant Lose Them
C10813,227,7,913.49,2,4,4,244,Needs Attention
C10814,494,4,50.96,1,2,1,121,Lost
C10815,7,8,674.64,4,4,3,443,Champions
C10816,91,3,497.64,3,1,3,313,New/Promising
C10817,186,3,155.39000000000001,2,1,1,211,Lost
C10818,1,4,841.48,4,2,3,423,Loyal Customers
C10819,30,5,891.84,4,3,3,433,Champions
C10820,164,3,156.64,2,1,1,211,Lost
C10821,326,4,441.13,1,2,2,122,Lost
C10822,310,4,942.32,1,2,4,124,Cant Lose Them
C10823,87,3,589.34,3,1,3,313,New/Promising
C10824,515,4,105.18,1,2,1,121,Lost
C10825,16,9,1113.1399999999999,4,4,4,444,Champions
C10826,16,6,539.15,4,4,3,443,Champions
C10827,149,6,599.14,2,4,3,243,Needs Attention
C10828,330,1,12.71,1,1,1,111,Lost
C10829,216,3,1316.5,2,1,4,214,Cant Lose Them
C10830,47,4,159.71,4,2,1,421,Loyal Customers
C10831,171,5,899.31,2,3,3,233,Needs Attention
C10832,15,6,1385.97,4,4,4,444,Champions
C10833,313,3,1798.23,1,1,4,114,Cant Lose Them
C10834,38,5,482.85,4,3,3,433,Champions
C10835,315,4,854.23,1,2,3,123,Cant Lose Them
C10836,9,5,243.81,4,3,2,432,Loyal Customers
C10837,134,4,842.89,2,2,3,223,Cant Lose Them
C10838,31,5,668.79,4,3,3,433,Champions
C10839,484,3,1014.13,1,1,4,114,Cant Lose Them
C10840,144,5,554.3100000000001,2,3,3,233,Needs Attention
C10841,195,3,1535.26,2,1,4,214,Cant Lose Them
C10842,30,5,680.6899999999999,4,3,3,433,Champions
C10843,70,3,324.13,3,1,2,312,New/Promising
C10844,26,4,222.19,4,2,2,422,Loyal Customers
C10845,275,7,797.21,1,4,3,143,At Risk
C10846,337,2,130.73000000000002,1,1,1,111,Lost
C10847,248,5,411.01000000000005,1,3,2,132,Others
C10848,63,4,309.96000000000004,3,2,2,322,Loyal Customers
C10849,5,6,572.87,4,4,3,443,Champions
C10850,145,3,885.47,2,1,3,213,Cant Lose Them
C10851,1,4,1417.57,4,2,4,424,Loyal Customers
C10852,436,1,465.43,1,1,3,113,Cant Lose Them
C10853,373,2,91.65,1,1,1,111,Lost
C10854,9,4,395.59000000000003,4,2,2,422,Loyal Customers
C10855,104,7,798.14,3,4,3,343,Champions
C10856,714,1,189.0,1,1,1,111,Lost
C10857,29,4,1077.1599999999999,4,2,4,424,Loyal Customers
C10858,48,4,370.23999999999995,4,2,2,422,Loyal Customers
C10859,51,1,133.76,3,1,1,311,New/Promising
C10860,1,3,190.45000000000002,4,1,2,412,New/Promising
C10861,28,5,1074.61,4,3,4,434,Champions
C10862,55,3,66.41,3,1,1,311,New/Promising
C10863,42,6,616.71,4,4,3,443,Champions
C10864,118,4,104.36,3,2,1,321,Loyal Customers
C10865,322,4,606.72,1,2,3,123,Cant Lose Them
C10866,316,1,81.48,1,1,1,111,Lost
C10867,102,6,289.47,3,4,2,342,Loyal Customers
C10868,15,4,252.27,4,2,2,422,Loyal Customers
C10869,166,6,513.94,2,4,3,243,Needs Attention
C10870,8,8,662.45,4,4,3,443,Champions
C10871,151,5,179.04,2,3,1,231,Needs Attention
C10872,334,2,38.36,1,1,1,111,Lost
C10873,19,5,209.34,4,3,2,432,Loyal Customers
C10874,302,3,1598.09,1,1,4,114,Cant Lose Them
C10875,135,4,1262.16,2,2,4,224,Cant Lose Them
C10876,16,3,127.89999999999999,4,1,1,411,New/Promising
C10877,175,7,498.39,2,4,3,243,Needs Attention
C10878,27,2,40.49,4,1,1,411,New/Promising
C10879,149,2,54.83,2,1,1,211,Lost
C10880,142,1,9.17,2,1,1,211,Lost
C10881,71,4,969.5899999999999,3,2,4,324,Loyal Customers
C10882,4,6,1989.1299999999999,4,4,4,444,Champions
C10883,8,3,64.24000000000001,4,1,1,411,New/Promising
C10884,34,3,88.83,4,1,1,411,New/Promising
C10885,129,7,546.55,2,4,3,243,Needs Attention
C10886,20,8,1603.23,4,4,4,444,Champions
C10887,214,4,706.72,2,2,3,223,Cant Lose Them
C10888,137,7,696.61,2,4,3,243,Needs Attention
C10889,70,7,920.03,3,4,4,344,Champions
C10890,31,4,438.68,4,2,2,422,Loyal Customers
C10891,50,6,1040.26,4,4,4,444,Champions
C10892,3,4,1629.09,4,2,4,424,Loyal Customers
C10893,208,1,11.94,2,1,1,211,Lost
C10894,127,4,901.0699999999999,2,2,3,223,Cant Lose Them
C10895,35,5,169.8,4,3,1,431,Loyal Customers
C10896,164,3,140.89,2,1,1,211,Lost
C10897,14,7,340.08,4,4,2,442,Loyal Customers
C10898,406,2,67.4,1,1,1,111,Lost
C10899,74,4,348.25,3,2,2,322,Loyal Customers
C10900,50,4,927.0799999999999,4,2,4,424,Loyal Customers
C10901,477,3,280.78000000000003,1,1,2,112,Lost
C10902,138,4,156.11,2,2,1,221,Lost
C10903,125,5,1992.21,2,3,4,234,Needs Attention
C10904,39,4,594.8199999999999,4,2,3,423,Loyal Customers
C10905,377,2,142.61,1,1,1,111,Lost
C10906,50,6,361.59999999999997,4,4,2,442,Loyal Customers
C10907,503,2,143.07,1,1,1,111,Lost
C10908,45,2,241.28,4,1,2,412,New/Promising
C10909,46,6,1299.21,4,4,4,444,Champions
C10910,271,5,854.74,1,3,3,133,At Risk
C10911,296,2,470.69000000000005,1,1,3,113,Cant Lose Them
C10912,10,5,567.73,4,3,3,433,Champions
C10913,96,5,115.51,3,3,1,331,Loyal Customers
C10914,30,5,399.84999999999997,4,3,2,432,Loyal Customers
C10915,28,5,404.45,4,3,2,432,Loyal Customers
C10916,82,7,333.61,3,4,2,342,Loyal Customers
C10917,130,6,558.64,2,4,3,243,Needs Attention
C10918,29,6,786.19,4,4,3,443,Champions
C10919,95,6,2922.28,3,4,4,344,Champions
C10920,8,6,1069.24,4,4,4,444,Champions
C10921,8,2,47.95,4,1,1,411,New/Promising
C10922,364,9,950.16,1,4,4,144,At Risk
C10923,69,5,1620.82,3,3,4,334,Champions
C10924,222,7,1425.6699999999998,2,4,4,244,Needs Attention
C10925,145,4,154.19,2,2,1,221,Lost
C10926,156,5,774.14,2,3,3,233,Needs Attention
C10927,259,1,45.66,1,1,1,111,Lost
C10928,92,3,383.71,3,1,2,312,New/Promising
C10929,37,8,1549.79,4,4,4,444,Champions
C10930,9,4,261.43,4,2,2,422,Loyal Customers
C10931,294,3,56.87,1,1,1,111,Lost
C10932,86,2,70.71,3,1,1,311,New/Promising
C10933,325,3,238.14,1,1,2,112,Lost
C10934,18,3,111.97,4,1,1,411,New/Promising
C10935,59,7,851.46,3,4,3,343,Champions
C10936,486,1,23.74,1,1,1,111,Lost
C10937,66,2,139.27,3,1,1,311,New/Promising
C10938,43,6,839.73,4,4,3,443,Champions
C10939,88,5,335.37,3,3,2,332,Loyal Customers
C10940,565,1,5.43,1,1,1,111,Lost
C10941,2,8,444.8,4,4,2,442,Loyal Customers
C10942,407,5,1326.53,1,3,4,134,At Risk
C10943,230,6,621.8199999999999,2,4,3,243,Needs Attention
C10944,146,7,926.51,2,4,4,244,Needs Attention
C10945,139,5,723.81,2,3,3,233,Needs Attention
C10946,11,6,1693.77,4,4,4,444,Champions
C10947,10,10,1475.52,4,4,4,444,Champions
C10948,11,10,1589.75,4,4,4,444,Champions
C10949,67,10,1423.24,3,4,4,344,Champions
C10950,337,4,754.23,1,2,3,123,Cant Lose Them
C10951,78,5,2123.79,3,3,4,334,Champions
C10952,282,3,81.72,1,1,1,111,Lost
C10953,214,4,480.7,2,2,3,223,Cant Lose Them
C10954,28,10,6161.11,4,4,4,444,Champions
C10955,329,3,643.1700000000001,1,1,3,113,Cant Lose Them
C10956,176,9,1085.23,2,4,4,244,Needs Attention
C10957,570,1,28.92,1,1,1,111,Lost
C10958,269,3,421.42999999999995,1,1,2,112,Lost
C10959,238,3,192.98999999999998,1,1,2,112,Lost
C10960,450,1,12.43,1,1,1,111,Lost
C10961,143,3,85.72,2,1,1,211,Lost
C10962,2,3,134.04999999999998,4,1,1,411,New/Promising
C10963,161,3,342.20000000000005,2,1,2,212,Lost
C10964,4,4,111.71000000000001,4,2,1,421,Loyal Customers
C10965,262,6,1123.75,1,4,4,144,At Risk
C10966,58,5,707.94,3,3,3,333,Champions
C10967,511,1,57.62,1,1,1,111,Lost
C10968,197,9,867.81,2,4,3,243,Needs Attention
C10969,257,4,344.27,1,2,2,122,Lost
C10970,643,1,26.81,1,1,1,111,Lost
C10971,196,1,514.26,2,1,3,213,Cant Lose Them
C10972,96,7,710.31,3,4,3,343,Champions
C10973,7,5,1301.08,4,3,4,434,Champions
C10974,124,7,2011.25,2,4,4,244,Needs Attention
C10975,330,10,7209.12,1,4,4,144,At Risk
C10976,62,7,4152.99,3,4,4,344,Champions
C10977,253,2,761.56,1,1,3,113,Cant Lose Them
C10978,410,3,397.49,1,1,2,112,Lost
C10979,90,3,136.19,3,1,1,311,New/Promising
C10980,185,2,165.04000000000002,2,1,1,211,Lost
C10981,15,5,729.64,4,3,3,433,Champions
C10982,39,4,788.7700000000001,4,2,3,423,Loyal Customers
C10983,91,4,1952.3,3,2,4,324,Loyal Customers
C10984,64,6,326.48,3,4,2,342,Loyal Customers
C10985,20,4,312.94,4,2,2,422,Loyal Customers
C10986,33,4,651.3499999999999,4,2,3,423,Loyal Customers
C10987,26,10,2871.7799999999997,4,4,4,444,Champions
C10988,118,6,1603.44,3,4,4,344,Champions
C10989,304,3,1070.08,1,1,4,114,Cant Lose Them
C10990,288,9,1367.71,1,4,4,144,At Risk
C10991,46,5,1368.16,4,3,4,434,Champions
C10992,201,9,1085.45,2,4,4,244,Needs Attention
C10994,10,4,176.14000000000001,4,2,1,421,Loyal Customers
C10995,82,3,509.08000000000004,3,1,3,313,New/Promising
C10996,167,1,87.32,2,1,1,211,Lost
C10997,3,3,133.13,4,1,1,411,New/Promising
C10998,43,7,857.3000000000001,4,4,3,443,Champions
C10999,81,6,353.87,3,4,2,342,Loyal Customers
C11000,36,1,69.36,4,1,1,411,New/Promising
C11001,57,3,149.69,3,1,1,311,New/Promising
C11002,696,2,434.86,1,1,2,112,Lost
C11003,145,4,406.47,2,2,2,222,Lost
C11004,39,7,498.05,4,4,3,443,Champions
C11005,329,3,374.35,1,1,2,112,Lost
C11006,398,2,38.56,1,1,1,111,Lost
C11007,42,3,268.43,4,1,2,412,New/Promising
C11008,155,5,461.67,2,3,3,233,Needs Attention
C11009,216,3,487.84,2,1,3,213,Cant Lose Them
C11010,168,2,81.53,2,1,1,211,Lost
C11011,197,4,142.94,2,2,1,221,Lost
C11012,191,5,104.8,2,3,1,231,Needs Attention
C11013,55,4,289.21,3,2,2,322,Loyal Customers
C11014,192,6,1466.25,2,4,4,244,Needs Attention
C11015,117,4,71.66,3,2,1,321,Loyal Customers
C11016,54,9,1290.68,3,4,4,344,Champions
C11017,57,4,328.66,3,2,2,322,Loyal Customers
C11018,111,4,1337.1,3,2,4,324,Loyal Customers
C11019,36,6,554.21,4,4,3,443,Champions
C11020,707,1,180.1,1,1,1,111,Lost
C11021,49,3,537.4000000000001,4,1,3,413,New/Promising
C11022,479,1,1170.77,1,1,4,114,Cant Lose Them
C11023,465,3,1242.88,1,1,4,114,Cant Lose Them
C11024,243,4,463.44,1,2,3,123,Cant Lose Them
C11025,36,6,852.0699999999999,4,4,3,443,Champions
C11026,192,3,1981.6100000000001,2,1,4,214,Cant Lose Them
C11027,20,2,24.91,4,1,1,411,New/Promising
C11028,160,4,540.3299999999999,2,2,3,223,Cant Lose Them
C11029,133,5,660.54,2,3,3,233,Needs Attention
C11030,65,3,64.99,3,1,1,311,New/Promising
C11031,51,6,513.16,3,4,3,343,Champions
C11032,5,4,1201.99,4,2,4,424,Loyal Customers
C11033,1,3,623.84,4,1,3,413,New/Promising
C11034,642,1,13.94,1,1,1,111,Lost
C11035,112,2,247.69,3,1,2,312,New/Promising
C11036,25,8,1049.38,4,4,4,444,Champions
C11037,5,9,1577.78,4,4,4,444,Champions
C11038,91,5,679.74,3,3,3,333,Champions
C11039,66,3,195.29,3,1,2,312,New/Promising
C11040,34,6,366.79,4,4,2,442,Loyal Customers
C11041,68,4,492.39,3,2,3,323,Loyal Customers
C11042,31,2,200.23,4,1,2,412,New/Promising
C11043,61,3,127.60000000000001,3,1,1,311,New/Promising
C11044,38,2,263.45,4,1,2,412,New/Promising
C11045,499,1,17.27,1,1,1,111,Lost
C11046,53,4,454.89,3,2,3,323,Loyal Customers
C11047,139,2,381.39,2,1,2,212,Lost
C11048,138,2,94.19,2,1,1,211,Lost
C11049,25,4,1449.84,4,2,4,424,Loyal Customers
C11050,6,4,811.33,4,2,3,423,Loyal Customers
C11051,32,4,114.44,4,2,1,421,Loyal Customers
C11052,273,3,178.61,1,1,1,111,Lost
C11053,323,2,780.09,1,1,3,113,Cant Lose Them
C11054,290,4,509.09,1,2,3,123,Cant Lose Them
C11055,455,3,284.74,1,1,2,112,Lost
C11057,204,3,205.54999999999998,2,1,2,212,Lost
C11058,26,6,3982.22,4,4,4,444,Champions
C11059,172,3,325.52,2,1,2,212,Lost
C11060,107,1,264.98,3,1,2,312,New/Promising
C11061,313,1,49.78,1,1,1,111,Lost
C11062,106,2,168.64999999999998,3,1,1,311,New/Promising
C11063,213,2,238.37,2,1,2,212,Lost
C11064,81,5,1423.6299999999999,3,3,4,334,Champions
C11065,219,4,740.85,2,2,3,223,Cant Lose Them
C11066,202,4,471.93,2,2,3,223,Cant Lose Them
C11067,232,7,1264.32,2,4,4,244,Needs Attention
C11068,333,3,61.53,1,1,1,111,Lost
C11069,43,6,1882.65,4,4,4,444,Champions
C11070,51,10,2102.06,3,4,4,344,Champions
C11071,285,2,211.24,1,1,2,112,Lost
C11072,121,3,778.7199999999999,3,1,3,313,New/Promising
C11073,213,6,1687.1200000000001,2,4,4,244,Needs Attention
C11074,218,7,1450.4799999999998,2,4,4,244,Needs Attention
C11075,32,8,1095.38,4,4,4,444,Champions
C11076,13,5,242.01999999999998,4,3,2,432,Loyal Customers
C11077,138,6,513.12,2,4,3,243,Needs Attention
C11078,327,2,135.95,1,1,1,111,Lost
C11079,77,5,326.78,3,3,2,332,Loyal Customers
C11080,25,4,414.02,4,2,2,422,Loyal Customers
C11081,240,5,3536.6,1,3,4,134,At Risk
C11082,70,6,574.03,3,4,3,343,Champions
C11083,62,7,837.64,3,4,3,343,Champions
C11084,278,3,452.63,1,1,3,113,Cant Lose Them
C11085,83,5,295.88,3,3,2,332,Loyal Customers
C11086,175,2,27.29,2,1,1,211,Lost
C11088,193,8,1628.48,2,4,4,244,Needs Attention
C11089,81,5,1168.4,3,3,4,334,Champions
C11090,7,3,334.07,4,1,2,412,New/Promising
C11091,246,6,188.52,1,4,1,141,Others
C11092,68,1,113.58,3,1,1,311,New/Promising
C11093,99,5,2009.65,3,3,4,334,Champions
C11094,287,4,1190.37,1,2,4,124,Cant Lose Them
C11095,429,3,2182.45,1,1,4,114,Cant Lose Them
C11096,117,6,742.9200000000001,3,4,3,343,Champions
C11097,18,1,27.59,4,1,1,411,New/Promising
C11098,74,10,3086.3599999999997,3,4,4,344,Champions
C11099,298,4,72.08,1,2,1,121,Lost
C11100,42,9,1152.12,4,4,4,444,Champions
C11101,22,4,332.59000000000003,4,2,2,422,Loyal Customers
C11102,19,5,168.82,4,3,1,431,Loyal Customers
C11103,277,1,157.29,1,1,1,111,Lost
C11104,27,7,2597.4,4,4,4,444,Champions
C11105,129,7,1098.13,2,4,4,244,Needs Attention
C11106,219,2,225.16,2,1,2,212,Lost
C11107,426,2,1653.07,1,1,4,114,Cant Lose Them
C11108,246,1,272.9,1,1,2,112,Lost
C11109,249,4,111.49000000000001,1,2,1,121,Lost
C11110,31,4,664.16,4,2,3,423,Loyal Customers
C11111,103,2,132.85,3,1,1,311,New/Promising
C11112,385,6,654.74,1,4,3,143,At Risk
C11113,57,2,106.39999999999999,3,1,1,311,New/Promising
C11114,267,1,43.6,1,1,1,111,Lost
C11115,128,2,230.08,2,1,2,212,Lost
C11116,43,6,1137.01,4,4,4,444,Champions
C11117,287,4,242.65,1,2,2,122,Lost
C11118,200,4,142.43,2,2,1,221,Lost
C11119,229,3,846.17,2,1,3,213,Cant Lose Them
C11120,253,5,3084.41,1,3,4,134,At Risk
C11122,237,2,3823.18,2,1,4,214,Cant Lose Them
C11123,236,2,67.69999999999999,2,1,1,211,Lost
C11124,52,5,495.33000000000004,3,3,3,333,Champions
C11125,96,4,611.15,3,2,3,323,Loyal Customers
C11126,35,6,1517.93,4,4,4,444,Champions
C11127,67,4,652.29,3,2,3,323,Loyal Customers
C11128,102,3,603.46,3,1,3,313,New/Promising
C11129,118,9,1615.91,3,4,4,344,Champions
C11130,98,4,236.09,3,2,2,322,Loyal Customers
C11131,301,4,1326.03,1,2,4,124,Cant Lose Them
C11132,12,6,1381.34,4,4,4,444,Champions
C11133,154,3,232.27,2,1,2,212,Lost
C11134,43,6,2169.17,4,4,4,444,Champions
C11135,15,9,1697.59,4,4,4,444,Champions
C11136,73,4,276.87,3,2,2,322,Loyal Customers
C11137,361,4,1016.9599999999999,1,2,4,124,Cant Lose Them
C11138,124,6,237.88,2,4,2,242,Needs Attention
C11139,237,2,154.25,2,1,1,211,Lost
C11140,386,3,500.9,1,1,3,113,Cant Lose Them
C11141,64,7,596.64,3,4,3,343,Champions
C11142,558,1,100.58,1,1,1,111,Lost
C11143,149,5,594.3000000000001,2,3,3,233,Needs Attention
C11144,327,3,1240.51,1,1,4,114,Cant Lose Them
C11145,12,4,661.08,4,2,3,423,Loyal Customers
C11146,371,3,148.07999999999998,1,1,1,111,Lost
C11147,424,1,46.12,1,1,1,111,Lost
C11148,198,3,727.27,2,1,3,213,Cant Lose Them
C11149,27,4,989.3100000000001,4,2,4,424,Loyal Customers
C11150,140,4,1140.91,2,2,4,224,Cant Lose Them
C11151,207,7,2540.68,2,4,4,244,Needs Attention
C11152,270,4,307.81,1,2,2,122,Lost
C11153,488,2,301.67,1,1,2,112,Lost
C11154,65,5,1988.28,3,3,4,334,Champions
C11155,111,4,1764.4399999999998,3,2,4,324,Loyal Customers
C11156,152,6,580.74,2,4,3,243,Needs Attention
C11157,5,2,44.59,4,1,1,411,New/Promising
C11158,14,4,404.78,4,2,2,422,Loyal Customers
C11159,20,6,760.11,4,4,3,443,Champions
C11160,151,5,393.34,2,3,2,232,Needs Attention
C11161,106,8,691.5500000000001,3,4,3,343,Champions
C11162,348,2,8.74,1,1,1,111,Lost
C11163,67,2,326.88,3,1,2,312,New/Promising
C11164,126,7,1011.86,2,4,4,244,Needs Attention
C11165,26,3,171.94,4,1,1,411,New/Promising
C11166,420,2,115.37,1,1,1,111,Lost
C11167,9,5,1318.78,4,3,4,434,Champions
C11168,112,5,233.08,3,3,2,332,Loyal Customers
C11169,34,6,1198.63,4,4,4,444,Champions
C11170,16,2,84.14999999999999,4,1,1,411,New/Promising
C11171,312,2,52.89,1,1,1,111,Lost
C11172,294,4,46.46,1,2,1,121,Lost
C11173,500,2,19.9,1,1,1,111,Lost
C11174,11,3,222.35999999999999,4,1,2,412,New/Promising
C11175,144,1,11.08,2,1,1,211,Lost
C11176,24,7,721.9,4,4,3,443,Champions
C11177,51,5,1052.66,3,3,4,334,Champions
C11178,223,3,1056.57,2,1,4,214,Cant Lose Them
C11179,241,4,363.63,1,2,2,122,Lost
C11180,175,4,679.4200000000001,2,2,3,223,Cant Lose Them
C11181,245,7,601.17,1,4,3,143,At Risk
C11182,151,2,58.14,2,1,1,211,Lost
C11183,231,1,7.15,2,1,1,211,Lost
C11184,134,10,514.83,2,4,3,243,Needs Attention
C11185,249,5,821.55,1,3,3,133,At Risk
C11186,89,6,551.56,3,4,3,343,Champions
C11187,54,4,1578.1,3,2,4,324,Loyal Customers
C11188,34,2,38.669999999999995,4,1,1,411,New/Promising
C11189,169,3,1106.35,2,1,4,214,Cant Lose Them
C11190,8,2,50.14,4,1,1,411,New/Promising
C11191,90,6,571.71,3,4,3,343,Champions
C11192,363,2,69.13,1,1,1,111,Lost
C11193,22,3,460.08000000000004,4,1,3,413,New/Promising
C11194,110,3,386.67,3,1,2,312,New/Promising
C11195,247,5,560.03,1,3,3,133,At Risk
C11196,125,6,897.47,2,4,3,243,Needs Attention
C11197,223,3,294.53,2,1,2,212,Lost
C11198,277,5,441.57,1,3,2,132,Others
C11199,233,2,288.55,2,1,2,212,Lost
C11200,69,3,144.53,3,1,1,311,New/Promising
C11201,322,2,2008.12,1,1,4,114,Cant Lose Them
C11202,79,2,63.31,3,1,1,311,New/Promising
C11203,102,6,180.87,3,4,1,341,Loyal Customers
C11204,139,2,37.989999999999995,2,1,1,211,Lost
C11205,205,5,526.03,2,3,3,233,Needs Attention
C11206,227,3,81.99000000000001,2,1,1,211,Lost
C11207,18,6,282.71,4,4,2,442,Loyal Customers
C11208,129,4,642.03,2,2,3,223,Cant Lose Them
C11209,452,2,69.07,1,1,1,111,Lost
C11210,51,3,796.99,3,1,3,313,New/Promising
C11211,38,3,1360.67,4,1,4,414,New/Promising
C11212,25,4,401.74,4,2,2,422,Loyal Customers
C11213,279,3,253.58,1,1,2,112,Lost
C11214,201,3,467.92,2,1,3,213,Cant Lose Them
C11215,31,2,74.77,4,1,1,411,New/Promising
C11216,69,9,843.44,3,4,3,343,Champions
C11217,194,7,413.66,2,4,2,242,Needs Attention
C11218,38,6,451.81,4,4,3,443,Champions
C11219,529,1,11.85,1,1,1,111,Lost
C11220,103,6,149.53,3,4,1,341,Loyal Customers
C11221,114,3,645.83,3,1,3,313,New/Promising
C11222,27,5,528.47,4,3,3,433,Champions
C11223,93,2,9.91,3,1,1,311,New/Promising
C11224,1,4,828.71,4,2,3,423,Loyal Customers
C11225,12,7,2998.39,4,4,4,444,Champions
C11226,48,1,558.8,4,1,3,413,New/Promising
C11227,463,1,58.26,1,1,1,111,Lost
C11228,301,3,289.18,1,1,2,112,Lost
C11229,65,5,654.87,3,3,3,333,Champions
C11230,10,6,246.72,4,4,2,442,Loyal Customers
C11231,147,4,137.01999999999998,2,2,1,221,Lost
C11232,128,5,249.84,2,3,2,232,Needs Attention
C11233,31,3,157.10000000000002,4,1,1,411,New/Promising
C11234,15,3,209.58,4,1,2,412,New/Promising
C11235,42,4,159.29,4,2,1,421,Loyal Customers
C11236,58,5,1270.46,3,3,4,334,Champions
C11237,284,4,1135.8899999999999,1,2,4,124,Cant Lose Them
C11238,47,6,1174.9,4,4,4,444,Champions
C11239,70,4,1086.9,3,2,4,324,Loyal Customers
C11240,76,5,869.48,3,3,3,333,Champions
C11241,103,7,751.83,3,4,3,343,Champions
C11242,82,6,1243.44,3,4,4,344,Champions
C11243,57,7,1640.51,3,4,4,344,Champions
C11244,168,8,2380.68,2,4,4,244,Needs Attention
C11245,36,5,2166.91,4,3,4,434,Champions
C11246,240,3,290.41999999999996,1,1,2,112,Lost
C11247,149,3,50.11,2,1,1,211,Lost
C11248,233,4,521.83,2,2,3,223,Cant Lose Them
C11249,52,5,831.45,3,3,3,333,Champions
C11250,81,7,254.78,3,4,2,342,Loyal Customers
C11251,46,5,727.39,4,3,3,433,Champions
C11252,122,7,600.81,2,4,3,243,Needs Attention
C11253,77,3,391.17,3,1,2,312,New/Promising
C11254,288,2,1381.41,1,1,4,114,Cant Lose Them
C11255,277,3,41.09,1,1,1,111,Lost
C11256,25,7,1893.27,4,4,4,444,Champions
C11257,209,4,120.6,2,2,1,221,Lost
C11258,215,4,558.09,2,2,3,223,Cant Lose Them
C11259,132,4,153.9,2,2,1,221,Lost
C11260,282,3,30.990000000000002,1,1,1,111,Lost
C11262,82,5,978.72,3,3,4,334,Champions
C11263,9,4,371.78,4,2,2,422,Loyal Customers
C11264,82,4,360.58,3,2,2,322,Loyal Customers
C11265,49,6,2061.97,4,4,4,444,Champions
C11266,496,3,879.8000000000001,1,1,3,113,Cant Lose Them
C11267,383,3,32.22,1,1,1,111,Lost
C11268,370,6,203.46,1,4,2,142,Others
C11269,50,7,215.18,4,4,2,442,Loyal Customers
C11270,260,3,403.47,1,1,2,112,Lost
C11271,221,2,34.16,2,1,1,211,Lost
C11272,215,3,249.22,2,1,2,212,Lost
C11273,168,6,520.25,2,4,3,243,Needs Attention
C11274,7,5,1049.91,4,3,4,434,Champions
C11275,33,4,1555.19,4,2,4,424,Loyal Customers
C11276,320,4,321.65,1,2,2,122,Lost
C11277,215,1,123.79,2,1,1,211,Lost
C11278,173,6,695.18,2,4,3,243,Needs Attention
C11279,38,4,132.8,4,2,1,421,Loyal Customers
C11280,207,6,305.99,2,4,2,242,Needs Attention
C11281,136,3,294.18,2,2,2,222,Lost
C11282,79,2,172.42000000000002,3,1,1,311,New/Promising
C11283,12,8,383.65000000000003,4,4,2,442,Loyal Customers
C11284,67,6,1223.32,3,4,4,344,Champions
C11285,322,3,471.54999999999995,1,2,3,123,Cant Lose Them
C11286,87,3,129.22,3,2,1,321,Loyal Customers
C11287,195,4,253.38,2,2,2,222,Lost
C11288,19,2,506.73,4,1,3,413,New/Promising
C11289,32,5,2215.78,4,3,4,434,Champions
C11290,83,2,1850.42,3,1,4,314,New/Promising
C11291,265,5,342.57,1,3,2,132,Others
C11292,14,6,630.95,4,4,3,443,Champions
C11293,59,6,630.34,3,4,3,343,Champions
C11294,12,4,290.31,4,2,2,422,Loyal Customers
C11295,126,6,2345.5499999999997,2,4,4,244,Needs Attention
C11296,40,5,155.7,4,3,1,431,Loyal Customers
C11297,709,1,21.4,1,1,1,111,Lost
C11298,30,3,1442.78,4,2,4,424,Loyal Customers
C11299,168,7,871.95,2,4,3,243,Needs Attention
C11300,49,6,1349.43,4,4,4,444,Champions
C11301,30,9,2102.14,4,4,4,444,Champions
C11302,85,3,1486.58,3,2,4,324,Loyal Customers
C11303,249,3,913.66,1,2,4,124,Cant Lose Them
C11304,45,7,1005.17,4,4,4,444,Champions
C11305,128,6,571.86,2,4,3,243,Needs Attention
C11306,9,4,286.06,4,2,2,422,Loyal Customers
C11307,20,5,522.14,4,3,3,433,Champions
C11308,12,6,1154.52,4,4,4,444,Champions
C11309,27,4,1315.66,4,2,4,424,Loyal Customers
C11310,98,3,980.9,3,2,4,324,Loyal Customers
C11311,25,5,153.66,4,3,1,431,Loyal Customers
C11312,45,7,456.77,4,4,3,443,Champions
C11313,639,2,255.33999999999997,1,1,2,112,Lost
C11314,30,5,788.0,4,3,3,433,Champions
C11315,47,2,758.0300000000001,4,1,3,413,New/Promising
C11316,31,7,1438.22,4,4,4,444,Champions
C11317,163,3,416.73999999999995,2,2,2,222,Lost
C11318,184,4,182.6,2,2,1,221,Lost
C11319,62,2,685.14,3,1,3,313,New/Promising
C11320,320,3,860.2199999999999,1,2,3,123,Cant Lose Them
C11321,497,2,57.86,1,1,1,111,Lost
C11322,9,3,82.06,4,2,1,421,Loyal Customers
C11323,571,1,119.82,1,1,1,111,Lost
C11324,172,1,226.38,2,1,2,212,Lost
C11325,199,5,1035.95,2,3,4,234,Needs Attention
C11326,130,5,193.63,2,3,2,232,Needs Attention
C11327,66,5,397.04,3,3,2,332,Loyal Customers
C11328,130,1,15.16,2,1,1,211,Lost
C11329,7,5,287.63,4,3,2,432,Loyal Customers
C11330,94,3,82.23,3,2,1,321,Loyal Customers
C11331,245,5,1240.01,1,3,4,134,At Risk
C11332,84,7,739.75,3,4,3,343,Champions
C11333,327,4,659.59,1,2,3,123,Cant Lose Them
C11334,116,4,878.92,3,2,3,323,Loyal Customers
C11335,367,2,971.6199999999999,1,1,4,114,Cant Lose Them
C11336,209,3,575.38,2,2,3,223,Cant Lose Them
C11337,78,2,228.45,3,1,2,312,New/Promising
C11338,184,3,46.870000000000005,2,2,1,221,Lost
C11339,561,1,165.58,1,1,1,111,Lost
C11340,436,3,266.91,1,2,2,122,Lost
C11341,124,5,641.41,2,3,3,233,Needs Attention
C11342,50,2,479.72,4,1,3,413,New/Promising
C11343,573,2,31.240000000000002,1,1,1,111,Lost
C11344,413,3,1229.97,1,2,4,124,Cant Lose Them
C11345,20,8,930.3100000000001,4,4,4,444,Champions
C11347,262,1,57.2,1,1,1,111,Lost
C11348,17,5,854.25,4,3,3,433,Champions
C11349,445,2,15.89,1,1,1,111,Lost
C11350,625,2,186.26,1,1,1,111,Lost
C11351,308,3,520.67,1,2,3,123,Cant Lose Them
C11352,36,3,271.87,4,2,2,422,Loyal Customers
C11353,284,6,1227.73,1,4,4,144,At Risk
C11354,135,6,971.78,2,4,4,244,Needs Attention
C11355,138,4,648.5,2,2,3,223,Cant Lose Them
C11356,107,5,568.7099999999999,3,3,3,333,Champions
C11357,12,7,883.94,4,4,3,443,Champions
C11358,133,4,1056.1100000000001,2,2,4,224,Cant Lose Them
C11359,95,8,1378.67,3,4,4,344,Champions
C11360,16,8,614.56,4,4,3,443,Champions
C11361,17,6,1658.72,4,4,4,444,Champions
C11362,38,5,146.62,4,3,1,431,Loyal Customers
C11363,107,7,629.49,3,4,3,343,Champions
C11364,186,4,874.42,2,2,3,223,Cant Lose Them
C11365,85,7,5036.31,3,4,4,344,Champions
C11366,675,1,137.49,1,1,1,111,Lost
C11367,176,2,37.88,2,1,1,211,Lost
C11368,97,5,1119.55,3,3,4,334,Champions
C11369,56,5,851.91,3,3,3,333,Champions
C11370,37,4,3494.18,4,2,4,424,Loyal Customers
C11371,193,3,751.34,2,2,3,223,Cant Lose Them
C11372,675,1,46.85,1,1,1,111,Lost
C11373,165,1,109.53,2,1,1,211,Lost
C11374,49,4,1997.64,4,2,4,424,Loyal Customers
C11375,64,2,18.02,3,1,1,311,New/Promising
C11376,11,4,578.39,4,2,3,423,Loyal Customers
C11377,268,6,774.39,1,4,3,143,At Risk
C11378,15,5,1443.8400000000001,4,3,4,434,Champions
C11379,46,4,106.09,4,2,1,421,Loyal Customers
C11380,301,3,216.15,1,2,2,122,Lost
C11381,25,7,1429.75,4,4,4,444,Champions
C11382,62,5,2412.48,3,3,4,334,Champions
C11383,539,2,2645.43,1,1,4,114,Cant Lose Them
C11384,384,3,290.07,1,2,2,122,Lost
C11385,155,2,540.97,2,1,3,213,Cant Lose Them
C11386,292,4,542.32,1,2,3,123,Cant Lose Them
C11387,14,4,388.79,4,2,2,422,Loyal Customers
C11388,2,7,1621.35,4,4,4,444,Champions
C11389,99,8,1510.26,3,4,4,344,Champions
C11390,35,5,233.85,4,3,2,432,Loyal Customers
C11391,30,6,234.42,4,4,2,442,Loyal Customers
C11392,47,5,1927.22,4,3,4,434,Champions
C11393,520,1,98.28,1,1,1,111,Lost
C11394,57,8,2382.0099999999998,3,4,4,344,Champions
C11395,311,3,443.79,1,2,2,122,Lost
C11396,394,2,939.04,1,1,4,114,Cant Lose Them
C11397,88,6,244.75,3,4,2,342,Loyal Customers
C11398,184,2,718.95,2,1,3,213,Cant Lose Them
C11399,12,3,1775.66,4,2,4,424,Loyal Customers
C11400,196,4,448.22,2,2,2,222,Lost
C11401,75,5,595.8299999999999,3,3,3,333,Champions
C11402,221,2,1046.11,2,1,4,214,Cant Lose Them
C11403,52,7,2343.5099999999998,3,4,4,344,Champions
C11404,36,7,650.26,4,4,3,443,Champions
C11405,32,5,684.75,4,3,3,433,Champions
C11406,37,2,2356.4700000000003,4,1,4,414,New/Promising
C11407,45,3,171.29,4,2,1,421,Loyal Customers
C11408,133,5,381.34999999999997,2,3,2,232,Needs Attention
C11409,51,6,397.14,3,4,2,342,Loyal Customers
C11410,182,4,1343.99,2,2,4,224,Cant Lose Them
C11411,499,3,2582.88,1,2,4,124,Cant Lose Them
C11412,481,3,440.13,1,2,2,122,Lost
C11413,134,5,929.84,2,3,4,234,Needs Attention
C11414,554,1,162.06,1,1,1,111,Lost
C11415,283,3,2078.9900000000002,1,2,4,124,Cant Lose Them
C11416,103,7,1118.45,3,4,4,344,Champions
C11417,42,7,1079.56,4,4,4,444,Champions
C11418,130,3,448.85,2,2,2,222,Lost
C11419,93,4,645.16,3,2,3,323,Loyal Customers
C11420,87,5,911.27,3,3,4,334,Champions
C11421,29,7,1337.6899999999998,4,4,4,444,Champions
C11422,227,3,177.71,2,2,1,221,Lost
C11423,167,4,884.99,2,2,3,223,Cant Lose Them
C11424,401,3,282.49,1,2,2,122,Lost
C11425,134,7,549.32,2,4,3,243,Needs Attention
C11426,12,3,32.39,4,2,1,421,Loyal Customers
C11428,6,3,369.44,4,2,2,422,Loyal Customers
C11429,575,1,334.63,1,1,2,112,Lost
C11430,290,2,79.61,1,1,1,111,Lost
C11431,72,3,259.37,3,2,2,322,Loyal Customers
C11432,393,4,797.4,1,2,3,123,Cant Lose Them
C11434,103,1,15.27,3,1,1,311,New/Promising
C11435,184,2,91.46000000000001,2,1,1,211,Lost
C11436,214,7,724.5799999999999,2,4,3,243,Needs Attention
C11437,116,6,397.28000000000003,3,4,2,342,Loyal Customers
C11438,118,8,1326.74,3,4,4,344,Champions
C11439,34,8,817.35,4,4,3,443,Champions
C11440,52,9,2217.34,3,4,4,344,Champions
C11441,146,2,68.51,2,1,1,211,Lost
C11442,116,5,399.99,3,3,2,332,Loyal Customers
C11443,467,3,288.74,1,2,2,122,Lost
C11444,80,2,27.42,3,1,1,311,New/Promising
C11445,308,5,854.56,1,3,3,133,At Risk
C11446,52,9,1117.8,3,4,4,344,Champions
C11447,260,6,1383.25,1,4,4,144,At Risk
C11448,119,2,338.03,3,1,2,312,New/Promising
C11449,117,6,453.76,3,4,3,343,Champions
C11450,727,1,1861.68,1,1,4,114,Cant Lose Them
C11451,15,6,840.4399999999999,4,4,3,443,Champions
C11452,14,4,121.0,4,2,1,421,Loyal Customers
C11453,310,1,49.88,1,1,1,111,Lost
C11454,96,2,106.63000000000001,3,1,1,311,New/Promising
C11455,83,3,1012.25,3,2,4,324,Loyal Customers
C11456,65,1,5.78,3,1,1,311,New/Promising
C11457,77,2,32.12,3,1,1,311,New/Promising
C11458,66,5,1671.1499999999999,3,3,4,334,Champions
C11459,100,5,651.64,3,3,3,333,Champions
C11460,36,5,63.99,4,3,1,431,Loyal Customers
C11461,41,5,544.25,4,3,3,433,Champions
C11462,31,7,901.22,4,4,3,443,Champions
C11463,180,2,242.75,2,1,2,212,Lost
C11464,87,3,49.02,3,2,1,321,Loyal Customers
C11465,131,5,1101.43,2,3,4,234,Needs Attention
C11466,259,6,562.42,1,4,3,143,At Risk
C11467,628,2,89.94,1,1,1,111,Lost
C11468,148,5,177.14999999999998,2,3,1,231,Needs Attention
C11469,63,5,263.64,3,3,2,332,Loyal Customers
C11470,614,2,214.73000000000002,1,1,2,112,Lost
C11471,271,3,163.31,1,2,1,121,Lost
C11472,105,4,474.84000000000003,3,2,3,323,Loyal Customers
C11473,180,9,1534.31,2,4,4,244,Needs Attention
C11474,160,3,713.59,2,2,3,223,Cant Lose Them
C11475,196,2,671.88,2,1,3,213,Cant Lose Them
C11476,131,2,31.82,2,1,1,211,Lost
C11477,8,7,1795.8500000000001,4,4,4,444,Champions
C11478,2,5,839.58,4,3,3,433,Champions
C11479,125,3,82.61999999999999,2,2,1,221,Lost
C11480,176,5,293.52,2,3,2,232,Needs Attention
C11481,281,3,536.89,1,2,3,123,Cant Lose Them
C11482,192,2,333.59000000000003,2,1,2,212,Lost
C11483,419,2,13.299999999999999,1,1,1,111,Lost
C11484,520,3,88.77,1,2,1,121,Lost
C11485,49,5,137.88,4,3,1,431,Loyal Customers
C11486,125,6,653.27,2,4,3,243,Needs Attention
C11487,288,3,184.49,1,2,1,121,Lost
C11488,54,4,354.28,3,2,2,322,Loyal Customers
C11490,261,2,74.8,1,1,1,111,Lost
C11491,208,2,222.83,2,1,2,212,Lost
C11492,100,2,63.26,3,1,1,311,New/Promising
C11493,346,3,51.28,1,2,1,121,Lost
C11494,91,6,428.81,3,4,2,342,Loyal Customers
C11495,41,5,304.5,4,3,2,432,Loyal Customers
C11496,231,2,932.04,2,1,4,214,Cant Lose Them
C11497,112,5,1329.2,3,3,4,334,Champions
C11498,356,3,114.38000000000001,1,2,1,121,Lost
C11499,25,6,238.13,4,4,2,442,Loyal Customers
C11500,9,7,1366.05,4,4,4,444,Champions
C11501,77,4,271.52,3,2,2,322,Loyal Customers
C11502,230,8,746.3,2,4,3,243,Needs Attention
C11503,244,3,163.22,1,2,1,121,Lost
C11504,78,6,1632.6399999999999,3,4,4,344,Champions
C11505,84,8,1045.25,3,4,4,344,Champions
C11506,51,4,236.76,3,2,2,322,Loyal Customers
C11507,332,4,261.77,1,2,2,122,Lost
C11508,40,3,723.5,4,2,3,423,Loyal Customers
C11509,518,1,107.68,1,1,1,111,Lost
C11510,373,2,248.9,1,1,2,112,Lost
C11511,31,2,507.53000000000003,4,1,3,413,New/Promising
C11513,20,3,308.74,4,2,2,422,Loyal Customers
C11514,491,4,970.67,1,2,4,124,Cant Lose Them
C11515,59,5,125.08,3,3,1,331,Loyal Customers
C11516,135,4,541.28,2,2,3,223,Cant Lose Them
C11517,72,6,1880.8300000000002,3,4,4,344,Champions
C11518,187,4,701.1800000000001,2,2,3,223,Cant Lose Them
C11519,134,3,141.16,2,2,1,221,Lost
C11520,595,2,72.27000000000001,1,1,1,111,Lost
C11521,1,8,827.72,4,4,3,443,Champions
C11522,248,6,875.9799999999999,1,4,3,143,At Risk
C11523,48,6,677.66,4,4,3,443,Champions
C11524,102,4,129.34,3,2,1,321,Loyal Customers
C11525,83,6,584.39,3,4,3,343,Champions
C11526,35,7,3343.5099999999998,4,4,4,444,Champions
C11527,16,4,155.55,4,2,1,421,Loyal Customers
C11528,67,5,938.73,3,3,4,334,Champions
C11529,60,8,373.16,3,4,2,342,Loyal Customers
C11531,205,5,189.69,2,3,2,232,Needs Attention
C11532,138,6,396.2,2,4,2,242,Needs Attention
C11533,368,3,844.6,1,2,3,123,Cant Lose Them
C11534,256,3,206.95,1,2,2,122,Lost
C11535,109,4,229.37,3,2,2,322,Loyal Customers
C11536,328,2,17.64,1,1,1,111,Lost
C11537,77,6,356.55,3,4,2,342,Loyal Customers
C11538,136,5,645.35,2,3,3,233,Needs Attention
C11539,62,4,809.16,3,2,3,323,Loyal Customers
C11540,111,6,1127.33,3,4,4,344,Champions
C11541,334,2,118.72999999999999,1,1,1,111,Lost
C11542,103,6,185.06,3,4,1,341,Loyal Customers
C11543,124,8,223.01,2,4,2,242,Needs Attention
C11544,92,2,125.53,3,1,1,311,New/Promising
C11545,8,5,1596.46,4,3,4,434,Champions
C11546,57,4,1431.16,3,2,4,324,Loyal Customers
C11547,462,3,366.8,1,2,2,122,Lost
C11548,48,6,392.75,4,4,2,442,Loyal Customers
C11549,108,3,127.36000000000001,3,2,1,321,Loyal Customers
C11550,9,5,183.01000000000002,4,3,1,431,Loyal Customers
C11551,34,5,602.6,4,3,3,433,Champions
C11552,388,3,502.15,1,2,3,123,Cant Lose Them
C11553,44,6,1380.73,4,4,4,444,Champions
C11554,59,3,158.65,3,2,1,321,Loyal Customers
C11555,188,3,231.75,2,2,2,222,Lost
C11556,175,6,245.25,2,4,2,242,Needs Attention
C11557,42,4,141.72,4,2,1,421,Loyal Customers
C11558,298,4,360.67999999999995,1,2,2,122,Lost
C11559,210,4,378.39,2,2,2,222,Lost
C11560,115,7,2048.79,3,4,4,344,Champions
C11561,38,7,1464.4,4,4,4,444,Champions
C11562,507,4,640.09,1,2,3,123,Cant Lose Them
C11563,280,4,998.52,1,2,4,124,Cant Lose Them
C11564,88,5,822.77,3,3,3,333,Champions
C11565,146,4,536.89,2,2,3,223,Cant Lose Them
C11566,454,3,982.18,1,2,4,124,Cant Lose Them
C11567,54,8,678.9,3,4,3,343,Champions
C11568,223,5,415.56,2,3,2,232,Needs Attention
C11569,63,2,216.22,3,1,2,312,New/Promising
C11570,47,5,308.88,4,3,2,432,Loyal Customers
C11571,85,7,659.77,3,4,3,343,Champions
C11572,344,4,537.54,1,2,3,123,Cant Lose Them
C11573,58,12,412.77,3,4,2,342,Loyal Customers
C11574,58,5,703.43,3,3,3,333,Champions
C11575,136,1,146.92,2,1,1,211,Lost
C11576,232,3,164.56,2,2,1,221,Lost
C11577,236,5,1961.3000000000002,2,3,4,234,Needs Attention
C11578,99,4,1027.5,3,2,4,324,Loyal Customers
C11579,109,3,303.22,3,2,2,322,Loyal Customers
C11581,251,2,137.08,1,1,1,111,Lost
C11582,241,3,107.23,1,2,1,121,Lost
C11583,83,2,55.54,3,1,1,311,New/Promising
C11584,13,4,865.03,4,2,3,423,Loyal Customers
C11585,142,7,2179.9,2,4,4,244,Needs Attention
C11586,529,3,444.79,1,2,2,122,Lost
C11587,99,4,221.44,3,2,2,322,Loyal Customers
C11588,4,3,149.23,4,2,1,421,Loyal Customers
C11589,25,5,418.81,4,3,2,432,Loyal Customers
C11590,176,3,67.91,2,2,1,221,Lost
C11591,160,4,373.37,2,2,2,222,Lost
C11592,62,4,539.84,3,2,3,323,Loyal Customers
C11593,67,3,493.12,3,2,3,323,Loyal Customers
C11594,38,4,603.6600000000001,4,2,3,423,Loyal Customers
C11595,422,2,145.4,1,1,1,111,Lost
C11596,36,6,269.82,4,4,2,442,Loyal Customers
C11597,63,5,1297.8799999999999,3,3,4,334,Champions
C11598,296,2,190.33999999999997,1,1,2,112,Lost
C11600,203,3,78.7,2,2,1,221,Lost
C11601,59,10,580.76,3,4,3,343,Champions
C11602,48,5,1699.46,4,3,4,434,Champions
C11603,298,4,321.8,1,2,2,122,Lost
C11604,92,3,65.93,3,2,1,321,Loyal Customers
C11605,3,6,712.87,4,4,3,443,Champions
C11606,300,1,39.13,1,1,1,111,Lost
C11607,179,11,1107.7,2,4,4,244,Needs Attention
C11608,229,3,484.48,2,2,3,223,Cant Lose Them
C11609,349,2,64.92,1,1,1,111,Lost
C11610,82,3,1230.5700000000002,3,2,4,324,Loyal Customers
C11611,124,2,338.33,2,1,2,212,Lost
C11612,11,4,356.17,4,2,2,422,Loyal Customers
C11613,152,5,358.97,2,3,2,232,Needs Attention
C11614,50,4,302.87,4,2,2,422,Loyal Customers
C11615,15,3,1054.46,4,2,4,424,Loyal Customers
C11616,30,4,538.26,4,2,3,423,Loyal Customers
C11617,88,4,240.03,3,2,2,322,Loyal Customers
C11618,274,2,153.86,1,1,1,111,Lost
C11619,170,2,166.98000000000002,2,1,1,211,Lost
C11620,31,9,660.0,4,4,3,443,Champions
C11621,238,3,51.519999999999996,1,2,1,121,Lost
C11622,91,6,201.0,3,4,2,342,Loyal Customers
C11623,211,6,680.0699999999999,2,4,3,243,Needs Attention
C11624,72,4,530.22,3,2,3,323,Loyal Customers
C11625,37,6,403.43,4,4,2,442,Loyal Customers
C11626,238,2,65.08,1,1,1,111,Lost
C11627,91,6,422.92,3,4,2,342,Loyal Customers
C11628,51,3,71.88,3,2,1,321,Loyal Customers
C11629,1,9,1750.29,4,4,4,444,Champions
C11630,18,5,827.22,4,3,3,433,Champions
C11631,8,4,1564.52,4,2,4,424,Loyal Customers
C11632,509,3,925.4100000000001,1,2,4,124,Cant Lose Them
C11633,2,6,913.24,4,4,4,444,Champions
C11634,84,4,117.71000000000001,3,2,1,321,Loyal Customers
C11635,12,4,412.43,4,2,2,422,Loyal Customers
C11636,38,7,541.62,4,4,3,443,Champions
C11637,149,7,3765.85,2,4,4,244,Needs Attention
C11638,142,3,498.89,2,2,3,223,Cant Lose Them
C11639,259,4,796.99,1,2,3,123,Cant Lose Them
C11640,164,3,96.06,2,2,1,221,Lost
C11641,2,4,1379.67,4,2,4,424,Loyal Customers
C11642,336,2,61.29,1,1,1,111,Lost
C11643,4,4,1136.8400000000001,4,2,4,424,Loyal Customers
C11644,501,2,140.98000000000002,1,1,1,111,Lost
C11645,59,5,553.83,3,3,3,333,Champions
C11646,182,5,219.8,2,3,2,232,Needs Attention
C11647,24,5,605.97,4,3,3,433,Champions
C11648,13,7,1087.96,4,4,4,444,Champions
C11649,225,2,63.09,2,1,1,211,Lost
C11650,659,1,131.46,1,1,1,111,Lost
C11651,110,4,189.83,3,2,2,322,Loyal Customers
C11652,49,3,516.05,4,2,3,423,Loyal Customers
C11653,148,3,307.94,2,2,2,222,Lost
C11654,239,4,104.56,1,2,1,121,Lost
C11655,142,3,67.95,2,2,1,221,Lost
C11656,51,6,195.77,3,4,2,342,Loyal Customers
C11657,79,3,58.06,3,2,1,321,Loyal Customers
C11658,165,6,2017.97,2,4,4,244,Needs Attention
C11659,204,2,22.66,2,1,1,211,Lost
C11660,112,5,757.4300000000001,3,3,3,333,Champions
C11661,135,2,163.22,2,1,1,211,Lost
C11662,78,1,28.13,3,1,1,311,New/Promising
C11663,44,7,2858.35,4,4,4,444,Champions
C11664,209,3,960.72,2,2,4,224,Cant Lose Them
C11665,18,4,708.4300000000001,4,2,3,423,Loyal Customers
C11666,62,4,1055.0900000000001,3,2,4,324,Loyal Customers
C11667,92,6,1091.33,3,4,4,344,Champions
C11668,35,4,1222.26,4,2,4,424,Loyal Customers
C11669,212,3,306.82,2,2,2,222,Lost
C11670,153,4,219.93,2,2,2,222,Lost
C11671,220,3,3135.9900000000002,2,2,4,224,Cant Lose Them
C11672,99,6,925.98,3,4,4,344,Champions
C11673,153,6,536.67,2,4,3,243,Needs Attention
C11674,148,5,1049.22,2,3,4,234,Needs Attention
C11675,137,6,461.45,2,4,3,243,Needs Attention
C11676,99,5,647.99,3,3,3,333,Champions
C11677,123,7,684.66,2,4,3,243,Needs Attention
C11678,165,4,320.11,2,2,2,222,Lost
C11679,324,4,615.18,1,2,3,123,Cant Lose Them
C11680,37,4,393.96000000000004,4,2,2,422,Loyal Customers
C11681,17,7,2392.94,4,4,4,444,Champions
C11682,357,6,2083.44,1,4,4,144,At Risk
C11683,14,2,270.84,4,1,2,412,New/Promising
C11684,366,1,768.65,1,1,3,113,Cant Lose Them
C11685,279,5,3138.81,1,3,4,134,At Risk
C11686,92,6,449.14,3,4,2,342,Loyal Customers
C11687,17,6,441.67,4,4,2,442,Loyal Customers
C11688,68,4,402.8,3,2,2,322,Loyal Customers
C11689,11,7,1228.6499999999999,4,4,4,444,Champions
C11690,188,4,556.4599999999999,2,2,3,223,Cant Lose Them
C11691,124,4,872.8,2,2,3,223,Cant Lose Them
C11692,168,3,1107.6100000000001,2,2,4,224,Cant Lose Them
C11693,24,7,758.86,4,4,3,443,Champions
C11694,210,4,238.48,2,2,2,222,Lost
C11695,379,3,138.33,1,2,1,121,Lost
C11696,257,4,115.15,1,2,1,121,Lost
C11697,97,3,1116.7099999999998,3,2,4,324,Loyal Customers
C11698,117,3,58.79,3,2,1,321,Loyal Customers
C11699,73,4,118.89999999999999,3,2,1,321,Loyal Customers
C11700,90,2,27.68,3,1,1,311,New/Promising
C11701,112,3,157.37,3,2,1,321,Loyal Customers
C11702,44,7,1372.73,4,4,4,444,Champions
C11703,211,4,252.45,2,2,2,222,Lost
C11704,284,3,661.32,1,2,3,123,Cant Lose Them
C11705,159,2,880.77,2,1,3,213,Cant Lose Them
C11706,382,4,186.09,1,2,1,121,Lost
C11707,464,4,410.56,1,2,2,122,Lost
C11708,173,6,322.0,2,4,2,242,Needs Attention
C11709,7,4,156.75,4,2,1,421,Loyal Customers
C11711,19,5,185.71,4,3,1,431,Loyal Customers
C11712,295,3,1354.31,1,2,4,124,Cant Lose Them
C11713,107,4,544.9,3,2,3,323,Loyal Customers
C11714,58,4,383.46,3,2,2,322,Loyal Customers
C11715,336,4,589.04,1,2,3,123,Cant Lose Them
C11716,65,7,1668.76,3,4,4,344,Champions
C11717,106,7,721.28,3,4,3,343,Champions
C11718,12,5,1309.0,4,3,4,434,Champions
C11719,213,5,4093.64,2,3,4,234,Needs Attention
C11720,113,4,339.03,3,2,2,322,Loyal Customers
C11721,8,7,1197.3,4,4,4,444,Champions
C11722,276,2,693.0400000000001,1,1,3,113,Cant Lose Them
C11723,212,4,952.45,2,2,4,224,Cant Lose Them
C11724,42,11,1240.61,4,4,4,444,Champions
C11725,72,8,3983.13,3,4,4,344,Champions
C11726,205,2,87.06,2,1,1,211,Lost
C11727,115,2,394.86,3,1,2,312,New/Promising
C11728,593,2,43.160000000000004,1,1,1,111,Lost
C11729,470,1,126.44,1,1,1,111,Lost
C11730,90,1,3.5,3,1,1,311,New/Promising
C11731,368,2,109.38,1,1,1,111,Lost
C11732,253,3,619.44,1,2,3,123,Cant Lose Them
C11733,7,7,1840.23,4,4,4,444,Champions
C11734,224,4,531.99,2,2,3,223,Cant Lose Them
C11735,252,3,138.97,1,2,1,121,Lost
C11736,272,4,498.70000000000005,1,2,3,123,Cant Lose Them
C11737,51,3,167.23000000000002,3,2,1,321,Loyal Customers
C11738,143,2,258.86,2,1,2,212,Lost
C11739,193,3,1257.79,2,2,4,224,Cant Lose Them
C11740,700,1,113.07,1,1,1,111,Lost
C11741,174,3,67.58,2,2,1,221,Lost
C11742,7,4,254.83,4,2,2,422,Loyal Customers
C11743,567,2,43.43,1,1,1,111,Lost
C11744,50,5,312.71,4,3,2,432,Loyal Customers
C11745,228,4,645.74,2,2,3,223,Cant Lose Them
C11746,232,5,150.9,2,3,1,231,Needs Attention
C11748,98,4,817.26,3,2,3,323,Loyal Customers
C11749,55,9,2223.76,3,4,4,344,Champions
C11750,86,2,124.34,3,1,1,311,New/Promising
C11751,156,6,148.6,2,4,1,241,Needs Attention
C11752,512,1,84.53,1,1,1,111,Lost
C11753,28,9,3301.54,4,4,4,444,Champions
C11754,145,3,561.86,2,2,3,223,Cant Lose Them
C11755,368,6,555.76,1,4,3,143,At Risk
C11756,195,4,1197.78,2,2,4,224,Cant Lose Them
C11757,117,6,719.5,3,4,3,343,Champions
C11758,145,4,274.82,2,2,2,222,Lost
C11759,41,6,896.47,4,4,3,443,Champions
C11760,35,4,74.27,4,2,1,421,Loyal Customers
C11761,64,2,311.94,3,1,2,312,New/Promising
C11762,29,4,219.79999999999998,4,2,2,422,Loyal Customers
C11763,78,5,738.47,3,3,3,333,Champions
C11764,94,5,661.78,3,3,3,333,Champions
C11765,534,2,89.62,1,1,1,111,Lost
C11766,219,4,223.75,2,2,2,222,Lost
C11767,56,5,1416.29,3,3,4,334,Champions
C11768,162,1,36.03,2,1,1,211,Lost
C11769,709,1,5.15,1,1,1,111,Lost
C11770,6,3,192.66,4,2,2,422,Loyal Customers
C11771,56,5,196.84,3,3,2,332,Loyal Customers
C11772,78,7,619.18,3,4,3,343,Champions
C11773,251,7,645.33,1,4,3,143,At Risk
C11774,111,4,420.07,3,2,2,322,Loyal Customers
C11775,73,5,1108.29,3,3,4,334,Champions
C11776,82,6,874.11,3,4,3,343,Champions
C11777,205,5,205.76,2,3,2,232,Needs Attention
C11778,49,3,204.28000000000003,4,2,2,422,Loyal Customers
C11779,8,3,285.16999999999996,4,2,2,422,Loyal Customers
C11780,83,5,801.14,3,3,3,333,Champions
C11781,20,6,5244.59,4,4,4,444,Champions
C11782,47,4,649.79,4,2,3,423,Loyal Customers
C11783,202,2,81.45,2,1,1,211,Lost
C11784,602,2,102.25,1,1,1,111,Lost
C11785,222,5,1115.44,2,3,4,234,Needs Attention
C11786,119,3,62.54,3,2,1,321,Loyal Customers
C11787,15,8,635.63,4,4,3,443,Champions
C11788,423,3,112.83,1,2,1,121,Lost
C11789,13,5,536.1800000000001,4,3,3,433,Champions
C11790,44,3,119.32000000000001,4,2,1,421,Loyal Customers
C11791,276,2,66.21000000000001,1,1,1,111,Lost
C11792,170,6,512.68,2,4,3,243,Needs Attention
C11793,2,4,477.95000000000005,4,2,3,423,Loyal Customers
C11794,184,4,531.14,2,2,3,223,Cant Lose Them
C11795,208,2,88.78999999999999,2,1,1,211,Lost
C11796,27,4,318.86,4,2,2,422,Loyal Customers
C11797,49,6,1340.73,4,4,4,444,Champions
C11798,5,5,573.3100000000001,4,3,3,433,Champions
C11799,75,5,440.52,3,3,2,332,Loyal Customers
C11800,372,2,569.78,1,1,3,113,Cant Lose Them
C11801,72,4,277.69,3,2,2,322,Loyal Customers
C11802,10,2,674.55,4,1,3,413,New/Promising
C11803,338,4,569.15,1,2,3,123,Cant Lose Them
C11804,240,4,2101.9,1,2,4,124,Cant Lose Them
C11806,132,6,3502.59,2,4,4,244,Needs Attention
C11807,233,1,965.65,2,1,4,214,Cant Lose Them
C11808,201,3,176.94,2,2,1,221,Lost
C11809,212,4,1367.3899999999999,2,2,4,224,Cant Lose Them
C11810,398,6,463.54,1,4,3,143,At Risk
C11811,46,5,2544.71,4,3,4,434,Champions
C11812,55,4,877.23,3,2,3,323,Loyal Customers
C11813,23,4,658.32,4,2,3,423,Loyal Customers
C11814,367,6,3025.0499999999997,1,4,4,144,At Risk
C11815,472,1,7.46,1,1,1,111,Lost
C11816,334,3,206.98999999999998,1,2,2,122,Lost
C11817,145,5,365.21,2,3,2,232,Needs Attention
C11818,79,1,190.28,3,1,2,312,New/Promising
C11819,5,4,120.42,4,2,1,421,Loyal Customers
C11820,140,3,280.14,2,2,2,222,Lost
C11821,198,2,221.07,2,1,2,212,Lost
C11822,180,3,3210.12,2,2,4,224,Cant Lose Them
C11823,61,8,1049.08,3,4,4,344,Champions
C11824,31,5,1130.07,4,3,4,434,Champions
C11825,21,5,542.45,4,3,3,433,Champions
C11826,62,2,1125.52,3,1,4,314,New/Promising
C11827,40,4,176.13,4,2,1,421,Loyal Customers
C11828,54,7,1584.18,3,4,4,344,Champions
C11829,299,3,343.80999999999995,1,2,2,122,Lost
C11830,169,4,296.76,2,2,2,222,Lost
C11831,71,3,125.47,3,2,1,321,Loyal Customers
C11832,226,4,1876.24,2,2,4,224,Cant Lose Them
C11833,127,5,669.3900000000001,2,3,3,233,Needs Attention
C11834,37,3,2345.81,4,2,4,424,Loyal Customers
C11835,237,4,1537.1000000000001,2,2,4,224,Cant Lose Them
C11836,213,6,2840.22,2,4,4,244,Needs Attention
C11837,46,3,648.3199999999999,4,2,3,423,Loyal Customers
C11838,25,3,503.57,4,2,3,423,Loyal Customers
C11839,292,6,399.89,1,4,2,142,Others
C11840,112,6,557.8199999999999,3,4,3,343,Champions
C11841,196,7,513.73,2,4,3,243,Needs Attention
C11842,71,7,881.78,3,4,3,343,Champions
C11843,197,3,236.76,2,2,2,222,Lost
C11844,16,4,675.5400000000001,4,2,3,423,Loyal Customers
C11845,248,6,1414.51,1,4,4,144,At Risk
C11846,57,5,252.38000000000002,3,3,2,332,Loyal Customers
C11847,179,4,2898.2200000000003,2,2,4,224,Cant Lose Them
C11848,79,8,463.76,3,4,3,343,Champions
C11849,34,6,911.11,4,4,4,444,Champions
C11850,261,2,268.98,1,1,2,112,Lost
C11851,65,3,119.80000000000001,3,2,1,321,Loyal Customers
C11852,315,3,415.1,1,2,2,122,Lost
C11853,136,4,314.93,2,2,2,222,Lost
C11854,6,7,3211.8900000000003,4,4,4,444,Champions
C11855,97,8,850.1800000000001,3,4,3,343,Champions
C11856,7,4,405.44,4,2,2,422,Loyal Customers
C11857,114,6,162.68,3,4,1,341,Loyal Customers
C11858,112,5,664.46,3,3,3,333,Champions
C11859,33,5,467.66,4,3,3,433,Champions
C11860,89,5,310.68,3,3,2,332,Loyal Customers
C11861,51,6,2171.38,3,4,4,344,Champions
C11862,248,1,47.7,1,1,1,111,Lost
C11863,16,6,441.55999999999995,4,4,2,442,Loyal Customers
C11864,96,3,197.84,3,2,2,322,Loyal Customers
C11865,5,8,1788.91,4,4,4,444,Champions
C11866,40,5,176.19,4,3,1,431,Loyal Customers
C11867,80,3,1727.95,3,2,4,324,Loyal Customers
C11868,117,6,697.9499999999999,3,4,3,343,Champions
C11869,31,5,384.95,4,3,2,432,Loyal Customers
C11870,361,3,269.25,1,2,2,122,Lost
C11871,79,3,229.25,3,2,2,322,Loyal Customers
C11872,77,6,1276.8,3,4,4,344,Champions
C11873,192,4,575.98,2,2,3,223,Cant Lose Them
C11874,212,3,2103.31,2,2,4,224,Cant Lose Them
C11875,55,6,103.84,3,4,1,341,Loyal Customers
C11876,7,7,785.6700000000001,4,4,3,443,Champions
C11877,70,5,2192.7400000000002,3,3,4,334,Champions
C11878,246,5,1310.35,1,3,4,134,At Risk
C11879,381,4,792.85,1,2,3,123,Cant Lose Them
C11880,3,3,207.57,4,2,2,422,Loyal Customers
C11881,21,7,992.38,4,4,4,444,Champions
C11882,12,2,441.55,4,1,2,412,New/Promising
C11883,77,2,148.57999999999998,3,1,1,311,New/Promising
C11884,2,9,1599.0500000000002,4,4,4,444,Champions
C11885,230,6,1433.8,2,4,4,244,Needs Attention
C11886,249,4,346.17,1,2,2,122,Lost
C11887,150,6,393.15,2,4,2,242,Needs Attention
C11888,201,2,63.349999999999994,2,1,1,211,Lost
C11889,273,2,81.13,1,1,1,111,Lost
C11890,437,4,3283.75,1,2,4,124,Cant Lose Them
C11891,161,3,568.7800000000001,2,2,3,223,Cant Lose Them
C11892,119,6,2195.21,3,4,4,344,Champions
C11893,45,8,3145.2599999999998,4,4,4,444,Champions
C11894,152,5,906.23,2,3,4,234,Needs Attention
C11895,285,3,153.76999999999998,1,2,1,121,Lost
C11896,56,9,1060.41,3,4,4,344,Champions
C11897,11,5,2751.12,4,3,4,434,Champions
C11898,500,1,26.49,1,1,1,111,Lost
C11899,447,3,1835.7,1,2,4,124,Cant Lose Them
C11900,216,4,94.95,2,2,1,221,Lost
C11901,162,2,27.919999999999998,2,1,1,211,Lost
C11902,11,4,751.98,4,2,3,423,Loyal Customers
C11903,44,6,2987.13,4,4,4,444,Champions
C11904,224,5,363.03000000000003,2,3,2,232,Needs Attention
C11905,2,3,606.14,4,2,3,423,Loyal Customers
C11906,232,5,185.89,2,3,1,231,Needs Attention
C11907,31,7,1127.55,4,4,4,444,Champions
C11908,223,6,652.08,2,4,3,243,Needs Attention
C11909,1,6,370.59,4,4,2,442,Loyal Customers
C11910,8,7,1566.46,4,4,4,444,Champions
C11911,15,1,61.02,4,1,1,411,New/Promising
C11912,131,4,1245.46,2,2,4,224,Cant Lose Them
C11913,60,5,769.05,3,3,3,333,Champions
C11914,124,7,2088.46,2,4,4,244,Needs Attention
C11915,33,3,105.83999999999999,4,2,1,421,Loyal Customers
C11916,157,3,1736.52,2,2,4,224,Cant Lose Them
C11917,120,5,697.68,3,3,3,333,Champions
C11918,24,5,1370.95,4,3,4,434,Champions
C11919,15,4,982.54,4,2,4,424,Loyal Customers
C11920,9,4,237.16,4,2,2,422,Loyal Customers
C11922,166,4,137.92000000000002,2,2,1,221,Lost
C11923,326,1,87.71,1,1,1,111,Lost
C11924,172,2,219.54,2,1,2,212,Lost
C11925,16,6,2165.93,4,4,4,444,Champions
C11926,296,4,342.34999999999997,1,2,2,122,Lost
C11927,74,4,791.97,3,2,3,323,Loyal Customers
C11928,147,6,1486.87,2,4,4,244,Needs Attention
C11929,87,6,671.95,3,4,3,343,Champions
C11930,18,2,190.11,4,1,2,412,New/Promising
C11931,46,5,1063.49,4,3,4,434,Champions
C11932,223,6,264.52000000000004,2,4,2,242,Needs Attention
C11933,12,4,410.67,4,2,2,422,Loyal Customers
C11934,173,2,84.11,2,1,1,211,Lost
C11935,127,3,460.7,2,2,3,223,Cant Lose Them
C11936,361,5,436.46999999999997,1,3,2,132,Others
C11937,106,3,440.29,3,2,2,322,Loyal Customers
C11938,50,5,938.62,4,3,4,434,Champions
C11939,20,7,466.93,4,4,3,443,Champions
C11940,175,2,187.41,2,1,1,211,Lost
C11941,595,2,41.74,1,1,1,111,Lost
C11942,138,5,291.96999999999997,2,3,2,232,Needs Attention
C11943,49,6,1911.3300000000002,4,4,4,444,Champions
C11944,175,4,252.07,2,2,2,222,Lost
C11945,229,3,97.9,2,2,1,221,Lost
C11946,98,7,932.48,3,4,4,344,Champions
C11947,123,4,354.62,2,2,2,222,Lost
C11948,18,5,128.94,4,3,1,431,Loyal Customers
C11949,328,4,205.15,1,2,2,122,Lost
C11950,75,4,735.76,3,2,3,323,Loyal Customers
C11951,23,3,423.8,4,2,2,422,Loyal Customers
C11952,142,3,5248.67,2,2,4,224,Cant Lose Them
C11953,62,4,296.29,3,2,2,322,Loyal Customers
C11954,565,1,188.66,1,1,1,111,Lost
C11955,23,6,151.01,4,4,1,441,Loyal Customers
C11956,20,6,204.12,4,4,2,442,Loyal Customers
C11957,455,3,1097.19,1,2,4,124,Cant Lose Them
C11958,48,5,1295.25,4,3,4,434,Champions
C11959,238,4,422.82,1,2,2,122,Lost
C11960,71,6,783.79,3,4,3,343,Champions
C11961,80,2,35.989999999999995,3,1,1,311,New/Promising
C11963,18,6,1002.59,4,4,4,444,Champions
C11964,10,2,452.55,4,1,3,413,New/Promising
C11965,163,2,365.94,2,1,2,212,Lost
C11966,111,3,102.99000000000001,3,2,1,321,Loyal Customers
C11967,17,6,499.72,4,4,3,443,Champions
C11968,327,3,44.74,1,2,1,121,Lost
C11969,329,6,2938.01,1,4,4,144,At Risk
C11970,55,6,586.48,3,4,3,343,Champions
C11971,81,4,195.79999999999998,3,2,2,322,Loyal Customers
C11972,16,5,1403.6200000000001,4,3,4,434,Champions
C11973,127,7,1282.27,2,4,4,244,Needs Attention
C11974,283,1,105.94,1,1,1,111,Lost
C11975,218,5,796.9699999999999,2,3,3,233,Needs Attention
C11976,158,4,270.87,2,2,2,222,Lost
C11977,25,7,775.15,4,4,3,443,Champions
C11978,192,2,46.32000000000001,2,1,1,211,Lost
C11979,55,4,516.96,3,2,3,323,Loyal Customers
C11980,68,3,1692.72,3,2,4,324,Loyal Customers
C11981,295,2,102.08000000000001,1,1,1,111,Lost
C11982,264,8,929.29,1,4,4,144,At Risk
C11983,47,1,43.78,4,1,1,411,New/Promising
C11984,62,4,857.47,3,2,3,323,Loyal Customers
C11985,23,4,587.04,4,2,3,423,Loyal Customers
C11986,164,10,1079.76,2,4,4,244,Needs Attention
C11987,117,6,771.77,3,4,3,343,Champions
C11988,1,4,560.22,4,2,3,423,Loyal Customers
C11989,67,3,479.53999999999996,3,2,3,323,Loyal Customers
C11990,237,3,1346.57,2,2,4,224,Cant Lose Them
C11991,114,4,255.28,3,2,2,322,Loyal Customers
C11992,293,3,88.98,1,2,1,121,Lost
C11993,60,4,438.78999999999996,3,2,2,322,Loyal Customers
C11994,334,4,867.9,1,2,3,123,Cant Lose Them
C11995,439,4,635.4599999999999,1,2,3,123,Cant Lose Them
C11996,132,9,596.29,2,4,3,243,Needs Attention
C11997,215,2,211.59,2,1,2,212,Lost
C11998,3,5,347.66,4,3,2,432,Loyal Customers
C11999,52,4,139.14000000000001,3,2,1,321,Loyal Customers
C12000,23,4,957.8100000000001,4,2,4,424,Loyal Customers
C12001,15,4,168.03,4,2,1,421,Loyal Customers
C12002,35,4,153.2,4,2,1,421,Loyal Customers
C12003,54,4,519.59,3,2,3,323,Loyal Customers
C12004,295,3,88.95,1,2,1,121,Lost
C12005,191,3,137.45,2,2,1,221,Lost
C12006,112,3,110.66,3,2,1,321,Loyal Customers
C12007,30,6,1533.12,4,4,4,444,Champions
C12008,113,2,368.45,3,1,2,312,New/Promising
C12009,53,2,183.47,3,1,1,311,New/Promising
C12010,5,4,943.84,4,2,4,424,Loyal Customers
C12011,35,4,232.70000000000002,4,2,2,422,Loyal Customers
C12012,276,3,124.78999999999999,1,2,1,121,Lost
C12013,135,2,189.44,2,1,1,211,Lost
C12014,166,5,1639.05,2,3,4,234,Needs Attention
C12015,33,6,258.42,4,4,2,442,Loyal Customers
C12016,169,4,368.13,2,2,2,222,Lost
C12017,141,3,444.41999999999996,2,2,2,222,Lost
C12018,81,2,375.15999999999997,3,1,2,312,New/Promising
C12019,211,3,762.32,2,2,3,223,Cant Lose Them
C12020,283,2,40.010000000000005,1,1,1,111,Lost
C12021,85,5,1828.43,3,3,4,334,Champions
C12022,10,4,375.98999999999995,4,2,2,422,Loyal Customers
C12023,492,1,115.95,1,1,1,111,Lost
C12024,318,6,417.27,1,4,2,142,Others
C12025,281,3,694.64,1,2,3,123,Cant Lose Them
C12026,42,5,4646.39,4,3,4,434,Champions
C12027,87,5,340.65,3,3,2,332,Loyal Customers
C12028,157,7,696.75,2,4,3,243,Needs Attention
C12029,186,2,46.2,2,1,1,211,Lost
C12030,180,5,159.48,2,3,1,231,Needs Attention
C12031,36,3,1445.0900000000001,4,2,4,424,Loyal Customers
C12032,99,5,1453.75,3,3,4,334,Champions
C12033,37,5,382.71999999999997,4,3,2,432,Loyal Customers
C12035,59,6,1059.08,3,4,4,344,Champions
C12036,268,2,153.84,1,1,1,111,Lost
C12037,133,4,400.96999999999997,2,2,2,222,Lost
C12038,110,6,645.01,3,4,3,343,Champions
C12039,140,4,1840.0100000000002,2,2,4,224,Cant Lose Them
C12040,17,8,621.69,4,4,3,443,Champions
C12041,329,5,709.74,1,3,3,133,At Risk
C12042,7,6,448.55,4,4,2,442,Loyal Customers
C12043,65,2,1033.33,3,1,4,314,New/Promising
C12044,134,6,805.41,2,4,3,243,Needs Attention
C12045,427,5,195.9,1,3,2,132,Others
C12046,183,5,258.38,2,3,2,232,Needs Attention
C12047,65,6,958.01,3,4,4,344,Champions
C12048,292,5,1825.5,1,3,4,134,At Risk
C12049,31,4,228.18,4,2,2,422,Loyal Customers
C12050,82,4,256.2,3,2,2,322,Loyal Customers
C12051,262,5,604.96,1,3,3,133,At Risk
C12052,154,4,433.39000000000004,2,2,2,222,Lost
C12053,217,4,119.22,2,2,1,221,Lost
C12054,156,4,165.35999999999999,2,2,1,221,Lost
C12055,316,4,420.14,1,2,2,122,Lost
C12056,159,10,1274.51,2,4,4,244,Needs Attention
C12057,291,2,60.8,1,1,1,111,Lost
C12058,2,3,1481.6100000000001,4,2,4,424,Loyal Customers
C12059,101,5,1259.06,3,3,4,334,Champions
C12060,15,4,903.2900000000001,4,2,3,423,Loyal Customers
C12061,353,4,55.14,1,2,1,121,Lost
C12062,107,5,292.14,3,3,2,332,Loyal Customers
C12063,8,9,1027.77,4,4,4,444,Champions
C12064,115,9,2012.81,3,4,4,344,Champions
C12065,146,6,1070.88,2,4,4,244,Needs Attention
C12066,90,3,565.6,3,2,3,323,Loyal Customers
C12067,199,2,1830.58,2,1,4,214,Cant Lose Them
C12068,38,6,2214.08,4,4,4,444,Champions
C12069,613,1,29.34,1,1,1,111,Lost
C12070,455,6,1312.06,1,4,4,144,At Risk
C12071,127,1,191.94,2,1,2,212,Lost
C12072,397,6,709.1,1,4,3,143,At Risk
C12073,170,4,233.25,2,2,2,222,Lost
C12074,241,4,478.28999999999996,1,2,3,123,Cant Lose Them
C12075,248,3,593.12,1,2,3,123,Cant Lose Them
C12076,148,7,630.05,2,4,3,243,Needs Attention
C12077,62,3,464.16,3,2,3,323,Loyal Customers
C12078,53,6,220.33,3,4,2,342,Loyal Customers
C12079,103,6,271.96,3,4,2,342,Loyal Customers
C12080,337,3,291.7,1,2,2,122,Lost
C12081,223,5,153.07000000000002,2,3,1,231,Needs Attention
C12082,139,3,1778.29,2,2,4,224,Cant Lose Them
C12083,11,3,907.21,4,2,4,424,Loyal Customers
C12084,510,2,104.66999999999999,1,1,1,111,Lost
C12085,171,2,761.4699999999999,2,1,3,213,Cant Lose Them
C12086,142,5,196.52,2,3,2,232,Needs Attention
C12087,298,2,168.51999999999998,1,1,1,111,Lost
C12088,77,2,930.85,3,1,4,314,New/Promising
C12089,474,3,671.33,1,2,3,123,Cant Lose Them
C12090,169,4,427.52,2,2,2,222,Lost
C12091,51,3,1991.59,3,2,4,324,Loyal Customers
C12092,38,3,77.91,4,2,1,421,Loyal Customers
C12093,61,4,815.3100000000001,3,2,3,323,Loyal Customers
C12094,510,2,225.43,1,1,2,112,Lost
C12095,161,3,1062.86,2,2,4,224,Cant Lose Them
C12096,21,6,105.33,4,4,1,441,Loyal Customers
C12097,40,2,57.69,4,1,1,411,New/Promising
C12098,100,3,56.67,3,2,1,321,Loyal Customers
C12099,76,2,171.39999999999998,3,1,1,311,New/Promising
C12100,5,5,408.5,4,3,2,432,Loyal Customers
C12101,7,6,691.53,4,4,3,443,Champions
C12102,366,4,321.64,1,2,2,122,Lost
C12103,304,6,291.02,1,4,2,142,Others
C12104,308,3,124.69999999999999,1,2,1,121,Lost
C12105,28,7,1317.85,4,4,4,444,Champions
C12106,88,4,285.84,3,2,2,322,Loyal Customers
C12107,292,2,211.93,1,1,2,112,Lost
C12108,460,3,398.69,1,2,2,122,Lost
C12109,9,6,2121.0699999999997,4,4,4,444,Champions
C12110,37,3,48.87,4,2,1,421,Loyal Customers
C12111,132,1,490.25,2,1,3,213,Cant Lose Them
C12112,64,3,320.57,3,2,2,322,Loyal Customers
C12113,233,4,1825.52,2,2,4,224,Cant Lose Them
C12114,189,6,1512.53,2,4,4,244,Needs Attention
C12115,27,5,1351.09,4,3,4,434,Champions
C12116,90,3,350.38,3,2,2,322,Loyal Customers
C12117,317,2,126.89,1,1,1,111,Lost
C12118,196,5,623.71,2,3,3,233,Needs Attention
C12120,81,5,3002.3300000000004,3,3,4,334,Champions
C12121,182,7,890.8000000000001,2,4,3,243,Needs Attention
C12122,284,6,646.54,1,4,3,143,At Risk
C12123,41,4,173.29999999999998,4,2,1,421,Loyal Customers
C12124,17,3,261.3,4,2,2,422,Loyal Customers
C12125,47,5,668.1800000000001,4,3,3,433,Champions
C12126,123,5,412.01,2,3,2,232,Needs Attention
C12127,284,2,318.94,1,1,2,112,Lost
C12128,78,4,3554.91,3,2,4,324,Loyal Customers
C12129,194,2,774.94,2,1,3,213,Cant Lose Them
C12130,261,3,129.15,1,2,1,121,Lost
C12131,30,3,114.32,4,2,1,421,Loyal Customers
C12132,32,4,102.97,4,2,1,421,Loyal Customers
C12133,186,1,572.66,2,1,3,213,Cant Lose Them
C12134,116,8,546.85,3,4,3,343,Champions
C12135,189,5,531.95,2,3,3,233,Needs Attention
C12136,52,1,89.17,3,1,1,311,New/Promising
C12137,271,2,103.97,1,1,1,111,Lost
C12138,129,4,522.79,2,2,3,223,Cant Lose Them
C12139,420,3,154.83,1,2,1,121,Lost
C12140,10,1,57.36,4,1,1,411,New/Promising
C12141,175,1,5.39,2,1,1,211,Lost
C12142,113,5,1605.6799999999998,3,3,4,334,Champions
C12143,278,5,181.21,1,3,1,131,Others
C12144,103,5,2949.0299999999997,3,3,4,334,Champions
C12146,26,4,658.72,4,2,3,423,Loyal Customers
C12147,357,5,724.02,1,3,3,133,At Risk
C12148,131,6,710.6700000000001,2,4,3,243,Needs Attention
C12149,602,1,3.16,1,1,1,111,Lost
C12150,42,2,176.12,4,1,1,411,New/Promising
C12151,43,5,934.19,4,3,4,434,Champions
C12152,206,3,218.0,2,2,2,222,Lost
C12153,7,4,578.8,4,2,3,423,Loyal Customers
C12154,45,5,373.11,4,3,2,432,Loyal Customers
C12155,132,4,550.01,2,2,3,223,Cant Lose Them
C12156,162,10,2866.2999999999997,2,4,4,244,Needs Attention
C12157,120,2,168.24,3,1,1,311,New/Promising
C12158,16,9,2292.19,4,4,4,444,Champions
C12159,9,5,2560.04,4,3,4,434,Champions
C12160,196,6,1538.09,2,4,4,244,Needs Attention
C12161,43,7,323.8,4,4,2,442,Loyal Customers
C12162,110,4,394.69,3,2,2,322,Loyal Customers
C12163,439,6,2878.16,1,4,4,144,At Risk
C12164,118,3,201.1,3,2,2,322,Loyal Customers
C12165,13,4,198.2,4,2,2,422,Loyal Customers
C12166,94,3,267.92,3,2,2,322,Loyal Customers
C12167,456,3,212.85,1,2,2,122,Lost
C12168,50,1,7.85,4,1,1,411,New/Promising
C12169,203,6,584.43,2,4,3,243,Needs Attention
C12170,198,6,279.26,2,4,2,242,Needs Attention
C12171,279,2,76.24000000000001,1,1,1,111,Lost
C12172,104,5,1305.99,3,3,4,334,Champions
C12173,350,2,50.019999999999996,1,1,1,111,Lost
C12174,527,2,24.96,1,1,1,111,Lost
C12175,352,5,522.65,1,3,3,133,At Risk
C12176,65,3,40.6,3,2,1,321,Loyal Customers
C12177,76,2,54.69,3,1,1,311,New/Promising
C12178,185,4,725.0,2,2,3,223,Cant Lose Them
C12179,138,5,1637.18,2,3,4,234,Needs Attention
C12180,105,4,725.03,3,2,3,323,Loyal Customers
C12181,24,5,237.65,4,3,2,432,Loyal Customers
C12182,177,3,47.86,2,2,1,221,Lost
C12183,323,2,218.42000000000002,1,1,2,112,Lost
C12184,7,1,17.71,4,1,1,411,New/Promising
C12185,229,5,252.17000000000002,2,3,2,232,Needs Attention
C12186,406,4,561.94,1,2,3,123,Cant Lose Them
C12187,255,3,511.64,1,2,3,123,Cant Lose Them
C12188,15,5,1028.7,4,3,4,434,Champions
C12189,102,1,61.51,3,1,1,311,New/Promising
C12190,1,8,3401.64,4,4,4,444,Champions
C12191,191,3,812.65,2,2,3,223,Cant Lose Them
C12192,123,3,707.41,2,2,3,223,Cant Lose Them
C12193,271,2,1093.19,1,1,4,114,Cant Lose Them
C12194,135,9,1757.05,2,4,4,244,Needs Attention
C12195,4,3,465.23,4,2,3,423,Loyal Customers
C12196,37,7,2664.67,4,4,4,444,Champions
C12197,70,3,176.82999999999998,3,2,1,321,Loyal Customers
C12198,184,4,292.16999999999996,2,2,2,222,Lost
C12199,23,2,411.02,4,1,2,412,New/Promising
C12200,92,4,1186.41,3,2,4,324,Loyal Customers
C12201,226,1,4.63,2,1,1,211,Lost
C12202,23,3,140.65,4,2,1,421,Loyal Customers
C12203,55,5,2543.7400000000002,3,3,4,334,Champions
C12204,189,5,374.09,2,3,2,232,Needs Attention
C12205,50,4,308.95,4,2,2,422,Loyal Customers
C12206,238,3,635.03,1,2,3,123,Cant Lose Them
C12207,135,3,483.18,2,2,3,223,Cant Lose Them
C12208,411,5,1136.4,1,3,4,134,At Risk
C12209,156,4,946.2700000000001,2,2,4,224,Cant Lose Them
C12210,490,2,56.17,1,1,1,111,Lost
C12211,149,6,443.33,2,4,2,242,Needs Attention
C12212,9,7,726.23,4,4,3,443,Champions
C12213,511,2,103.78999999999999,1,1,1,111,Lost
C12214,29,1,13.36,4,1,1,411,New/Promising
C12215,38,3,714.53,4,2,3,423,Loyal Customers
C12216,107,3,590.72,3,2,3,323,Loyal Customers
C12217,12,5,731.48,4,3,3,433,Champions
C12218,145,3,692.43,2,2,3,223,Cant Lose Them
C12219,251,3,650.34,1,2,3,123,Cant Lose Them
C12220,161,6,467.81,2,4,3,243,Needs Attention
C12221,87,1,338.24,3,1,2,312,New/Promising
C12222,123,2,61.269999999999996,2,1,1,211,Lost
C12223,20,6,680.82,4,4,3,443,Champions
C12224,69,6,925.39,3,4,4,344,Champions
C12225,50,4,178.85,4,2,1,421,Loyal Customers
C12226,203,5,590.0,2,3,3,233,Needs Attention
C12227,358,2,186.52,1,1,1,111,Lost
C12228,44,6,304.63,4,4,2,442,Loyal Customers
C12229,68,1,136.45,3,1,1,311,New/Promising
C12230,64,3,315.6,3,2,2,322,Loyal Customers
C12231,38,3,177.87,4,2,1,421,Loyal Customers
C12232,234,1,197.96,2,1,2,212,Lost
C12233,37,8,655.8,4,4,3,443,Champions
C12234,20,4,403.78,4,2,2,422,Loyal Customers
C12235,43,4,108.91,4,2,1,421,Loyal Customers
C12236,471,1,335.55,1,1,2,112,Lost
C12237,197,3,292.71999999999997,2,2,2,222,Lost
C12238,234,2,101.86000000000001,2,1,1,211,Lost
C12239,216,3,299.44,2,2,2,222,Lost
C12240,19,3,1046.87,4,2,4,424,Loyal Customers
C12241,34,6,332.47,4,4,2,442,Loyal Customers
C12242,53,4,1268.1,3,2,4,324,Loyal Customers
C12243,56,7,416.18,3,4,2,342,Loyal Customers
C12244,210,3,292.5,2,2,2,222,Lost
C12245,164,3,549.96,2,2,3,223,Cant Lose Them
C12246,57,5,310.5,3,3,2,332,Loyal Customers
C12247,7,2,103.55,4,1,1,411,New/Promising
C12248,108,7,389.46999999999997,3,4,2,342,Loyal Customers
C12249,80,4,340.3,3,2,2,322,Loyal Customers
C12250,162,1,23.26,2,1,1,211,Lost
C12251,66,4,550.63,3,2,3,323,Loyal Customers
C12252,132,2,1394.8300000000002,2,1,4,214,Cant Lose Them
C12253,623,4,432.86,1,2,2,122,Lost
C12254,444,1,16.59,1,1,1,111,Lost
C12255,5,4,587.28,4,2,3,423,Loyal Customers
C12256,3,7,252.21,4,4,2,442,Loyal Customers
C12257,433,3,979.55,1,2,4,124,Cant Lose Them
C12258,192,7,2906.08,2,4,4,244,Needs Attention
C12259,5,5,283.48,4,3,2,432,Loyal Customers
C12260,113,3,4176.94,3,2,4,324,Loyal Customers
C12261,21,7,821.3100000000001,4,4,3,443,Champions
C12262,55,3,479.25,3,2,3,323,Loyal Customers
C12263,215,6,3259.66,2,4,4,244,Needs Attention
C12264,92,5,345.24,3,3,2,332,Loyal Customers
C12265,195,5,2093.44,2,3,4,234,Needs Attention
C12267,140,6,687.9399999999999,2,4,3,243,Needs Attention
C12268,7,4,662.66,4,2,3,423,Loyal Customers
C12269,25,5,392.99,4,3,2,432,Loyal Customers
C12270,378,2,165.06,1,1,1,111,Lost
C12271,77,3,266.75,3,2,2,322,Loyal Customers
C12272,160,4,659.46,2,2,3,223,Cant Lose Them
C12273,219,4,683.23,2,2,3,223,Cant Lose Them
C12274,185,5,215.57999999999998,2,3,2,232,Needs Attention
C12275,311,2,206.9,1,1,2,112,Lost
C12276,145,4,123.56,2,2,1,221,Lost
C12277,76,3,215.20000000000002,3,2,2,322,Loyal Customers
C12278,164,4,2447.41,2,2,4,224,Cant Lose Them
C12279,60,5,426.40999999999997,3,3,2,332,Loyal Customers
C12280,42,6,622.23,4,4,3,443,Champions
C12281,221,3,98.07,2,2,1,221,Lost
C12282,10,5,1574.28,4,3,4,434,Champions
C12283,15,3,1491.3,4,2,4,424,Loyal Customers
C12284,323,3,1109.06,1,2,4,124,Cant Lose Them
C12285,38,5,349.64,4,3,2,432,Loyal Customers
C12286,102,4,1153.96,3,2,4,324,Loyal Customers
C12287,107,2,279.7,3,1,2,312,New/Promising
C12288,284,2,84.56,1,1,1,111,Lost
C12289,89,4,246.29,3,2,2,322,Loyal Customers
C12290,30,6,931.57,4,4,4,444,Champions
C12291,1,7,1862.4499999999998,4,4,4,444,Champions
C12292,112,5,465.43,3,3,3,333,Champions
C12293,17,4,386.73,4,2,2,422,Loyal Customers
C12294,99,5,1474.21,3,3,4,334,Champions
C12295,46,5,745.26,4,3,3,433,Champions
C12296,6,8,1342.84,4,4,4,444,Champions
C12297,72,5,618.91,3,3,3,333,Champions
C12298,383,2,61.39,1,1,1,111,Lost
C12299,218,4,276.14,2,2,2,222,Lost
C12300,236,3,270.56,2,2,2,222,Lost
C12301,327,1,25.48,1,1,1,111,Lost
C12302,13,5,1495.48,4,3,4,434,Champions
C12303,469,4,647.81,1,2,3,123,Cant Lose Them
C12304,78,3,486.16,3,2,3,323,Loyal Customers
C12305,153,3,2038.16,2,2,4,224,Cant Lose Them
C12306,200,3,52.64,2,2,1,221,Lost
C12307,33,3,83.54,4,2,1,421,Loyal Customers
C12308,676,1,27.0,1,1,1,111,Lost
C12309,248,2,488.79,1,1,3,113,Cant Lose Them
C12310,95,2,55.78,3,1,1,311,New/Promising
C12311,71,8,1952.51,3,4,4,344,Champions
C12312,90,1,42.28,3,1,1,311,New/Promising
C12313,45,4,281.73,4,2,2,422,Loyal Customers
C12314,238,3,189.84,1,2,2,122,Lost
C12315,39,2,247.62,4,1,2,412,New/Promising
C12316,150,2,194.93,2,1,2,212,Lost
C12317,94,2,392.35,3,1,2,312,New/Promising
C12318,347,2,125.59,1,1,1,111,Lost
C12319,117,2,90.99000000000001,3,1,1,311,New/Promising
C12320,124,4,189.42,2,2,1,221,Lost
C12321,143,5,192.27,2,3,2,232,Needs Attention
C12322,153,6,704.27,2,4,3,243,Needs Attention
C12323,122,3,251.1,2,2,2,222,Lost
C12324,186,7,1123.22,2,4,4,244,Needs Attention
C12325,288,1,370.65,1,1,2,112,Lost
C12326,44,6,204.86,4,4,2,442,Loyal Customers
C12327,347,5,1012.9599999999999,1,3,4,134,At Risk
C12328,193,1,52.68,2,1,1,211,Lost
C12329,47,5,315.52,4,3,2,432,Loyal Customers
C12330,23,6,1031.82,4,4,4,444,Champions
C12331,263,3,155.35,1,2,1,121,Lost
C12332,372,5,573.02,1,3,3,133,At Risk
C12333,311,2,154.64999999999998,1,1,1,111,Lost
C12334,14,4,420.16,4,2,2,422,Loyal Customers
C12335,46,4,397.67,4,2,2,422,Loyal Customers
C12336,234,4,1401.1999999999998,2,2,4,224,Cant Lose Them
C12337,32,7,1443.55,4,4,4,444,Champions
C12338,37,5,649.59,4,3,3,433,Champions
C12339,91,6,157.86,3,4,1,341,Loyal Customers
C12340,222,5,379.49,2,3,2,232,Needs Attention
C12341,218,3,1076.1200000000001,2,2,4,224,Cant Lose Them
C12342,143,3,1070.58,2,2,4,224,Cant Lose Them
C12343,132,5,507.34000000000003,2,3,3,233,Needs Attention
C12344,428,1,127.07,1,1,1,111,Lost
C12345,5,3,132.01,4,2,1,421,Loyal Customers
C12346,532,1,63.52,1,1,1,111,Lost
C12347,112,5,812.33,3,3,3,333,Champions
C12348,13,6,1787.25,4,4,4,444,Champions
C12349,94,9,1325.8,3,4,4,344,Champions
C12350,85,4,1676.41,3,2,4,324,Loyal Customers
C12351,116,2,558.75,3,1,3,313,New/Promising
C12352,78,7,1324.62,3,4,4,344,Champions
C12353,717,1,331.48,1,1,2,112,Lost
C12354,124,6,521.43,2,4,3,243,Needs Attention
C12355,28,8,785.7,4,4,3,443,Champions
C12356,200,2,576.9,2,1,3,213,Cant Lose Them
C12357,21,3,592.35,4,2,3,423,Loyal Customers
C12358,22,2,439.14,4,1,2,412,New/Promising
C12359,151,3,274.01,2,2,2,222,Lost
C12360,241,2,449.5,1,1,2,112,Lost
C12361,151,3,372.8,2,2,2,222,Lost
C12362,538,2,1177.94,1,1,4,114,Cant Lose Them
C12363,51,3,423.59,3,2,2,322,Loyal Customers
C12364,83,7,1322.37,3,4,4,344,Champions
C12365,17,4,413.3,4,2,2,422,Loyal Customers
C12366,20,5,2324.04,4,3,4,434,Champions
C12367,55,9,1494.94,3,4,4,344,Champions
C12368,49,5,874.4100000000001,4,3,3,433,Champions
C12369,41,6,150.27,4,4,1,441,Loyal Customers
C12370,44,1,311.52,4,1,2,412,New/Promising
C12371,215,6,1254.72,2,4,4,244,Needs Attention
C12372,107,4,242.42,3,2,2,322,Loyal Customers
C12373,92,3,110.07,3,2,1,321,Loyal Customers
C12374,116,3,657.2099999999999,3,2,3,323,Loyal Customers
C12375,28,3,242.6,4,2,2,422,Loyal Customers
C12376,33,6,587.1800000000001,4,4,3,443,Champions
C12377,191,5,406.23,2,3,2,232,Needs Attention
C12378,140,4,439.28,2,2,2,222,Lost
C12379,87,6,1336.3700000000001,3,4,4,344,Champions
C12380,448,3,1813.8000000000002,1,2,4,124,Cant Lose Them
C12381,69,9,2882.22,3,4,4,344,Champions
C12382,146,5,378.17,2,3,2,232,Needs Attention
C12383,407,2,296.76,1,1,2,112,Lost
C12384,20,4,699.25,4,2,3,423,Loyal Customers
C12385,196,2,49.91,2,1,1,211,Lost
C12386,139,5,383.71999999999997,2,3,2,232,Needs Attention
C12387,308,3,192.14999999999998,1,2,2,122,Lost
C12389,108,3,1286.79,3,2,4,324,Loyal Customers
C12390,241,4,486.21000000000004,1,2,3,123,Cant Lose Them
C12391,119,4,710.64,3,2,3,323,Loyal Customers
C12392,6,4,131.02,4,2,1,421,Loyal Customers
C12393,426,2,27.32,1,1,1,111,Lost
C12394,285,3,659.72,1,2,3,123,Cant Lose Them
C12395,182,6,1510.4399999999998,2,4,4,244,Needs Attention
C12396,51,5,887.17,3,3,3,333,Champions
C12397,231,7,1274.25,2,4,4,244,Needs Attention
C12398,226,5,890.36,2,3,3,233,Needs Attention
C12399,17,3,734.15,4,2,3,423,Loyal Customers
C12400,103,2,417.44000000000005,3,1,2,312,New/Promising
C12401,173,5,710.1600000000001,2,3,3,233,Needs Attention
C12402,18,3,120.21999999999998,4,2,1,421,Loyal Customers
C12403,131,4,597.65,2,2,3,223,Cant Lose Them
C12404,128,2,128.9,2,1,1,211,Lost
C12405,300,1,21.54,1,1,1,111,Lost
C12406,254,1,23.56,1,1,1,111,Lost
C12407,97,5,540.82,3,3,3,333,Champions
C12408,30,2,832.65,4,1,3,413,New/Promising
C12409,162,3,727.71,2,2,3,223,Cant Lose Them
C12410,60,5,271.0,3,3,2,332,Loyal Customers
C12411,67,4,1028.96,3,2,4,324,Loyal Customers
C12412,345,2,123.39,1,1,1,111,Lost
C12413,181,7,847.7199999999999,2,4,3,243,Needs Attention
C12414,157,3,594.17,2,2,3,223,Cant Lose Them
C12415,124,12,1299.1299999999999,2,4,4,244,Needs Attention
C12416,19,5,1302.39,4,3,4,434,Champions
C12417,7,3,545.88,4,2,3,423,Loyal Customers
C12418,186,4,359.74,2,2,2,222,Lost
C12419,75,5,1994.54,3,3,4,334,Champions
C12420,249,1,583.89,1,1,3,113,Cant Lose Them
C12421,40,5,769.4300000000001,4,3,3,433,Champions
C12422,9,8,1250.96,4,4,4,444,Champions
C12423,129,6,780.65,2,4,3,243,Needs Attention
C12424,121,2,278.2,3,1,2,312,New/Promising
C12425,19,2,14.37,4,1,1,411,New/Promising
C12426,239,5,397.59000000000003,1,3,2,132,Others
C12427,55,5,6480.16,3,3,4,334,Champions
C12428,94,7,306.52,3,4,2,342,Loyal Customers
C12429,79,4,434.19,3,2,2,322,Loyal Customers
C12430,117,5,1343.1399999999999,3,3,4,334,Champions
C12431,74,6,1083.86,3,4,4,344,Champions
C12432,33,5,704.19,4,3,3,433,Champions
C12433,24,6,277.29,4,4,2,442,Loyal Customers
C12434,131,3,254.66,2,2,2,222,Lost
C12435,9,2,464.47999999999996,4,1,3,413,New/Promising
C12436,173,3,662.0,2,2,3,223,Cant Lose Them
C12437,29,3,980.01,4,2,4,424,Loyal Customers
C12438,327,3,150.06,1,2,1,121,Lost
C12439,449,3,82.64,1,2,1,121,Lost
C12440,31,5,4368.68,4,3,4,434,Champions
C12441,29,4,174.36,4,2,1,421,Loyal Customers
C12442,485,4,313.81,1,2,2,122,Lost
C12443,199,5,1342.28,2,3,4,234,Needs Attention
C12444,165,3,260.36,2,2,2,222,Lost
C12445,318,4,845.54,1,2,3,123,Cant Lose Them
C12446,121,9,1005.15,3,4,4,344,Champions
C12447,84,3,230.68,3,2,2,322,Loyal Customers
C12448,68,5,616.3199999999999,3,3,3,333,Champions
C12449,8,5,1681.61,4,3,4,434,Champions
C12450,218,2,958.73,2,1,4,214,Cant Lose Them
C12451,112,5,162.63,3,3,1,331,Loyal Customers
C12452,88,5,619.9100000000001,3,3,3,333,Champions
C12453,406,1,42.13,1,1,1,111,Lost
C12454,344,3,149.53,1,2,1,121,Lost
C12455,200,3,322.28000000000003,2,2,2,222,Lost
C12456,462,3,145.91,1,2,1,121,Lost
C12457,44,2,65.8,4,1,1,411,New/Promising
C12458,18,1,1115.96,4,1,4,414,New/Promising
C12459,99,3,411.35,3,2,2,322,Loyal Customers
C12460,234,5,276.1,2,3,2,232,Needs Attention
C12461,82,5,1109.27,3,3,4,334,Champions
C12462,159,5,634.0,2,3,3,233,Needs Attention
C12463,32,3,270.69,4,2,2,422,Loyal Customers
C12464,606,1,1.63,1,1,1,111,Lost
C12465,9,3,41.84,4,2,1,421,Loyal Customers
C12466,29,8,766.35,4,4,3,443,Champions
C12467,420,3,262.53999999999996,1,2,2,122,Lost
C12468,290,5,463.45,1,3,3,133,At Risk
C12469,242,4,605.14,1,2,3,123,Cant Lose Them
C12470,83,3,409.9,3,2,2,322,Loyal Customers
C12471,117,2,1498.8899999999999,3,1,4,314,New/Promising
C12472,269,4,3358.97,1,2,4,124,Cant Lose Them
C12473,82,4,1051.36,3,2,4,324,Loyal Customers
C12474,67,6,518.63,3,4,3,343,Champions
C12475,55,6,267.21999999999997,3,4,2,342,Loyal Customers
C12476,7,4,54.150000000000006,4,2,1,421,Loyal Customers
C12477,405,3,612.5,1,2,3,123,Cant Lose Them
C12478,331,2,217.78000000000003,1,1,2,112,Lost
C12479,21,3,936.78,4,2,4,424,Loyal Customers
C12480,9,4,309.49,4,2,2,422,Loyal Customers
C12481,263,3,234.03,1,2,2,122,Lost
C12482,27,5,574.1,4,3,3,433,Champions
C12483,10,3,134.52,4,2,1,421,Loyal Customers
C12484,387,2,727.69,1,1,3,113,Cant Lose Them
C12485,388,3,973.34,1,2,4,124,Cant Lose Them
C12486,93,5,184.79999999999998,3,3,1,331,Loyal Customers
C12487,36,2,29.6,4,1,1,411,New/Promising
C12488,141,5,621.17,2,3,3,233,Needs Attention
C12489,161,4,348.92,2,2,2,222,Lost
C12490,70,5,70.95,3,3,1,331,Loyal Customers
C12491,1,5,239.87,4,3,2,432,Loyal Customers
C12492,51,3,507.94,3,2,3,323,Loyal Customers
C12493,194,5,406.42,2,3,2,232,Needs Attention
C12494,39,7,1263.76,4,4,4,444,Champions
C12495,201,2,45.92,2,1,1,211,Lost
C12496,455,3,80.11,1,2,1,121,Lost
C12497,60,3,500.59,3,2,3,323,Loyal Customers
C12498,307,2,756.5899999999999,1,1,3,113,Cant Lose Them
C12499,49,4,403.23,4,2,2,422,Loyal Customers
C12500,10,6,731.9599999999999,4,4,3,443,Champions
C12501,361,3,1464.58,1,2,4,124,Cant Lose Them
C12502,197,6,96.33,2,4,1,241,Needs Attention
C12503,257,5,583.33,1,3,3,133,At Risk
C12504,74,7,385.48,3,4,2,342,Loyal Customers
C12505,232,3,569.59,2,2,3,223,Cant Lose Them
C12506,277,7,317.32,1,4,2,142,Others
C12507,284,3,58.57,1,2,1,121,Lost
C12508,534,1,98.45,1,1,1,111,Lost
C12509,319,1,50.29,1,1,1,111,Lost
C12510,218,3,200.12,2,2,2,222,Lost
C12511,116,8,1491.3200000000002,3,4,4,344,Champions
C12512,240,4,1341.16,1,2,4,124,Cant Lose Them
C12513,5,5,286.27,4,3,2,432,Loyal Customers
C12514,27,4,1277.74,4,2,4,424,Loyal Customers
C12515,63,5,632.49,3,3,3,333,Champions
C12516,574,1,4.38,1,1,1,111,Lost
C12517,254,2,1119.52,1,1,4,114,Cant Lose Them
C12518,563,1,1087.18,1,1,4,114,Cant Lose Them
C12519,443,1,6.52,1,1,1,111,Lost
C12520,66,4,309.29,3,2,2,322,Loyal Customers
C12521,61,8,781.32,3,4,3,343,Champions
C12522,573,1,20.38,1,1,1,111,Lost
C12523,202,6,3840.09,2,4,4,244,Needs Attention
C12524,125,5,380.93,2,3,2,232,Needs Attention
C12525,29,4,1432.11,4,2,4,424,Loyal Customers
C12526,100,4,542.52,3,2,3,323,Loyal Customers
C12527,53,5,2861.31,3,3,4,334,Champions
C12528,166,5,1023.36,2,3,4,234,Needs Attention
C12529,189,7,1573.65,2,4,4,244,Needs Attention
C12530,266,5,700.1899999999999,1,3,3,133,At Risk
C12531,60,5,134.68,3,3,1,331,Loyal Customers
C12532,517,2,124.09,1,1,1,111,Lost
C12533,121,2,1605.37,3,1,4,314,New/Promising
C12534,700,1,2.72,1,1,1,111,Lost
C12535,83,2,152.41,3,1,1,311,New/Promising
C12536,133,5,484.13,2,3,3,233,Needs Attention
C12537,649,2,172.54000000000002,1,1,1,111,Lost
C12538,40,6,1395.02,4,4,4,444,Champions
C12539,260,5,622.37,1,3,3,133,At Risk
C12540,169,1,224.02,2,1,2,212,Lost
C12541,170,4,162.26,2,2,1,221,Lost
C12542,258,4,518.02,1,2,3,123,Cant Lose Them
C12543,330,2,437.01,1,1,2,112,Lost
C12544,104,4,167.79999999999998,3,2,1,321,Loyal Customers
C12545,88,3,996.0,3,2,4,324,Loyal Customers
C12546,36,5,391.38,4,3,2,432,Loyal Customers
C12547,271,3,619.12,1,2,3,123,Cant Lose Them
C12548,460,3,708.8900000000001,1,2,3,123,Cant Lose Them
C12549,168,3,23.68,2,2,1,221,Lost
C12550,102,6,3147.1099999999997,3,4,4,344,Champions
C12551,256,6,776.35,1,4,3,143,At Risk
C12552,83,6,540.0,3,4,3,343,Champions
C12553,138,6,1620.54,2,4,4,244,Needs Attention
C12554,507,1,97.19,1,1,1,111,Lost
C12555,59,5,695.74,3,3,3,333,Champions
C12556,112,8,2576.55,3,4,4,344,Champions
C12557,20,5,712.52,4,3,3,433,Champions
C12558,8,8,889.86,4,4,3,443,Champions
C12559,47,2,147.97,4,1,1,411,New/Promising
C12560,78,4,826.74,3,2,3,323,Loyal Customers
C12561,355,2,299.79,1,1,2,112,Lost
C12562,113,8,2591.68,3,4,4,344,Champions
C12563,54,5,537.78,3,3,3,333,Champions
C12564,192,3,191.52,2,2,2,222,Lost
C12565,97,4,347.65000000000003,3,2,2,322,Loyal Customers
C12566,155,4,1022.0,2,2,4,224,Cant Lose Them
C12567,141,7,3616.09,2,4,4,244,Needs Attention
C12568,122,7,1622.8899999999999,2,4,4,244,Needs Attention
C12569,17,3,244.25,4,2,2,422,Loyal Customers
C12570,16,5,263.89,4,3,2,432,Loyal Customers
C12571,371,2,81.18,1,1,1,111,Lost
C12573,674,1,336.82,1,1,2,112,Lost
C12574,390,3,307.88,1,2,2,122,Lost
C12575,23,6,3157.02,4,4,4,444,Champions
C12576,13,4,113.25999999999999,4,2,1,421,Loyal Customers
C12577,32,5,1553.83,4,3,4,434,Champions
C12578,199,2,70.49000000000001,2,1,1,211,Lost
C12579,494,1,43.89,1,1,1,111,Lost
C12580,394,3,83.51,1,2,1,121,Lost
C12581,30,7,1291.79,4,4,4,444,Champions
C12582,34,4,415.84,4,2,2,422,Loyal Customers
C12583,42,3,288.94,4,2,2,422,Loyal Customers
C12584,215,4,901.91,2,2,3,223,Cant Lose Them
C12585,272,1,8.16,1,1,1,111,Lost
C12586,331,2,105.35999999999999,1,1,1,111,Lost
C12587,266,5,1098.41,1,3,4,134,At Risk
C12588,459,2,134.03,1,1,1,111,Lost
C12589,242,3,314.81,1,2,2,122,Lost
C12590,72,6,1074.97,3,4,4,344,Champions
C12591,139,4,699.96,2,2,3,223,Cant Lose Them
C12592,138,1,30.07,2,1,1,211,Lost
C12593,10,6,204.41,4,4,2,442,Loyal Customers
C12594,4,5,869.6800000000001,4,3,3,433,Champions
C12595,261,2,170.54000000000002,1,1,1,111,Lost
C12596,151,4,212.19,2,2,2,222,Lost
C12597,39,9,471.37,4,4,3,443,Champions
C12598,12,6,370.13,4,4,2,442,Loyal Customers
C12599,106,4,127.99000000000001,3,2,1,321,Loyal Customers
C12600,219,5,4283.46,2,3,4,234,Needs Attention
C12601,47,5,462.97,4,3,3,433,Champions
C12602,252,2,34.32,1,1,1,111,Lost
C12603,53,4,427.42,3,2,2,322,Loyal Customers
C12604,36,5,573.07,4,3,3,433,Champions
C12605,316,4,704.18,1,2,3,123,Cant Lose Them
C12606,47,5,175.89,4,3,1,431,Loyal Customers
C12607,100,3,990.78,3,2,4,324,Loyal Customers
C12608,158,3,1077.85,2,2,4,224,Cant Lose Them
C12609,554,2,81.68,1,1,1,111,Lost
C12610,15,3,817.3599999999999,4,2,3,423,Loyal Customers
C12611,359,2,49.8,1,1,1,111,Lost
C12612,97,6,189.20000000000002,3,4,1,341,Loyal Customers
C12613,202,3,235.82000000000002,2,2,2,222,Lost
C12614,52,3,119.44,3,2,1,321,Loyal Customers
C12615,345,3,84.09,1,2,1,121,Lost
C12616,38,4,422.56,4,2,2,422,Loyal Customers
C12617,281,2,557.88,1,1,3,113,Cant Lose Them
C12618,404,3,474.71999999999997,1,2,3,123,Cant Lose Them
C12619,228,2,633.1,2,1,3,213,Cant Lose Them
C12620,266,2,159.16,1,1,1,111,Lost
C12621,367,8,2407.4900000000002,1,4,4,144,At Risk
C12622,444,1,69.67,1,1,1,111,Lost
C12623,97,5,3030.2799999999997,3,3,4,334,Champions
C12624,8,4,2962.8900000000003,4,2,4,424,Loyal Customers
C12625,167,5,833.13,2,3,3,233,Needs Attention
C12626,95,3,1169.04,3,2,4,324,Loyal Customers
C12627,47,2,769.24,4,1,3,413,New/Promising
C12628,52,2,270.93,3,1,2,312,New/Promising
C12629,639,1,47.24,1,1,1,111,Lost
C12630,56,6,700.02,3,4,3,343,Champions
C12631,130,4,1114.68,2,2,4,224,Cant Lose Them
C12632,145,4,285.53999999999996,2,2,2,222,Lost
C12633,302,3,129.73,1,2,1,121,Lost
C12634,14,5,1244.89,4,3,4,434,Champions
C12635,197,3,74.7,2,2,1,221,Lost
C12636,329,4,578.36,1,2,3,123,Cant Lose Them
C12637,22,4,541.62,4,2,3,423,Loyal Customers
C12638,109,1,87.72,3,1,1,311,New/Promising
C12639,334,5,519.11,1,3,3,133,At Risk
C12640,37,7,1102.47,4,4,4,444,Champions
C12641,471,2,527.17,1,1,3,113,Cant Lose Them
C12642,41,5,1514.1100000000001,4,3,4,434,Champions
C12643,446,2,1547.3500000000001,1,1,4,114,Cant Lose Them
C12644,354,3,767.48,1,2,3,123,Cant Lose Them
C12645,94,5,929.24,3,3,4,334,Champions
C12646,172,6,396.93,2,4,2,242,Needs Attention
C12647,77,2,315.96,3,1,2,312,New/Promising
C12648,300,2,21.09,1,1,1,111,Lost
C12649,339,4,778.7,1,2,3,123,Cant Lose Them
C12650,658,2,13.74,1,1,1,111,Lost
C12651,339,2,131.66,1,1,1,111,Lost
C12652,179,5,2688.0299999999997,2,3,4,234,Needs Attention
C12653,90,5,242.79999999999998,3,3,2,332,Loyal Customers
C12654,156,8,846.5799999999999,2,4,3,243,Needs Attention
C12655,210,5,1159.98,2,3,4,234,Needs Attention
C12656,89,3,1820.14,3,2,4,324,Loyal Customers
C12657,174,7,663.93,2,4,3,243,Needs Attention
C12658,244,3,470.82,1,2,3,123,Cant Lose Them
C12659,249,5,852.86,1,3,3,133,At Risk
C12660,50,7,1238.89,4,4,4,444,Champions
C12661,35,6,3997.61,4,4,4,444,Champions
C12662,44,3,176.05,4,2,1,421,Loyal Customers
C12663,140,2,129.78,2,1,1,211,Lost
C12664,261,3,453.01,1,2,3,123,Cant Lose Them
C12665,12,7,1167.31,4,4,4,444,Champions
C12666,126,6,2929.57,2,4,4,244,Needs Attention
C12667,8,5,100.18,4,3,1,431,Loyal Customers
C12668,37,8,1297.79,4,4,4,444,Champions
C12669,124,5,327.86,2,3,2,232,Needs Attention
C12670,193,7,1691.19,2,4,4,244,Needs Attention
C12671,233,4,697.5,2,2,3,223,Cant Lose Them
C12672,11,6,1214.8,4,4,4,444,Champions
C12673,240,2,48.19,1,1,1,111,Lost
C12674,75,5,2178.59,3,3,4,334,Champions
C12675,82,9,1238.43,3,4,4,344,Champions
C12677,178,3,771.21,2,2,3,223,Cant Lose Them
C12678,684,2,177.83,1,1,1,111,Lost
C12679,117,5,685.8299999999999,3,3,3,333,Champions
C12680,110,3,354.6,3,2,2,322,Loyal Customers
C12681,203,6,753.61,2,4,3,243,Needs Attention
C12682,420,5,2678.3,1,3,4,134,At Risk
C12683,287,2,468.36,1,1,3,113,Cant Lose Them
C12684,578,2,311.69,1,1,2,112,Lost
C12685,62,4,432.86999999999995,3,2,2,322,Loyal Customers
C12686,36,9,572.42,4,4,3,443,Champions
C12687,256,2,96.9,1,1,1,111,Lost
C12688,33,3,634.4,4,2,3,423,Loyal Customers
C12689,213,3,89.17,2,2,1,221,Lost
C12690,282,4,1754.8400000000001,1,2,4,124,Cant Lose Them
C12691,71,2,297.67,3,1,2,312,New/Promising
C12692,62,5,287.85,3,3,2,332,Loyal Customers
C12693,57,6,993.5300000000001,3,4,4,344,Champions
C12694,107,5,835.38,3,3,3,333,Champions
C12695,556,1,177.35,1,1,1,111,Lost
C12696,101,5,196.2,3,3,2,332,Loyal Customers
C12697,388,3,421.78,1,2,2,122,Lost
C12698,277,1,400.92,1,1,2,112,Lost
C12699,396,3,768.51,1,2,3,123,Cant Lose Them
C12700,328,6,1217.6499999999999,1,4,4,144,At Risk
C12701,290,2,108.8,1,1,1,111,Lost
C12702,71,4,332.08,3,2,2,322,Loyal Customers
C12703,62,4,481.84000000000003,3,2,3,323,Loyal Customers
C12704,315,3,424.24,1,2,2,122,Lost
C12705,59,9,880.05,3,4,3,343,Champions
C12706,21,1,95.6,4,1,1,411,New/Promising
C12707,434,3,188.92000000000002,1,2,1,121,Lost
C12708,36,9,2034.01,4,4,4,444,Champions
C12709,5,3,905.36,4,2,4,424,Loyal Customers
C12710,623,3,221.26,1,2,2,122,Lost
C12711,133,7,231.64999999999998,2,4,2,242,Needs Attention
C12712,149,2,69.92999999999999,2,1,1,211,Lost
C12713,4,7,438.32,4,4,2,442,Loyal Customers
C12714,387,1,505.43,1,1,3,113,Cant Lose Them
C12715,594,1,22.21,1,1,1,111,Lost
C12716,51,3,534.62,3,2,3,323,Loyal Customers
C12717,171,5,430.65999999999997,2,3,2,232,Needs Attention
C12718,150,3,107.39,2,2,1,221,Lost
C12719,249,2,368.69,1,1,2,112,Lost
C12720,21,6,579.64,4,4,3,443,Champions
C12721,55,5,616.0400000000001,3,3,3,333,Champions
C12722,140,4,2531.55,2,2,4,224,Cant Lose Them
C12723,144,5,495.83,2,3,3,233,Needs Attention
C12724,14,3,280.33,4,2,2,422,Loyal Customers
C12725,271,5,232.0,1,3,2,132,Others
C12726,167,3,234.41,2,2,2,222,Lost
C12727,35,4,315.88,4,2,2,422,Loyal Customers
C12728,321,7,2505.98,1,4,4,144,At Risk
C12729,114,3,464.31,3,2,3,323,Loyal Customers
C12730,129,4,284.42,2,2,2,222,Lost
C12731,10,7,572.9100000000001,4,4,3,443,Champions
C12732,156,6,983.8,2,4,4,244,Needs Attention
C12733,213,3,87.15,2,2,1,221,Lost
C12734,60,3,168.96,3,2,1,321,Loyal Customers
C12735,127,5,581.7,2,3,3,233,Needs Attention
C12736,94,5,223.24,3,3,2,332,Loyal Customers
C12737,11,7,1742.43,4,4,4,444,Champions
C12738,60,6,1393.91,3,4,4,344,Champions
C12739,4,9,751.44,4,4,3,443,Champions
C12740,109,2,81.7,3,1,1,311,New/Promising
C12741,89,2,55.28,3,1,1,311,New/Promising
C12742,344,2,795.11,1,1,3,113,Cant Lose Them
C12743,145,5,994.1,2,3,4,234,Needs Attention
C12744,301,2,549.13,1,1,3,113,Cant Lose Them
C12745,25,8,1421.8799999999999,4,4,4,444,Champions
C12746,116,4,997.94,3,2,4,324,Loyal Customers
C12747,78,8,665.12,3,4,3,343,Champions
C12748,27,2,410.12,4,1,2,412,New/Promising
C12749,190,4,283.26,2,2,2,222,Lost
C12750,13,7,488.40000000000003,4,4,3,443,Champions
C12751,477,1,142.6,1,1,1,111,Lost
C12752,224,4,172.49,2,2,1,221,Lost
C12753,300,2,42.19,1,1,1,111,Lost
C12754,84,2,98.07000000000001,3,1,1,311,New/Promising
C12755,17,4,675.55,4,2,3,423,Loyal Customers
C12756,21,5,985.63,4,3,4,434,Champions
C12757,29,4,283.88000000000005,4,2,2,422,Loyal Customers
C12758,398,2,90.22,1,1,1,111,Lost
C12759,152,3,2310.4900000000002,2,2,4,224,Cant Lose Them
C12760,473,1,7.49,1,1,1,111,Lost
C12761,34,4,194.34,4,2,2,422,Loyal Customers
C12762,319,3,60.64,1,2,1,121,Lost
C12763,53,7,4848.25,3,4,4,344,Champions
C12764,186,4,334.09000000000003,2,2,2,222,Lost
C12765,247,7,1132.6399999999999,1,4,4,144,At Risk
C12766,88,4,108.67,3,2,1,321,Loyal Customers
C12767,8,1,37.21,4,1,1,411,New/Promising
C12768,184,7,1774.22,2,4,4,244,Needs Attention
C12769,497,4,213.21,1,2,2,122,Lost
C12770,471,2,784.23,1,1,3,113,Cant Lose Them
C12771,2,2,832.03,4,1,3,413,New/Promising
C12772,37,4,637.68,4,2,3,423,Loyal Customers
C12773,71,8,1122.13,3,4,4,344,Champions
C12774,9,10,947.5,4,4,4,444,Champions
C12775,103,7,1521.03,3,4,4,344,Champions
C12776,612,2,264.8,1,1,2,112,Lost
C12777,184,4,318.90999999999997,2,2,2,222,Lost
C12778,209,5,2508.17,2,3,4,234,Needs Attention
C12779,181,10,4481.49,2,4,4,244,Needs Attention
C12780,185,7,926.29,2,4,4,244,Needs Attention
C12781,33,4,1098.3,4,2,4,424,Loyal Customers
C12782,104,6,1241.68,3,4,4,344,Champions
C12783,284,3,1029.18,1,2,4,124,Cant Lose Them
C12784,16,5,1931.25,4,3,4,434,Champions
C12785,513,4,363.9,1,2,2,122,Lost
C12786,13,6,1086.26,4,4,4,444,Champions
C12787,228,5,1634.8899999999999,2,3,4,234,Needs Attention
C12788,118,3,318.42,3,2,2,322,Loyal Customers
C12789,53,2,134.07,3,1,1,311,New/Promising
C12790,231,3,453.78999999999996,2,2,3,223,Cant Lose Them
C12791,138,7,554.03,2,4,3,243,Needs Attention
C12792,52,3,377.6,3,2,2,322,Loyal Customers
C12793,56,9,4403.61,3,4,4,344,Champions
C12794,466,3,1948.94,1,2,4,124,Cant Lose Them
C12795,125,5,227.22,2,3,2,232,Needs Attention
C12796,24,3,953.7800000000001,4,2,4,424,Loyal Customers
C12797,359,1,205.66,1,1,2,112,Lost
C12798,451,2,84.16999999999999,1,1,1,111,Lost
C12799,142,3,250.22,2,2,2,222,Lost
C12800,5,7,876.11,4,4,3,443,Champions
C12801,516,1,704.1,1,1,3,113,Cant Lose Them
C12802,246,4,520.16,1,2,3,123,Cant Lose Them
C12803,205,5,1051.43,2,3,4,234,Needs Attention
C12804,96,4,273.96,3,2,2,322,Loyal Customers
C12805,425,1,64.9,1,1,1,111,Lost
C12806,50,6,183.85,4,4,1,441,Loyal Customers
C12807,494,2,18.189999999999998,1,1,1,111,Lost
C12808,39,9,824.25,4,4,3,443,Champions
C12809,3,6,412.91,4,4,2,442,Loyal Customers
C12810,41,9,875.81,4,4,3,443,Champions
C12811,126,4,970.81,2,2,4,224,Cant Lose Them
C12812,19,4,158.58,4,2,1,421,Loyal Customers
C12813,30,2,80.88000000000001,4,1,1,411,New/Promising
C12814,170,4,100.14999999999999,2,2,1,221,Lost
C12815,35,3,375.41,4,2,2,422,Loyal Customers
C12816,281,3,259.46,1,2,2,122,Lost
C12817,196,5,653.23,2,3,3,233,Needs Attention
C12818,50,2,92.71,4,1,1,411,New/Promising
C12819,120,2,224.16,3,1,2,312,New/Promising
C12820,543,2,526.21,1,1,3,113,Cant Lose Them
C12821,22,4,745.36,4,2,3,423,Loyal Customers
C12822,185,5,1450.54,2,3,4,234,Needs Attention
C12823,32,6,462.41,4,4,3,443,Champions
C12824,198,5,288.35,2,3,2,232,Needs Attention
C12825,61,4,1291.95,3,2,4,324,Loyal Customers
C12826,198,2,131.88,2,1,1,211,Lost
C12827,141,5,1351.65,2,3,4,234,Needs Attention
C12828,461,3,122.75999999999999,1,2,1,121,Lost
C12829,153,4,418.48999999999995,2,2,2,222,Lost
C12830,316,2,715.51,1,1,3,113,Cant Lose Them
C12831,49,7,607.19,4,4,3,443,Champions
C12832,84,5,2904.57,3,3,4,334,Champions
C12833,302,3,153.28,1,2,1,121,Lost
C12834,87,7,232.92,3,4,2,342,Loyal Customers
C12835,210,3,770.6800000000001,2,2,3,223,Cant Lose Them
C12836,43,1,21.66,4,1,1,411,New/Promising
C12837,100,5,3054.57,3,3,4,334,Champions
C12838,244,6,517.97,1,4,3,143,At Risk
C12839,34,3,33.25,4,2,1,421,Loyal Customers
C12840,128,4,1398.81,2,2,4,224,Cant Lose Them
C12841,180,9,2367.33,2,4,4,244,Needs Attention
C12842,174,2,1367.75,2,1,4,214,Cant Lose Them
C12843,48,2,53.43,4,1,1,411,New/Promising
C12844,46,4,751.5600000000001,4,2,3,423,Loyal Customers
C12845,68,4,2856.4500000000003,3,2,4,324,Loyal Customers
C12846,48,7,620.27,4,4,3,443,Champions
C12847,90,4,1154.48,3,2,4,324,Loyal Customers
C12848,103,2,168.28,3,1,1,311,New/Promising
C12849,43,10,1108.92,4,4,4,444,Champions
C12850,140,6,1232.4,2,4,4,244,Needs Attention
C12851,60,2,53.69,3,1,1,311,New/Promising
C12852,143,3,98.4,2,2,1,221,Lost
C12853,59,9,990.79,3,4,4,344,Champions
C12854,339,4,242.69,1,2,2,122,Lost
C12855,191,5,417.26,2,3,2,232,Needs Attention
C12856,500,2,77.14,1,1,1,111,Lost
C12857,41,7,732.7900000000001,4,4,3,443,Champions
C12858,9,1,10.16,4,1,1,411,New/Promising
C12859,334,2,278.96999999999997,1,1,2,112,Lost
C12860,389,2,184.55,1,1,1,111,Lost
C12861,253,4,152.99,1,2,1,121,Lost
C12862,35,2,210.22,4,1,2,412,New/Promising
C12863,198,5,1212.68,2,3,4,234,Needs Attention
C12865,218,2,118.19,2,1,1,211,Lost
C12866,42,9,1244.58,4,4,4,444,Champions
C12867,54,3,110.33,3,2,1,321,Loyal Customers
C12868,300,3,808.9100000000001,1,2,3,123,Cant Lose Them
C12869,103,7,1272.99,3,4,4,344,Champions
C12870,203,4,270.25,2,2,2,222,Lost
C12871,177,5,801.09,2,3,3,233,Needs Attention
C12872,37,4,1670.8500000000001,4,2,4,424,Loyal Customers
C12873,159,5,1319.95,2,3,4,234,Needs Attention
C12874,627,1,9.14,1,1,1,111,Lost
C12875,255,4,180.19,1,2,1,121,Lost
C12876,29,2,405.56,4,1,2,412,New/Promising
C12877,629,4,284.53000000000003,1,2,2,122,Lost
C12878,158,3,202.43,2,2,2,222,Lost
C12879,37,2,464.8,4,1,3,413,New/Promising
C12880,177,2,847.1899999999999,2,1,3,213,Cant Lose Them
C12881,81,5,534.72,3,3,3,333,Champions
C12882,430,4,800.03,1,2,3,123,Cant Lose Them
C12883,375,5,311.38,1,3,2,132,Others
C12884,331,1,2.36,1,1,1,111,Lost
C12885,414,1,7.66,1,1,1,111,Lost
C12886,36,8,638.78,4,4,3,443,Champions
C12887,17,5,636.79,4,3,3,433,Champions
C12888,80,4,335.07,3,2,2,322,Loyal Customers
C12889,193,3,630.51,2,2,3,223,Cant Lose Them
C12890,635,1,177.76,1,1,1,111,Lost
C12891,89,4,850.49,3,2,3,323,Loyal Customers
C12892,86,10,3907.7799999999997,3,4,4,344,Champions
C12893,24,5,1152.29,4,3,4,434,Champions
C12894,127,4,339.81,2,2,2,222,Lost
C12895,68,5,820.74,3,3,3,333,Champions
C12896,101,10,934.37,3,4,4,344,Champions
C12897,124,3,319.03000000000003,2,2,2,222,Lost
C12898,551,2,57.99,1,1,1,111,Lost
C12899,104,4,864.9799999999999,3,2,3,323,Loyal Customers
C12900,82,3,907.9,3,2,4,324,Loyal Customers
C12901,81,5,298.91,3,3,2,332,Loyal Customers
C12902,106,7,1274.95,3,4,4,344,Champions
C12903,54,3,115.75,3,2,1,321,Loyal Customers
C12904,153,2,53.63,2,1,1,211,Lost
C12905,156,2,406.42,2,1,2,212,Lost
C12906,187,6,1637.42,2,4,4,244,Needs Attention
C12907,207,1,6.98,2,1,1,211,Lost
C12908,48,4,327.51,4,2,2,422,Loyal Customers
C12909,266,3,157.9,1,2,1,121,Lost
C12910,145,4,553.28,2,2,3,223,Cant Lose Them
C12911,213,6,1656.86,2,4,4,244,Needs Attention
C12912,61,5,674.62,3,3,3,333,Champions
C12913,39,1,1007.06,4,1,4,414,New/Promising
C12914,2,6,3787.7000000000003,4,4,4,444,Champions
C12915,103,4,1710.68,3,2,4,324,Loyal Customers
C12916,19,5,1159.84,4,3,4,434,Champions
C12917,96,4,52.55,3,2,1,321,Loyal Customers
C12918,260,6,365.71,1,4,2,142,Others
C12919,261,6,1245.85,1,4,4,144,At Risk
C12920,148,4,384.87,2,2,2,222,Lost
C12921,75,4,238.11,3,2,2,322,Loyal Customers
C12922,6,7,1474.04,4,4,4,444,Champions
C12923,35,6,783.01,4,4,3,443,Champions
C12924,22,7,679.5699999999999,4,4,3,443,Champions
C12925,63,5,153.95,3,3,1,331,Loyal Customers
C12926,152,4,518.35,2,2,3,223,Cant Lose Them
C12927,376,2,631.79,1,1,3,113,Cant Lose Them
C12928,59,7,1876.17,3,4,4,344,Champions
C12930,221,5,321.03,2,3,2,232,Needs Attention
C12931,53,3,602.1,3,2,3,323,Loyal Customers
C12932,158,1,218.92,2,1,2,212,Lost
C12933,12,5,1933.1699999999998,4,3,4,434,Champions
C12934,125,4,1402.6,2,2,4,224,Cant Lose Them
C12935,85,3,542.78,3,2,3,323,Loyal Customers
C12936,527,3,667.48,1,2,3,123,Cant Lose Them
C12937,260,2,21.740000000000002,1,1,1,111,Lost
C12938,112,9,2871.73,3,4,4,344,Champions
C12939,131,6,832.5200000000001,2,4,3,243,Needs Attention
C12940,39,5,369.82,4,3,2,432,Loyal Customers
C12941,215,6,1006.5200000000001,2,4,4,244,Needs Attention
C12942,6,4,530.62,4,2,3,423,Loyal Customers
C12943,635,2,426.5,1,1,2,112,Lost
C12944,166,6,1366.4,2,4,4,244,Needs Attention
C12945,97,6,289.42,3,4,2,342,Loyal Customers
C12946,27,7,583.24,4,4,3,443,Champions
C12947,17,5,1193.19,4,3,4,434,Champions
C12948,21,3,137.8,4,2,1,421,Loyal Customers
C12949,12,6,1250.8600000000001,4,4,4,444,Champions
C12950,52,4,476.41,3,2,3,323,Loyal Customers
C12951,43,6,230.54,4,4,2,442,Loyal Customers
C12952,190,4,284.23,2,2,2,222,Lost
C12953,78,6,525.0,3,4,3,343,Champions
C12954,508,1,17.66,1,1,1,111,Lost
C12955,639,1,9.93,1,1,1,111,Lost
C12956,245,4,428.27,1,2,2,122,Lost
C12957,279,2,31.12,1,1,1,111,Lost
C12958,258,4,278.51,1,2,2,122,Lost
C12959,50,6,873.1500000000001,4,4,3,443,Champions
C12960,77,3,438.27,3,2,2,322,Loyal Customers
C12961,311,2,1346.78,1,1,4,114,Cant Lose Them
C12962,49,5,647.27,4,3,3,433,Champions
C12963,133,5,472.51,2,3,3,233,Needs Attention
C12964,67,11,5784.85,3,4,4,344,Champions
C12965,25,7,2106.14,4,4,4,444,Champions
C12966,56,5,408.03,3,3,2,332,Loyal Customers
C12967,174,3,1007.52,2,2,4,224,Cant Lose Them
C12968,280,2,12.620000000000001,1,1,1,111,Lost
C12969,12,3,285.83,4,2,2,422,Loyal Customers
C12970,59,5,1395.24,3,3,4,334,Champions
C12971,6,9,798.8399999999999,4,4,3,443,Champions
C12972,36,7,2456.91,4,4,4,444,Champions
C12973,372,1,255.58,1,1,2,112,Lost
C12974,307,2,86.09,1,1,1,111,Lost
C12975,191,6,564.79,2,4,3,243,Needs Attention
C12976,43,4,1668.31,4,2,4,424,Loyal Customers
C12977,124,7,336.79,2,4,2,242,Needs Attention
C12978,91,6,676.34,3,4,3,343,Champions
C12979,119,6,521.42,3,4,3,343,Champions
C12980,73,2,81.13,3,1,1,311,New/Promising
C12981,32,3,149.23,4,2,1,421,Loyal Customers
C12982,48,2,365.97,4,1,2,412,New/Promising
C12983,216,5,242.5,2,3,2,232,Needs Attention
C12984,281,2,849.6600000000001,1,1,3,113,Cant Lose Them
C12985,23,5,494.81,4,3,3,433,Champions
C12986,223,2,1714.69,2,1,4,214,Cant Lose Them
C12987,70,5,287.3,3,3,2,332,Loyal Customers
C12988,352,2,89.56,1,1,1,111,Lost
C12989,47,5,160.51999999999998,4,3,1,431,Loyal Customers
C12990,32,10,362.35,4,4,2,442,Loyal Customers
C12991,554,2,110.6,1,1,1,111,Lost
C12992,111,2,110.57000000000001,3,1,1,311,New/Promising
C12993,226,5,248.7,2,3,2,232,Needs Attention
C12994,160,6,523.48,2,4,3,243,Needs Attention
C12995,123,4,210.44,2,2,2,222,Lost
C12996,363,2,48.75,1,1,1,111,Lost
C12997,479,3,92.91,1,2,1,121,Lost
C12998,152,3,68.38,2,2,1,221,Lost
C12999,164,4,716.49,2,2,3,223,Cant Lose Them
C13001,389,2,421.46,1,1,2,112,Lost
C13002,168,1,31.57,2,1,1,211,Lost
C13003,168,3,408.41999999999996,2,2,2,222,Lost
C13004,213,4,614.33,2,2,3,223,Cant Lose Them
C13005,100,8,1824.66,3,4,4,344,Champions
C13006,311,4,108.26,1,2,1,121,Lost
C13007,192,3,142.98000000000002,2,2,1,221,Lost
C13008,6,5,1019.94,4,3,4,434,Champions
C13009,346,5,899.18,1,3,3,133,At Risk
C13010,62,9,1189.32,3,4,4,344,Champions
C13011,257,2,615.9599999999999,1,1,3,113,Cant Lose Them
C13012,37,4,152.41,4,2,1,421,Loyal Customers
C13013,615,2,22.130000000000003,1,1,1,111,Lost
C13015,7,2,134.36,4,1,1,411,New/Promising
C13016,209,2,34.78,2,1,1,211,Lost
C13017,54,3,28.07,3,2,1,321,Loyal Customers
C13018,17,3,389.03999999999996,4,2,2,422,Loyal Customers
C13019,89,4,400.19,3,2,2,322,Loyal Customers
C13020,51,6,145.23,3,4,1,341,Loyal Customers
C13021,105,4,153.57,3,2,1,321,Loyal Customers
C13022,3,6,1294.66,4,4,4,444,Champions
C13023,451,1,8.8,1,1,1,111,Lost
C13024,706,1,109.45,1,1,1,111,Lost
C13025,137,4,1262.03,2,2,4,224,Cant Lose Them
C13026,174,5,181.9,2,3,1,231,Needs Attention
C13027,325,2,64.02,1,1,1,111,Lost
C13028,72,4,414.26,3,2,2,322,Loyal Customers
C13029,176,6,401.38,2,4,2,242,Needs Attention
C13030,54,6,941.9599999999999,3,4,4,344,Champions
C13031,14,3,804.5699999999999,4,2,3,423,Loyal Customers
C13032,11,6,1995.27,4,4,4,444,Champions
C13033,372,3,214.4,1,2,2,122,Lost
C13034,113,8,1034.59,3,4,4,344,Champions
C13036,80,6,335.64,3,4,2,342,Loyal Customers
C13037,37,5,216.1,4,3,2,432,Loyal Customers
C13038,57,4,437.55,3,2,2,322,Loyal Customers
C13039,67,5,530.85,3,3,3,333,Champions
C13040,183,2,42.879999999999995,2,1,1,211,Lost
C13041,323,6,282.96000000000004,1,4,2,142,Others
C13042,95,5,310.28000000000003,3,3,2,332,Loyal Customers
C13043,60,1,6.43,3,1,1,311,New/Promising
C13044,57,6,159.8,3,4,1,341,Loyal Customers
C13045,139,1,121.22,2,1,1,211,Lost
C13046,34,7,738.47,4,4,3,443,Champions
C13047,566,1,31.28,1,1,1,111,Lost
C13048,20,4,240.32,4,2,2,422,Loyal Customers
C13049,147,3,985.4,2,2,4,224,Cant Lose Them
C13050,245,1,12.31,1,1,1,111,Lost
C13051,180,3,236.45,2,2,2,222,Lost
C13052,90,8,455.43,3,4,3,343,Champions
C13053,54,2,267.03000000000003,3,1,2,312,New/Promising
C13054,13,5,700.03,4,3,3,433,Champions
C13055,44,6,1529.82,4,4,4,444,Champions
C13056,15,6,542.48,4,4,3,443,Champions
C13057,109,4,425.66,3,2,2,322,Loyal Customers
C13059,91,4,1834.85,3,2,4,324,Loyal Customers
C13060,41,4,201.81,4,2,2,422,Loyal Customers
C13061,70,5,523.72,3,3,3,333,Champions
C13062,53,5,133.65,3,3,1,331,Loyal Customers
C13063,126,3,545.05,2,2,3,223,Cant Lose Them
C13064,509,3,103.61,1,2,1,121,Lost
C13065,23,6,299.15,4,4,2,442,Loyal Customers
C13066,9,4,210.94,4,2,2,422,Loyal Customers
C13067,25,3,1186.07,4,2,4,424,Loyal Customers
C13068,103,2,24.9,3,1,1,311,New/Promising
C13069,344,3,250.28,1,2,2,122,Lost
C13070,481,1,912.63,1,1,4,114,Cant Lose Them
C13071,84,4,355.61,3,2,2,322,Loyal Customers
C13072,54,8,795.6999999999999,3,4,3,343,Champions
C13073,125,4,2764.46,2,2,4,224,Cant Lose Them
C13074,301,2,177.06,1,1,1,111,Lost
C13075,28,5,3484.67,4,3,4,434,Champions
C13076,76,5,200.56,3,3,2,332,Loyal Customers
C13078,344,3,507.25,1,2,3,123,Cant Lose Them
C13079,122,3,683.18,2,2,3,223,Cant Lose Them
C13080,250,3,220.2,1,2,2,122,Lost
C13081,118,10,695.82,3,4,3,343,Champions
C13082,276,3,1171.15,1,2,4,124,Cant Lose Them
C13083,52,9,381.0,3,4,2,342,Loyal Customers
C13084,314,4,173.1,1,2,1,121,Lost
C13085,351,2,179.63,1,1,1,111,Lost
C13086,54,7,1112.98,3,4,4,344,Champions
C13087,300,6,426.54,1,4,2,142,Others
C13088,51,5,190.31,3,3,2,332,Loyal Customers
C13089,55,2,43.45,3,1,1,311,New/Promising
C13090,207,2,201.51,2,1,2,212,Lost
C13091,459,3,175.67,1,2,1,121,Lost
C13092,8,8,521.02,4,4,3,443,Champions
C13093,91,7,820.99,3,4,3,343,Champions
C13094,109,3,159.44,3,2,1,321,Loyal Customers
C13095,81,3,145.64000000000001,3,2,1,321,Loyal Customers
C13096,5,3,257.78999999999996,4,2,2,422,Loyal Customers
C13097,69,6,2404.11,3,4,4,344,Champions
C13098,11,2,265.0,4,1,2,412,New/Promising
C13099,133,4,1352.3000000000002,2,2,4,224,Cant Lose Them
C13100,208,2,203.5,2,1,2,212,Lost
C13101,5,1,28.86,4,1,1,411,New/Promising
C13102,365,2,283.65,1,1,2,112,Lost
C13103,121,3,882.12,3,2,3,323,Loyal Customers
C13104,134,5,1552.18,2,3,4,234,Needs Attention
C13105,93,2,648.39,3,1,3,313,New/Promising
C13106,259,1,5.25,1,1,1,111,Lost
C13107,283,3,1659.2,1,2,4,124,Cant Lose Them
C13108,72,3,408.21000000000004,3,2,2,322,Loyal Customers
C13109,70,7,1897.4799999999998,3,4,4,344,Champions
C13110,324,5,459.32,1,3,3,133,At Risk
C13111,161,3,2115.58,2,2,4,224,Cant Lose Them
C13112,163,2,87.07000000000001,2,1,1,211,Lost
C13113,190,3,243.37,2,2,2,222,Lost
C13114,292,3,392.91,1,2,2,122,Lost
C13115,507,2,286.62,1,1,2,112,Lost
C13116,72,5,909.59,3,3,4,334,Champions
C13117,156,5,321.89,2,3,2,232,Needs Attention
C13118,25,5,528.47,4,3,3,433,Champions
C13119,701,2,91.94,1,1,1,111,Lost
C13120,169,6,953.91,2,4,4,244,Needs Attention
C13121,398,1,1240.35,1,1,4,114,Cant Lose Them
C13122,161,3,828.13,2,2,3,223,Cant Lose Them
C13123,292,7,379.21,1,4,2,142,Others
C13124,150,5,1015.42,2,3,4,234,Needs Attention
C13125,68,3,81.63,3,2,1,321,Loyal Customers
C13126,318,4,376.82,1,2,2,122,Lost
C13127,401,4,264.08,1,2,2,122,Lost
C13128,638,1,35.29,1,1,1,111,Lost
C13129,412,4,92.14,1,2,1,121,Lost
C13130,216,4,896.01,2,2,3,223,Cant Lose Them
C13131,186,3,574.65,2,2,3,223,Cant Lose Them
C13132,172,3,135.44,2,2,1,221,Lost
C13133,25,4,352.95000000000005,4,2,2,422,Loyal Customers
C13134,42,4,522.23,4,2,3,423,Loyal Customers
C13135,672,1,753.73,1,1,3,113,Cant Lose Them
C13136,80,6,491.05,3,4,3,343,Champions
C13137,9,7,2130.39,4,4,4,444,Champions
C13138,17,6,2358.54,4,4,4,444,Champions
C13139,18,5,590.63,4,3,3,433,Champions
C13140,67,8,1426.05,3,4,4,344,Champions
C13141,182,4,450.51,2,2,2,222,Lost
C13142,69,4,429.0,3,2,2,322,Loyal Customers
C13143,219,1,27.19,2,1,1,211,Lost
C13144,1,7,684.95,4,4,3,443,Champions
C13145,69,4,158.64000000000001,3,2,1,321,Loyal Customers
C13146,76,3,764.75,3,2,3,323,Loyal Customers
C13147,43,5,1050.9,4,3,4,434,Champions
C13148,144,6,630.72,2,4,3,243,Needs Attention
C13149,27,3,87.94,4,2,1,421,Loyal Customers
C13150,709,1,12.04,1,1,1,111,Lost
C13151,33,5,287.84,4,3,2,432,Loyal Customers
C13152,102,6,896.9000000000001,3,4,3,343,Champions
C13153,143,4,213.72,2,2,2,222,Lost
C13154,366,2,35.27,1,1,1,111,Lost
C13155,126,6,178.57,2,4,1,241,Needs Attention
C13156,22,4,359.35,4,2,2,422,Loyal Customers
C13157,48,6,1284.54,4,4,4,444,Champions
C13158,237,4,283.13,2,2,2,222,Lost
C13159,31,5,341.04,4,3,2,432,Loyal Customers
C13160,672,1,168.8,1,1,1,111,Lost
C13161,8,4,76.65,4,2,1,421,Loyal Customers
C13162,36,6,1871.46,4,4,4,444,Champions
C13163,289,2,26.810000000000002,1,1,1,111,Lost
C13164,19,5,286.83,4,3,2,432,Loyal Customers
C13165,423,3,791.32,1,2,3,123,Cant Lose Them
C13166,24,3,115.07,4,2,1,421,Loyal Customers
C13167,15,3,1996.2,4,2,4,424,Loyal Customers
C13168,87,5,168.07,3,3,1,331,Loyal Customers
C13170,40,6,440.12,4,4,2,442,Loyal Customers
C13171,20,5,546.63,4,3,3,433,Champions
C13172,588,2,300.22,1,1,2,112,Lost
C13173,122,4,230.19,2,2,2,222,Lost
C13174,58,9,1751.48,3,4,4,344,Champions
C13175,164,7,1310.72,2,4,4,244,Needs Attention
C13176,53,5,588.85,3,3,3,333,Champions
C13177,18,6,854.26,4,4,3,443,Champions
C13178,7,7,755.99,4,4,3,443,Champions
C13179,83,8,717.9,3,4,3,343,Champions
C13180,272,4,458.07,1,2,3,123,Cant Lose Them
C13181,63,4,807.36,3,2,3,323,Loyal Customers
C13182,102,5,1122.97,3,3,4,334,Champions
C13183,82,8,1116.01,3,4,4,344,Champions
C13185,13,10,1103.6200000000001,4,4,4,444,Champions
C13186,2,3,373.07,4,2,2,422,Loyal Customers
C13187,238,2,124.82,1,1,1,111,Lost
C13188,14,4,476.47,4,2,3,423,Loyal Customers
C13189,431,3,499.59000000000003,1,2,3,123,Cant Lose Them
C13190,72,9,1363.65,3,4,4,344,Champions
C13191,83,8,374.01,3,4,2,342,Loyal Customers
C13192,30,7,1802.3700000000001,4,4,4,444,Champions
C13193,59,2,194.51999999999998,3,1,2,312,New/Promising
C13194,220,3,243.59,2,2,2,222,Lost
C13195,196,3,330.45,2,2,2,222,Lost
C13196,123,3,86.98,2,2,1,221,Lost
C13197,136,4,1161.8400000000001,2,2,4,224,Cant Lose Them
C13198,30,6,769.39,4,4,3,443,Champions
C13199,202,6,1038.6699999999998,2,4,4,244,Needs Attention
C13200,59,3,74.46000000000001,3,2,1,321,Loyal Customers
C13201,120,10,750.73,3,4,3,343,Champions
C13202,175,5,1713.8899999999999,2,3,4,234,Needs Attention
C13203,38,5,559.89,4,3,3,433,Champions
C13204,171,4,115.22,2,2,1,221,Lost
C13205,6,8,308.63,4,4,2,442,Loyal Customers
C13206,436,3,398.72,1,2,2,122,Lost
C13207,17,3,63.669999999999995,4,2,1,421,Loyal Customers
C13208,407,1,81.78,1,1,1,111,Lost
C13209,146,6,3217.64,2,4,4,244,Needs Attention
C13211,185,1,80.37,2,1,1,211,Lost
C13212,29,5,949.1899999999999,4,3,4,434,Champions
C13213,612,1,25.74,1,1,1,111,Lost
C13214,179,4,268.61,2,2,2,222,Lost
C13215,169,3,506.56,2,2,3,223,Cant Lose Them
C13216,176,5,242.07,2,3,2,232,Needs Attention
C13217,266,6,625.52,1,4,3,143,At Risk
C13218,424,7,1334.6,1,4,4,144,At Risk
C13219,19,7,425.77,4,4,2,442,Loyal Customers
C13220,1,5,629.86,4,3,3,433,Champions
C13221,365,4,226.56,1,2,2,122,Lost
C13222,19,2,579.13,4,1,3,413,New/Promising
C13223,86,5,463.0,3,3,3,333,Champions
C13224,540,1,18.69,1,1,1,111,Lost
C13225,86,4,662.78,3,2,3,323,Loyal Customers
C13226,67,2,1329.6,3,1,4,314,New/Promising
C13227,11,7,1426.6000000000001,4,4,4,444,Champions
C13228,191,3,313.63,2,2,2,222,Lost
C13229,21,3,698.7,4,2,3,423,Loyal Customers
C13230,418,2,704.84,1,1,3,113,Cant Lose Them
C13231,18,5,2273.45,4,3,4,434,Champions
C13232,33,6,186.09,4,4,1,441,Loyal Customers
C13233,98,3,200.84,3,2,2,322,Loyal Customers
C13234,245,3,109.1,1,2,1,121,Lost
C13235,428,3,165.54,1,2,1,121,Lost
C13236,8,5,206.85,4,3,2,432,Loyal Customers
C13237,113,7,456.0,3,4,3,343,Champions
C13238,60,6,860.27,3,4,3,343,Champions
C13239,21,9,864.08,4,4,3,443,Champions
C13240,51,8,847.9300000000001,3,4,3,343,Champions
C13241,35,3,913.66,4,2,4,424,Loyal Customers
C13242,236,5,988.45,2,3,4,234,Needs Attention
C13243,128,7,693.9100000000001,2,4,3,243,Needs Attention
C13244,157,2,410.77000000000004,2,1,2,212,Lost
C13245,50,3,276.78000000000003,4,2,2,422,Loyal Customers
C13246,24,1,5.67,4,1,1,411,New/Promising
C13247,90,7,464.71,3,4,3,343,Champions
C13248,150,2,82.1,2,1,1,211,Lost
C13249,115,5,425.67,3,3,2,332,Loyal Customers
C13250,109,2,59.09,3,1,1,311,New/Promising
C13251,306,3,69.22,1,2,1,121,Lost
C13252,126,2,51.41,2,1,1,211,Lost
C13253,41,5,1430.24,4,3,4,434,Champions
C13254,182,4,146.26,2,2,1,221,Lost
C13255,212,6,1613.27,2,4,4,244,Needs Attention
C13256,290,1,2.15,1,1,1,111,Lost
C13257,441,3,991.72,1,2,4,124,Cant Lose Them
C13258,15,5,327.67,4,3,2,432,Loyal Customers
C13259,11,6,2528.14,4,4,4,444,Champions
C13260,164,7,542.43,2,4,3,243,Needs Attention
C13261,288,4,509.43,1,2,3,123,Cant Lose Them
C13262,38,6,1497.61,4,4,4,444,Champions
C13263,303,2,383.98999999999995,1,1,2,112,Lost
C13264,295,4,275.24,1,2,2,122,Lost
C13265,236,1,112.79,2,1,1,211,Lost
C13266,34,7,858.92,4,4,3,443,Champions
C13267,111,7,668.83,3,4,3,343,Champions
C13268,177,1,606.95,2,1,3,213,Cant Lose Them
C13269,315,3,104.44999999999999,1,2,1,121,Lost
C13270,11,5,237.34,4,3,2,432,Loyal Customers
C13271,403,5,844.08,1,3,3,133,At Risk
C13272,62,5,461.48,3,3,3,333,Champions
C13273,173,7,1062.6,2,4,4,244,Needs Attention
C13274,285,2,64.21,1,1,1,111,Lost
C13275,20,6,704.48,4,4,3,443,Champions
C13276,269,4,346.3,1,2,2,122,Lost
C13277,214,3,595.52,2,2,3,223,Cant Lose Them
C13278,103,4,710.63,3,2,3,323,Loyal Customers
C13279,14,6,328.49,4,4,2,442,Loyal Customers
C13280,102,5,638.7,3,3,3,333,Champions
C13281,29,6,968.65,4,4,4,444,Champions
C13283,14,6,556.91,4,4,3,443,Champions
C13284,131,3,829.09,2,2,3,223,Cant Lose Them
C13285,142,5,289.07,2,3,2,232,Needs Attention
C13286,254,2,59.59,1,1,1,111,Lost
C13287,31,6,557.22,4,4,3,443,Champions
C13288,258,2,1751.8799999999999,1,1,4,114,Cant Lose Them
C13289,147,3,206.2,2,2,2,222,Lost
C13290,91,6,699.5,3,4,3,343,Champions
C13291,213,9,2564.27,2,4,4,244,Needs Attention
C13292,143,4,361.94,2,2,2,222,Lost
C13293,67,4,329.78000000000003,3,2,2,322,Loyal Customers
C13294,51,6,545.19,3,4,3,343,Champions
C13295,254,1,295.81,1,1,2,112,Lost
C13296,129,2,82.33,2,1,1,211,Lost
C13297,97,4,412.33,3,2,2,322,Loyal Customers
C13298,131,2,182.57,2,1,1,211,Lost
C13299,33,4,901.91,4,2,3,423,Loyal Customers
C13300,143,4,661.82,2,2,3,223,Cant Lose Them
C13301,178,6,644.51,2,4,3,243,Needs Attention
C13302,120,4,290.52000000000004,3,2,2,322,Loyal Customers
C13304,115,3,296.53,3,2,2,322,Loyal Customers
C13305,322,4,1541.79,1,2,4,124,Cant Lose Them
C13306,200,5,107.78,2,3,1,231,Needs Attention
C13307,21,6,493.47,4,4,3,443,Champions
C13308,374,3,233.14,1,2,2,122,Lost
C13309,7,7,1407.72,4,4,4,444,Champions
C13310,63,5,292.83,3,3,2,332,Loyal Customers
C13311,138,4,1122.59,2,2,4,224,Cant Lose Them
C13312,188,4,300.04,2,2,2,222,Lost
C13313,231,2,112.56,2,1,1,211,Lost
C13314,241,2,506.44000000000005,1,1,3,113,Cant Lose Them
C13315,723,1,154.19,1,1,1,111,Lost
C13316,668,1,336.02,1,1,2,112,Lost
C13317,119,5,1657.72,3,3,4,334,Champions
C13318,344,4,217.14000000000001,1,2,2,122,Lost
C13319,422,2,845.22,1,1,3,113,Cant Lose Them
C13320,30,4,605.77,4,2,3,423,Loyal Customers
C13321,345,2,254.07,1,1,2,112,Lost
C13322,45,6,611.13,4,4,3,443,Champions
C13323,213,4,490.51000000000005,2,2,3,223,Cant Lose Them
C13324,46,6,446.11,4,4,2,442,Loyal Customers
C13325,177,4,1184.02,2,2,4,224,Cant Lose Them
C13326,6,5,362.34,4,3,2,432,Loyal Customers
C13327,38,2,129.76,4,1,1,411,New/Promising
C13328,355,3,134.07999999999998,1,2,1,121,Lost
C13329,300,3,516.11,1,2,3,123,Cant Lose Them
C13330,1,5,2777.7599999999998,4,3,4,434,Champions
C13331,193,6,398.47,2,4,2,242,Needs Attention
C13332,547,2,2648.76,1,1,4,114,Cant Lose Them
C13333,26,5,632.2900000000001,4,3,3,433,Champions
C13334,197,2,196.44,2,1,2,212,Lost
C13335,482,2,84.33999999999999,1,1,1,111,Lost
C13336,21,8,1294.11,4,4,4,444,Champions
C13337,145,5,580.69,2,3,3,233,Needs Attention
C13338,26,6,243.13000000000002,4,4,2,442,Loyal Customers
C13339,320,6,239.29999999999998,1,4,2,142,Others
C13340,121,6,169.23,3,4,1,341,Loyal Customers
C13341,284,2,141.20000000000002,1,1,1,111,Lost
C13342,17,9,2468.57,4,4,4,444,Champions
C13343,100,5,508.72,3,3,3,333,Champions
C13344,41,3,707.6600000000001,4,2,3,423,Loyal Customers
C13345,14,4,428.78000000000003,4,2,2,422,Loyal Customers
C13346,106,7,4426.12,3,4,4,344,Champions
C13347,105,3,223.79,3,2,2,322,Loyal Customers
C13348,66,11,933.58,3,4,4,344,Champions
C13349,193,3,1446.49,2,2,4,224,Cant Lose Them
C13350,183,1,51.2,2,1,1,211,Lost
C13351,214,3,1689.8700000000001,2,2,4,224,Cant Lose Them
C13352,461,2,32.92,1,1,1,111,Lost
C13353,148,3,841.79,2,2,3,223,Cant Lose Them
C13354,43,5,996.46,4,3,4,434,Champions
C13355,597,1,850.88,1,1,3,113,Cant Lose Them
C13356,53,5,131.27,3,3,1,331,Loyal Customers
C13357,20,5,727.83,4,3,3,433,Champions
C13358,91,5,439.77,3,3,2,332,Loyal Customers
C13359,68,6,265.14,3,4,2,342,Loyal Customers
C13360,36,5,1345.67,4,3,4,434,Champions
C13361,86,5,319.03000000000003,3,3,2,332,Loyal Customers
C13362,299,4,1269.1100000000001,1,2,4,124,Cant Lose Them
C13363,92,4,2216.81,3,2,4,324,Loyal Customers
C13364,34,10,3890.8,4,4,4,444,Champions
C13365,198,1,199.89,2,1,2,212,Lost
C13366,491,2,14.100000000000001,1,1,1,111,Lost
C13367,55,5,462.07,3,3,3,333,Champions
C13368,23,8,1017.13,4,4,4,444,Champions
C13369,16,6,1642.22,4,4,4,444,Champions
C13370,7,6,1151.84,4,4,4,444,Champions
C13371,59,5,531.33,3,3,3,333,Champions
C13372,129,4,524.51,2,2,3,223,Cant Lose Them
C13373,102,6,1425.76,3,4,4,344,Champions
C13374,141,5,1253.01,2,3,4,234,Needs Attention
C13375,603,2,22.69,1,1,1,111,Lost
C13376,295,4,1076.7,1,2,4,124,Cant Lose Them
C13377,46,4,68.33,4,2,1,421,Loyal Customers
C13378,698,1,50.29,1,1,1,111,Lost
C13379,96,4,248.54999999999998,3,2,2,322,Loyal Customers
C13380,4,5,171.09,4,3,1,431,Loyal Customers
C13381,62,4,612.11,3,2,3,323,Loyal Customers
C13382,711,1,80.78,1,1,1,111,Lost
C13383,83,2,26.560000000000002,3,1,1,311,New/Promising
C13384,137,4,176.82999999999998,2,2,1,221,Lost
C13385,22,7,760.71,4,4,3,443,Champions
C13386,471,2,65.85,1,1,1,111,Lost
C13387,379,3,172.48999999999998,1,2,1,121,Lost
C13388,304,6,253.07,1,4,2,142,Others
C13389,178,6,378.56,2,4,2,242,Needs Attention
C13390,38,7,1279.71,4,4,4,444,Champions
C13391,201,5,408.34999999999997,2,3,2,232,Needs Attention
C13392,32,6,437.85,4,4,2,442,Loyal Customers
C13393,24,1,55.51,4,1,1,411,New/Promising
C13394,477,3,96.28,1,2,1,121,Lost
C13395,121,5,1792.05,3,3,4,334,Champions
C13396,139,2,104.05,2,1,1,211,Lost
C13397,19,4,194.05,4,2,2,422,Loyal Customers
C13398,7,6,823.66,4,4,3,443,Champions
C13399,77,3,349.29,3,2,2,322,Loyal Customers
C13400,105,2,71.5,3,1,1,311,New/Promising
C13401,209,6,280.01,2,4,2,242,Needs Attention
C13402,87,3,433.0,3,2,2,322,Loyal Customers
C13403,85,6,730.5500000000001,3,4,3,343,Champions
C13404,300,2,310.45,1,1,2,112,Lost
C13405,91,3,84.46,3,2,1,321,Loyal Customers
C13406,25,6,172.28,4,4,1,441,Loyal Customers
C13407,38,6,2230.63,4,4,4,444,Champions
C13408,32,6,1097.01,4,4,4,444,Champions
C13409,208,1,6.41,2,1,1,211,Lost
C13410,170,2,255.73999999999998,2,1,2,212,Lost
C13411,21,6,887.14,4,4,3,443,Champions
C13412,33,5,354.9,4,3,2,432,Loyal Customers
C13413,135,3,205.91,2,2,2,222,Lost
C13414,1,8,3320.45,4,4,4,444,Champions
C13415,104,4,279.36,3,2,2,322,Loyal Customers
C13416,201,6,426.15,2,4,2,242,Needs Attention
C13417,123,3,79.67,2,2,1,221,Lost
C13418,109,2,368.78,3,1,2,312,New/Promising
C13419,197,5,230.68,2,3,2,232,Needs Attention
C13420,20,6,1069.02,4,4,4,444,Champions
C13421,1,1,35.4,4,1,1,411,New/Promising
C13422,339,3,272.39,1,2,2,122,Lost
C13423,30,4,130.58,4,2,1,421,Loyal Customers
C13424,293,5,290.92,1,3,2,132,Others
C13425,89,2,507.15999999999997,3,1,3,313,New/Promising
C13426,9,7,1460.77,4,4,4,444,Champions
C13427,139,5,1632.47,2,3,4,234,Needs Attention
C13428,47,4,157.47,4,2,1,421,Loyal Customers
C13429,285,2,185.29,1,1,1,111,Lost
C13430,257,7,1192.53,1,4,4,144,At Risk
C13431,424,2,178.84,1,1,1,111,Lost
C13432,288,4,1926.29,1,2,4,124,Cant Lose Them
C13433,323,2,60.81,1,1,1,111,Lost
C13434,220,1,90.57,2,1,1,211,Lost
C13435,29,5,780.9799999999999,4,3,3,433,Champions
C13436,263,5,776.9,1,3,3,133,At Risk
C13437,129,4,222.60999999999999,2,2,2,222,Lost
C13438,55,6,348.76,3,4,2,342,Loyal Customers
C13439,5,5,570.99,4,3,3,433,Champions
C13440,136,8,872.5699999999999,2,4,3,243,Needs Attention
C13441,403,1,2.58,1,1,1,111,Lost
C13442,257,4,483.6,1,2,3,123,Cant Lose Them
C13443,425,1,5.76,1,1,1,111,Lost
C13444,209,5,414.67,2,3,2,232,Needs Attention
C13445,16,5,239.53,4,3,2,432,Loyal Customers
C13446,53,8,568.71,3,4,3,343,Champions
C13447,306,3,542.58,1,2,3,123,Cant Lose Them
C13448,241,3,176.60999999999999,1,2,1,121,Lost
C13449,14,3,29.4,4,2,1,421,Loyal Customers
C13450,45,3,236.06,4,2,2,422,Loyal Customers
C13451,129,4,213.07999999999998,2,2,2,222,Lost
C13452,453,3,1041.8500000000001,1,2,4,124,Cant Lose Them
C13453,299,5,429.41,1,3,2,132,Others
C13454,90,7,5018.35,3,4,4,344,Champions
C13455,22,1,1.84,4,1,1,411,New/Promising
C13456,64,4,214.13,3,2,2,322,Loyal Customers
C13457,199,4,337.84000000000003,2,2,2,222,Lost
C13458,404,3,604.35,1,2,3,123,Cant Lose Them
C13459,225,3,186.74,2,2,1,221,Lost
C13460,17,8,1125.51,4,4,4,444,Champions
C13461,52,4,439.05,3,2,2,322,Loyal Customers
C13462,234,6,920.5000000000001,2,4,4,244,Needs Attention
C13463,339,2,736.22,1,1,3,113,Cant Lose Them
C13464,134,5,247.0,2,3,2,232,Needs Attention
C13465,45,5,583.15,4,3,3,433,Champions
C13466,46,4,148.04999999999998,4,2,1,421,Loyal Customers
C13467,130,5,592.47,2,3,3,233,Needs Attention
C13468,201,2,643.7,2,1,3,213,Cant Lose Them
C13469,714,1,16.32,1,1,1,111,Lost
C13470,263,2,100.4,1,1,1,111,Lost
C13471,216,7,726.7,2,4,3,243,Needs Attention
C13472,99,6,1037.95,3,4,4,344,Champions
C13473,189,2,72.75,2,1,1,211,Lost
C13474,256,3,210.28,1,2,2,122,Lost
C13475,123,4,274.93,2,2,2,222,Lost
C13476,120,6,606.75,3,4,3,343,Champions
C13477,59,5,467.4,3,3,3,333,Champions
C13478,146,4,1025.57,2,2,4,224,Cant Lose Them
C13479,27,3,513.01,4,2,3,423,Loyal Customers
C13480,86,6,1914.64,3,4,4,344,Champions
C13481,152,3,1929.99,2,2,4,224,Cant Lose Them
C13483,4,6,507.22,4,4,3,443,Champions
C13484,123,4,179.06,2,2,1,221,Lost
C13485,480,2,256.76,1,1,2,112,Lost
C13486,129,5,401.82,2,3,2,232,Needs Attention
C13487,3,2,354.85,4,1,2,412,New/Promising
C13488,354,2,225.2,1,1,2,112,Lost
C13489,98,3,328.04,3,2,2,322,Loyal Customers
C13490,14,7,742.47,4,4,3,443,Champions
C13491,12,10,2074.24,4,4,4,444,Champions
C13492,130,2,127.82,2,1,1,211,Lost
C13493,292,2,239.22,1,1,2,112,Lost
C13494,125,3,46.41,2,2,1,221,Lost
C13495,65,6,592.62,3,4,3,343,Champions
C13496,110,6,1183.8899999999999,3,4,4,344,Champions
C13497,138,3,131.76999999999998,2,2,1,221,Lost
C13498,284,4,794.09,1,2,3,123,Cant Lose Them
C13499,325,3,205.2,1,2,2,122,Lost
C13500,141,6,2474.17,2,4,4,244,Needs Attention
C13501,188,3,227.3,2,2,2,222,Lost
C13502,18,3,195.29999999999998,4,2,2,422,Loyal Customers
C13503,335,4,306.35,1,2,2,122,Lost
C13504,4,8,4756.17,4,4,4,444,Champions
C13505,106,3,607.59,3,2,3,323,Loyal Customers
C13506,179,7,1838.1999999999998,2,4,4,244,Needs Attention
C13507,120,1,266.86,3,1,2,312,New/Promising
C13508,40,3,65.3,4,2,1,421,Loyal Customers
C13509,241,3,247.49,1,2,2,122,Lost
C13510,16,4,181.72,4,2,1,421,Loyal Customers
C13511,115,6,366.86,3,4,2,342,Loyal Customers
C13512,59,6,1490.3,3,4,4,344,Champions
C13513,17,6,561.26,4,4,3,443,Champions
C13514,13,7,303.04,4,4,2,442,Loyal Customers
C13515,21,7,2683.8900000000003,4,4,4,444,Champions
C13516,92,5,255.35999999999999,3,3,2,332,Loyal Customers
C13517,93,3,118.78999999999999,3,2,1,321,Loyal Customers
C13518,450,2,614.26,1,1,3,113,Cant Lose Them
C13519,120,3,78.8,3,2,1,321,Loyal Customers
C13520,84,6,381.59,3,4,2,342,Loyal Customers
C13521,54,4,1298.8600000000001,3,2,4,324,Loyal Customers
C13522,56,2,206.23,3,1,2,312,New/Promising
C13523,338,2,420.6,1,1,2,112,Lost
C13524,108,5,1257.0,3,3,4,334,Champions
C13525,67,1,63.15,3,1,1,311,New/Promising
C13526,319,4,548.36,1,2,3,123,Cant Lose Them
C13527,149,5,376.86,2,3,2,232,Needs Attention
C13528,199,3,303.53000000000003,2,2,2,222,Lost
C13529,73,5,616.49,3,3,3,333,Champions
C13530,64,5,2594.48,3,3,4,334,Champions
C13531,22,5,462.85,4,3,3,433,Champions
C13532,333,1,88.0,1,1,1,111,Lost
C13533,162,5,375.44,2,3,2,232,Needs Attention
C13534,65,8,1336.34,3,4,4,344,Champions
C13535,18,6,263.8,4,4,2,442,Loyal Customers
C13536,40,7,2138.9900000000002,4,4,4,444,Champions
C13537,246,3,57.44,1,2,1,121,Lost
C13538,20,5,124.0,4,3,1,431,Loyal Customers
C13539,8,4,120.15,4,2,1,421,Loyal Customers
C13540,125,3,26.229999999999997,2,2,1,221,Lost
C13541,319,3,250.1,1,2,2,122,Lost
C13542,336,2,87.19999999999999,1,1,1,111,Lost
C13543,442,2,582.82,1,1,3,113,Cant Lose Them
C13544,58,3,147.79,3,2,1,321,Loyal Customers
C13545,154,5,339.40000000000003,2,3,2,232,Needs Attention
C13546,44,4,330.81,4,2,2,422,Loyal Customers
C13547,9,2,735.62,4,1,3,413,New/Promising
C13548,685,1,19.61,1,1,1,111,Lost
C13549,49,6,212.64,4,4,2,442,Loyal Customers
C13550,55,2,150.15,3,1,1,311,New/Promising
C13551,170,5,1992.3500000000001,2,3,4,234,Needs Attention
C13552,102,4,711.21,3,2,3,323,Loyal Customers
C13553,30,9,2062.0,4,4,4,444,Champions
C13554,168,5,1062.5,2,3,4,234,Needs Attention
C13555,209,2,41.230000000000004,2,1,1,211,Lost
C13556,140,7,941.61,2,4,4,244,Needs Attention
C13557,73,5,262.82,3,3,2,332,Loyal Customers
C13558,36,8,1801.14,4,4,4,444,Champions
C13559,259,2,36.24,1,1,1,111,Lost
C13560,424,3,29.99,1,2,1,121,Lost
C13561,69,4,925.4,3,2,4,324,Loyal Customers
C13562,159,3,442.10999999999996,2,2,2,222,Lost
C13563,264,6,837.4499999999999,1,4,3,143,At Risk
C13564,579,3,202.20000000000002,1,2,2,122,Lost
C13565,55,5,11984.279999999999,3,3,4,334,Champions
C13566,170,3,120.41,2,2,1,221,Lost
C13567,139,3,792.5600000000001,2,2,3,223,Cant Lose Them
C13568,87,5,472.97,3,3,3,333,Champions
C13569,13,5,804.59,4,3,3,433,Champions
C13570,108,2,189.15,3,1,1,311,New/Promising
C13571,94,3,464.95,3,2,3,323,Loyal Customers
C13572,173,2,91.69999999999999,2,1,1,211,Lost
C13573,98,2,60.510000000000005,3,1,1,311,New/Promising
C13574,24,7,1107.94,4,4,4,444,Champions
C13575,5,7,1501.25,4,4,4,444,Champions
C13576,206,4,165.62,2,2,1,221,Lost
C13577,128,6,2073.95,2,4,4,244,Needs Attention
C13579,371,2,215.18,1,1,2,112,Lost
C13580,53,4,137.34,3,2,1,321,Loyal Customers
C13581,39,3,165.54,4,2,1,421,Loyal Customers
C13582,246,5,536.58,1,3,3,133,At Risk
C13583,28,1,227.5,4,1,2,412,New/Promising
C13584,106,5,5434.44,3,3,4,334,Champions
C13585,67,2,65.75999999999999,3,1,1,311,New/Promising
C13587,9,6,245.74,4,4,2,442,Loyal Customers
C13588,181,5,313.29,2,3,2,232,Needs Attention
C13589,116,1,65.76,3,1,1,311,New/Promising
C13590,325,5,364.9,1,3,2,132,Others
C13591,261,4,528.84,1,2,3,123,Cant Lose Them
C13592,406,1,5.82,1,1,1,111,Lost
C13593,365,4,317.71,1,2,2,122,Lost
C13594,436,2,590.74,1,1,3,113,Cant Lose Them
C13595,257,2,220.92000000000002,1,1,2,112,Lost
C13596,160,5,935.7099999999999,2,3,4,234,Needs Attention
C13597,44,9,799.3,4,4,3,443,Champions
C13598,65,9,1439.1399999999999,3,4,4,344,Champions
C13599,569,2,69.08,1,1,1,111,Lost
C13600,180,5,1137.51,2,3,4,234,Needs Attention
C13601,170,1,285.72,2,1,2,212,Lost
C13602,132,4,915.78,2,2,4,224,Cant Lose Them
C13603,47,8,1472.45,4,4,4,444,Champions
C13604,91,8,1240.08,3,4,4,344,Champions
C13605,192,3,89.32000000000001,2,2,1,221,Lost
C13606,43,4,265.71,4,2,2,422,Loyal Customers
C13607,3,4,710.2299999999999,4,2,3,423,Loyal Customers
C13608,105,2,236.59,3,1,2,312,New/Promising
C13609,185,4,725.88,2,2,3,223,Cant Lose Them
C13610,127,4,334.83,2,2,2,222,Lost
C13611,198,4,477.58000000000004,2,2,3,223,Cant Lose Them
C13612,554,3,235.11,1,2,2,122,Lost
C13613,294,6,520.07,1,4,3,143,At Risk
C13614,361,2,708.9200000000001,1,1,3,113,Cant Lose Them
C13615,620,1,101.35,1,1,1,111,Lost
C13616,43,1,26.08,4,1,1,411,New/Promising
C13617,16,3,663.01,4,2,3,423,Loyal Customers
C13618,4,5,676.99,4,3,3,433,Champions
C13619,76,5,178.02,3,3,1,331,Loyal Customers
C13620,158,3,648.4699999999999,2,2,3,223,Cant Lose Them
C13621,26,5,279.74,4,3,2,432,Loyal Customers
C13622,72,3,1004.6500000000001,3,2,4,324,Loyal Customers
C13623,100,4,544.76,3,2,3,323,Loyal Customers
C13624,73,4,530.1,3,2,3,323,Loyal Customers
C13625,119,7,337.6,3,4,2,342,Loyal Customers
C13626,225,5,394.93,2,3,2,232,Needs Attention
C13627,26,5,773.1800000000001,4,3,3,433,Champions
C13628,170,7,756.21,2,4,3,243,Needs Attention
C13629,51,11,1614.8600000000001,3,4,4,344,Champions
C13630,302,4,1433.63,1,2,4,124,Cant Lose Them
C13631,142,4,401.63,2,2,2,222,Lost
C13632,341,5,301.32,1,3,2,132,Others
C13633,22,5,525.55,4,3,3,433,Champions
C13634,93,6,1900.74,3,4,4,344,Champions
C13635,626,1,15.32,1,1,1,111,Lost
C13636,47,4,580.96,4,2,3,423,Loyal Customers
C13637,287,4,969.83,1,2,4,124,Cant Lose Them
C13638,5,4,386.17,4,2,2,422,Loyal Customers
C13639,4,3,242.87,4,2,2,422,Loyal Customers
C13640,231,1,138.05,2,1,1,211,Lost
C13641,127,4,901.84,2,2,3,223,Cant Lose Them
C13642,86,7,705.53,3,4,3,343,Champions
C13643,127,1,13.72,2,1,1,211,Lost
C13644,89,5,442.53999999999996,3,3,2,332,Loyal Customers
C13645,368,6,166.12,1,4,1,141,Others
C13646,63,4,1121.72,3,3,4,334,Champions
C13647,47,5,477.46,4,3,3,433,Champions
C13648,36,5,1455.08,4,3,4,434,Champions
C13649,75,3,552.9399999999999,3,2,3,323,Loyal Customers
C13650,104,4,753.15,3,3,3,333,Champions
C13651,194,3,254.07999999999998,2,2,2,222,Lost
C13652,3,3,1611.55,4,2,4,424,Loyal Customers
C13653,366,4,842.29,1,3,3,133,At Risk
C13654,34,5,1186.51,4,3,4,434,Champions
C13655,54,6,1952.65,3,4,4,344,Champions
C13656,113,2,83.96000000000001,3,1,1,311,New/Promising
C13657,258,5,992.98,1,3,4,134,At Risk
C13658,37,2,443.1,4,1,2,412,New/Promising
C13659,6,7,1503.5,4,4,4,444,Champions
C13660,637,1,118.86,1,1,1,111,Lost
C13661,78,5,1271.06,3,3,4,334,Champions
C13662,625,1,112.01,1,1,1,111,Lost
C13663,4,8,1297.68,4,4,4,444,Champions
C13664,33,4,603.99,4,3,3,433,Champions
C13665,5,6,1389.58,4,4,4,444,Champions
C13666,66,3,573.12,3,2,3,323,Loyal Customers
C13667,39,5,2560.63,4,3,4,434,Champions
C13668,347,1,59.87,1,1,1,111,Lost
C13669,75,3,140.51,3,2,1,321,Loyal Customers
C13670,62,6,743.68,3,4,3,343,Champions
C13671,116,3,88.96,3,2,1,321,Loyal Customers
C13672,115,9,4333.7,3,4,4,344,Champions
C13673,225,2,33.4,2,1,1,211,Lost
C13674,57,5,437.16999999999996,3,3,2,332,Loyal Customers
C13675,120,8,2237.5,3,4,4,344,Champions
C13676,22,5,1035.29,4,3,4,434,Champions
C13677,264,4,2568.1800000000003,1,3,4,134,At Risk
C13678,20,2,190.17000000000002,4,1,2,412,New/Promising
C13679,217,3,397.63,2,2,2,222,Lost
C13680,28,6,676.97,4,4,3,443,Champions
C13681,11,5,984.81,4,3,4,434,Champions
C13682,128,3,555.17,2,2,3,223,Cant Lose Them
C13683,36,6,597.19,4,4,3,443,Champions
C13684,66,3,443.49,3,2,2,322,Loyal Customers
C13685,81,5,866.01,3,3,3,333,Champions
C13686,134,3,322.89,2,2,2,222,Lost
C13687,128,2,125.60000000000001,2,1,1,211,Lost
C13688,46,7,431.47,4,4,2,442,Loyal Customers
C13689,336,3,262.13,1,2,2,122,Lost
C13690,67,4,64.46000000000001,3,3,1,331,Loyal Customers
C13691,122,4,90.5,2,3,1,231,Needs Attention
C13692,139,1,41.11,2,1,1,211,Lost
C13693,99,6,279.21,3,4,2,342,Loyal Customers
C13694,23,3,163.12,4,2,1,421,Loyal Customers
C13695,281,4,362.33,1,3,2,132,Others
C13696,77,7,227.91,3,4,2,342,Loyal Customers
C13697,213,5,235.53,2,3,2,232,Needs Attention
C13698,354,1,44.85,1,1,1,111,Lost
C13699,139,4,601.97,2,3,3,233,Needs Attention
C13700,99,5,196.52,3,3,2,332,Loyal Customers
C13701,61,4,280.57,3,3,2,332,Loyal Customers
C13702,528,4,518.13,1,3,3,133,At Risk
C13705,167,3,195.10999999999999,2,2,2,222,Lost
C13706,162,1,14.26,2,1,1,211,Lost
C13708,37,4,1681.56,4,3,4,434,Champions
C13709,131,6,372.09,2,4,2,242,Needs Attention
C13711,87,4,1109.3700000000001,3,3,4,334,Champions
C13712,6,4,94.69999999999999,4,3,1,431,Loyal Customers
C13713,132,4,174.53,2,3,1,231,Needs Attention
C13714,34,6,4566.39,4,4,4,444,Champions
C13715,61,4,1701.13,3,3,4,334,Champions
C13716,92,3,360.17,3,2,2,322,Loyal Customers
C13717,34,4,354.78,4,3,2,432,Loyal Customers
C13718,140,9,3062.0099999999998,2,4,4,244,Needs Attention
C13719,38,10,498.44,4,4,3,443,Champions
C13720,50,3,297.77,4,2,2,422,Loyal Customers
C13721,131,3,104.14,2,2,1,221,Lost
C13722,2,7,1191.53,4,4,4,444,Champions
C13723,122,4,124.06,2,3,1,231,Needs Attention
C13724,12,4,576.36,4,3,3,433,Champions
C13725,513,1,73.83,1,1,1,111,Lost
C13726,234,5,210.92,2,3,2,232,Needs Attention
C13727,481,4,456.11,1,3,3,133,At Risk
C13728,225,2,67.64,2,1,1,211,Lost
C13729,18,6,288.68,4,4,2,442,Loyal Customers
C13730,21,6,205.70999999999998,4,4,2,442,Loyal Customers
C13731,193,5,301.62,2,3,2,232,Needs Attention
C13732,161,3,76.32,2,2,1,221,Lost
C13733,391,2,184.83,1,1,1,111,Lost
C13734,150,5,365.84000000000003,2,3,2,232,Needs Attention
C13735,18,8,1192.31,4,4,4,444,Champions
C13736,25,5,761.8000000000001,4,3,3,433,Champions
C13737,230,4,862.81,2,3,3,233,Needs Attention
C13738,239,5,549.19,1,3,3,133,At Risk
C13739,147,3,221.10999999999999,2,2,2,222,Lost
C13740,45,4,1056.73,4,3,4,434,Champions
C13741,197,5,647.85,2,3,3,233,Needs Attention
C13742,10,7,2619.59,4,4,4,444,Champions
C13743,227,4,123.26,2,3,1,231,Needs Attention
C13744,14,6,1008.11,4,4,4,444,Champions
C13745,375,1,47.05,1,1,1,111,Lost
C13746,24,4,79.47,4,3,1,431,Loyal Customers
C13747,27,8,926.25,4,4,4,444,Champions
C13748,19,7,2527.54,4,4,4,444,Champions
C13749,97,6,516.8199999999999,3,4,3,343,Champions
C13750,174,1,16.06,2,1,1,211,Lost
C13751,370,4,333.22,1,3,2,132,Others
C13752,102,2,53.07,3,1,1,311,New/Promising
C13753,296,3,51.64,1,2,1,121,Lost
C13754,1,5,376.71,4,3,2,432,Loyal Customers
C13755,654,1,11.44,1,1,1,111,Lost
C13756,38,6,626.62,4,4,3,443,Champions
C13757,38,5,212.87,4,3,2,432,Loyal Customers
C13758,111,4,808.87,3,3,3,333,Champions
C13759,50,6,747.36,4,4,3,443,Champions
C13760,204,4,1186.0800000000002,2,3,4,234,Needs Attention
C13761,46,3,385.90999999999997,4,2,2,422,Loyal Customers
C13762,157,3,741.67,2,2,3,223,Cant Lose Them
C13763,174,5,778.36,2,3,3,233,Needs Attention
C13764,98,9,421.33000000000004,3,4,2,342,Loyal Customers
C13765,131,6,2528.06,2,4,4,244,Needs Attention
C13766,171,7,679.99,2,4,3,243,Needs Attention
C13767,78,6,6546.599999999999,3,4,4,344,Champions
C13768,446,3,439.26,1,2,2,122,Lost
C13769,68,3,291.59,3,2,2,322,Loyal Customers
C13770,40,8,1425.31,4,4,4,444,Champions
C13771,124,1,3.93,2,1,1,211,Lost
C13772,115,5,1286.8600000000001,3,3,4,334,Champions
C13773,54,4,585.99,3,3,3,333,Champions
C13774,212,4,1000.91,2,3,4,234,Needs Attention
C13775,92,8,322.42,3,4,2,342,Loyal Customers
C13776,441,1,58.93,1,1,1,111,Lost
C13777,140,4,949.63,2,3,4,234,Needs Attention
C13778,175,3,66.08,2,2,1,221,Lost
C13779,110,5,768.8,3,3,3,333,Champions
C13780,139,1,11.95,2,1,1,211,Lost
C13781,12,3,1533.83,4,2,4,424,Loyal Customers
C13782,332,1,185.21,1,1,1,111,Lost
C13783,227,3,169.65,2,2,1,221,Lost
C13784,315,1,440.25,1,1,2,112,Lost
C13785,68,3,186.53,3,2,1,321,Loyal Customers
C13786,141,5,1142.8400000000001,2,3,4,234,Needs Attention
C13787,85,6,2620.56,3,4,4,344,Champions
C13788,236,4,457.41,2,3,3,233,Needs Attention
C13789,141,5,539.11,2,3,3,233,Needs Attention
C13790,136,4,94.96000000000001,2,3,1,231,Needs Attention
C13791,279,5,357.7,1,3,2,132,Others
C13792,246,4,188.78,1,3,1,131,Others
C13793,497,6,1945.25,1,4,4,144,At Risk
C13794,66,3,2813.68,3,2,4,324,Loyal Customers
C13795,176,4,1013.4599999999999,2,3,4,234,Needs Attention
C13796,144,3,310.82,2,2,2,222,Lost
C13797,24,7,1114.93,4,4,4,444,Champions
C13798,35,3,194.71,4,2,2,422,Loyal Customers
C13799,89,3,29.330000000000002,3,2,1,321,Loyal Customers
C13800,96,5,468.10999999999996,3,3,3,333,Champions
C13801,43,4,107.86,4,3,1,431,Loyal Customers
C13802,400,4,214.53,1,3,2,132,Others
C13803,3,5,563.5,4,3,3,433,Champions
C13804,137,4,608.18,2,3,3,233,Needs Attention
C13805,354,2,443.66,1,1,2,112,Lost
C13806,33,3,601.34,4,2,3,423,Loyal Customers
C13807,226,5,216.54999999999998,2,3,2,232,Needs Attention
C13808,12,5,576.51,4,3,3,433,Champions
C13809,180,4,180.42000000000002,2,3,1,231,Needs Attention
C13810,6,7,1010.51,4,4,4,444,Champions
C13811,166,7,488.82,2,4,3,243,Needs Attention
C13812,604,2,589.13,1,1,3,113,Cant Lose Them
C13814,10,8,617.49,4,4,3,443,Champions
C13815,204,6,2097.2,2,4,4,244,Needs Attention
C13816,237,5,794.52,2,3,3,233,Needs Attention
C13817,336,3,269.62,1,2,2,122,Lost
C13818,338,2,247.63,1,1,2,112,Lost
C13819,81,4,1503.0600000000002,3,3,4,334,Champions
C13820,109,2,128.21,3,1,1,311,New/Promising
C13821,72,2,28.75,3,1,1,311,New/Promising
C13822,368,3,190.17000000000002,1,2,2,122,Lost
C13823,18,6,1927.9699999999998,4,4,4,444,Champions
C13824,11,5,533.35,4,3,3,433,Champions
C13825,62,8,737.01,3,4,3,343,Champions
C13826,80,4,240.96,3,3,2,332,Loyal Customers
C13827,408,2,53.59,1,1,1,111,Lost
C13828,124,5,537.64,2,3,3,233,Needs Attention
C13829,139,4,1434.45,2,3,4,234,Needs Attention
C13830,54,4,285.78,3,3,2,332,Loyal Customers
C13831,268,3,876.0799999999999,1,2,3,123,Cant Lose Them
C13832,56,4,334.51,3,3,2,332,Loyal Customers
C13833,34,2,910.75,4,1,4,414,New/Promising
C13834,11,2,884.66,4,1,3,413,New/Promising
C13835,72,3,283.08,3,2,2,322,Loyal Customers
C13836,404,5,350.85,1,3,2,132,Others
C13837,71,6,914.1,3,4,4,344,Champions
C13838,263,2,65.96,1,1,1,111,Lost
C13839,20,5,2472.9900000000002,4,3,4,434,Champions
C13840,485,2,198.69,1,1,2,112,Lost
C13841,5,4,2045.57,4,3,4,434,Champions
C13842,549,1,71.24,1,1,1,111,Lost
C13843,351,2,193.61999999999998,1,1,2,112,Lost
C13845,158,5,342.77,2,3,2,232,Needs Attention
C13846,180,2,381.83,2,1,2,212,Lost
C13847,255,3,145.08,1,2,1,121,Lost
C13848,45,4,236.06,4,3,2,432,Loyal Customers
C13849,486,5,249.57999999999998,1,3,2,132,Others
C13850,166,4,209.69,2,3,2,232,Needs Attention
C13851,126,4,1444.46,2,3,4,234,Needs Attention
C13852,90,4,2308.08,3,3,4,334,Champions
C13853,75,6,819.89,3,4,3,343,Champions
C13854,8,10,1912.49,4,4,4,444,Champions
C13855,141,3,1431.24,2,2,4,224,Cant Lose Them
C13856,76,6,1346.3899999999999,3,4,4,344,Champions
C13857,50,4,143.82,4,3,1,431,Loyal Customers
C13858,671,2,442.52,1,1,2,112,Lost
C13859,85,2,464.35,3,1,3,313,New/Promising
C13860,59,2,151.91,3,1,1,311,New/Promising
C13861,224,3,119.39,2,2,1,221,Lost
C13862,64,4,853.31,3,3,3,333,Champions
C13863,200,6,2030.14,2,4,4,244,Needs Attention
C13864,312,3,536.4399999999999,1,2,3,123,Cant Lose Them
C13865,195,7,481.33,2,4,3,243,Needs Attention
C13866,132,3,138.24,2,2,1,221,Lost
C13867,13,6,1287.18,4,4,4,444,Champions
C13868,231,4,791.46,2,3,3,233,Needs Attention
C13869,130,2,10.8,2,1,1,211,Lost
C13870,382,4,407.6,1,3,2,132,Others
C13871,486,3,71.19,1,2,1,121,Lost
C13872,108,3,569.63,3,2,3,323,Loyal Customers
C13873,139,4,115.11,2,3,1,231,Needs Attention
C13874,236,2,57.45,2,1,1,211,Lost
C13875,421,7,1750.09,1,4,4,144,At Risk
C13876,391,1,14.85,1,1,1,111,Lost
C13877,228,4,456.58,2,3,3,233,Needs Attention
C13878,89,5,319.16,3,3,2,332,Loyal Customers
C13879,320,4,543.87,1,3,3,133,At Risk
C13880,171,4,377.95,2,3,2,232,Needs Attention
C13881,218,4,608.14,2,3,3,233,Needs Attention
C13882,353,3,612.92,1,2,3,123,Cant Lose Them
C13883,133,5,195.10999999999999,2,3,2,232,Needs Attention
C13884,10,7,299.24,4,4,2,442,Loyal Customers
C13885,110,3,634.25,3,2,3,323,Loyal Customers
C13886,178,5,181.77,2,3,1,231,Needs Attention
C13887,95,3,525.79,3,2,3,323,Loyal Customers
C13888,91,5,290.87,3,3,2,332,Loyal Customers
C13889,100,3,2752.04,3,2,4,324,Loyal Customers
C13890,285,2,161.09,1,1,1,111,Lost
C13891,244,3,1560.29,1,2,4,124,Cant Lose Them
C13892,10,5,611.46,4,3,3,433,Champions
C13893,464,3,189.54000000000002,1,2,2,122,Lost
C13894,42,5,86.16,4,3,1,431,Loyal Customers
C13895,351,1,40.62,1,1,1,111,Lost
C13896,27,4,496.19,4,3,3,433,Champions
C13897,75,7,2096.31,3,4,4,344,Champions
C13898,363,3,101.85,1,2,1,121,Lost
C13899,33,7,1015.36,4,4,4,444,Champions
C13900,15,3,406.05999999999995,4,2,2,422,Loyal Customers
C13901,80,3,196.09,3,2,2,322,Loyal Customers
C13902,156,6,1460.21,2,4,4,244,Needs Attention
C13903,168,4,271.61,2,3,2,232,Needs Attention
C13904,20,8,2425.7599999999998,4,4,4,444,Champions
C13905,14,3,323.74,4,2,2,422,Loyal Customers
C13906,76,8,1055.8,3,4,4,344,Champions
C13907,140,4,616.24,2,3,3,233,Needs Attention
C13908,81,4,1643.73,3,3,4,334,Champions
C13909,23,3,367.6,4,2,2,422,Loyal Customers
C13910,73,2,55.25,3,1,1,311,New/Promising
C13911,287,3,1267.6200000000001,1,2,4,124,Cant Lose Them
C13912,367,3,455.52000000000004,1,2,3,123,Cant Lose Them
C13913,134,3,108.36,2,2,1,221,Lost
C13914,39,6,1476.06,4,4,4,444,Champions
C13915,49,3,125.08,4,2,1,421,Loyal Customers
C13916,140,4,597.55,2,3,3,233,Needs Attention
C13917,15,4,114.32,4,3,1,431,Loyal Customers
C13918,73,2,69.92,3,1,1,311,New/Promising
C13919,69,2,522.72,3,1,3,313,New/Promising
C13920,229,7,851.5600000000001,2,4,3,243,Needs Attention
C13921,507,2,1165.26,1,1,4,114,Cant Lose Them
C13922,195,1,99.12,2,1,1,211,Lost
C13923,220,4,592.9499999999999,2,3,3,233,Needs Attention
C13924,58,5,902.3599999999999,3,3,3,333,Champions
C13925,17,4,3160.22,4,3,4,434,Champions
C13926,5,5,1061.1799999999998,4,3,4,434,Champions
C13927,268,4,1392.0,1,3,4,134,At Risk
C13928,76,6,1643.1299999999999,3,4,4,344,Champions
C13929,312,2,193.68,1,1,2,112,Lost
C13930,7,6,144.81,4,4,1,441,Loyal Customers
C13932,46,6,311.2,4,4,2,442,Loyal Customers
C13933,35,5,1321.74,4,3,4,434,Champions
C13934,59,2,130.76,3,1,1,311,New/Promising
C13935,105,5,772.74,3,3,3,333,Champions
C13936,21,7,857.99,4,4,3,443,Champions
C13937,111,3,252.01000000000002,3,2,2,322,Loyal Customers
C13938,146,4,205.65,2,3,2,232,Needs Attention
C13939,162,2,416.06,2,1,2,212,Lost
C13940,524,4,468.77,1,3,3,133,At Risk
C13941,131,2,422.71000000000004,2,1,2,212,Lost
C13942,159,3,945.85,2,2,4,224,Cant Lose Them
C13943,215,3,935.95,2,2,4,224,Cant Lose Them
C13944,354,6,664.85,1,4,3,143,At Risk
C13945,60,4,294.43,3,3,2,332,Loyal Customers
C13946,422,1,1137.23,1,1,4,114,Cant Lose Them
C13947,211,3,309.8,2,2,2,222,Lost
C13948,72,5,370.68,3,3,2,332,Loyal Customers
C13949,14,4,436.0,4,3,2,432,Loyal Customers
C13950,253,3,460.14,1,2,3,123,Cant Lose Them
C13951,208,4,417.68,2,3,2,232,Needs Attention
C13952,134,5,309.24,2,3,2,232,Needs Attention
C13953,53,6,1606.11,3,4,4,344,Champions
C13954,45,3,274.84,4,2,2,422,Loyal Customers
C13955,33,3,39.57,4,2,1,421,Loyal Customers
C13956,133,3,1239.97,2,2,4,224,Cant Lose Them
C13957,31,7,659.33,4,4,3,443,Champions
C13958,52,3,181.53,3,2,1,321,Loyal Customers
C13959,27,9,445.03000000000003,4,4,2,442,Loyal Customers
C13960,100,5,1590.38,3,3,4,334,Champions
C13961,181,2,33.11,2,1,1,211,Lost
C13962,483,2,71.97,1,1,1,111,Lost
C13963,6,4,928.38,4,3,4,434,Champions
C13964,433,1,1799.45,1,1,4,114,Cant Lose Them
C13965,99,3,75.28999999999999,3,2,1,321,Loyal Customers
C13966,200,3,262.64,2,2,2,222,Lost
C13967,27,5,223.3,4,3,2,432,Loyal Customers
C13968,508,3,1477.35,1,2,4,124,Cant Lose Them
C13969,339,7,1450.86,1,4,4,144,At Risk
C13970,16,9,1485.07,4,4,4,444,Champions
C13972,28,4,1699.6699999999998,4,3,4,434,Champions
C13973,24,4,178.15,4,3,1,431,Loyal Customers
C13974,143,2,50.85,2,1,1,211,Lost
C13975,64,4,111.03999999999999,3,3,1,331,Loyal Customers
C13976,136,8,435.71,2,4,2,242,Needs Attention
C13977,221,3,227.03,2,2,2,222,Lost
C13978,251,3,304.1,1,2,2,122,Lost
C13979,516,2,40.83,1,1,1,111,Lost
C13980,96,3,450.96999999999997,3,2,2,322,Loyal Customers
C13981,61,6,783.88,3,4,3,343,Champions
C13982,8,5,472.0,4,3,3,433,Champions
C13983,65,6,358.3,3,4,2,342,Loyal Customers
C13984,423,1,67.15,1,1,1,111,Lost
C13985,122,8,632.6899999999999,2,4,3,243,Needs Attention
C13986,153,9,4088.2799999999997,2,4,4,244,Needs Attention
C13987,110,2,766.95,3,1,3,313,New/Promising
C13988,24,5,249.0,4,3,2,432,Loyal Customers
C13989,304,2,115.60999999999999,1,1,1,111,Lost
C13990,35,3,189.42999999999998,4,2,1,421,Loyal Customers
C13991,585,3,141.02,1,2,1,121,Lost
C13992,95,4,295.76,3,3,2,332,Loyal Customers
C13993,247,3,284.0,1,2,2,122,Lost
C13994,81,7,1095.76,3,4,4,344,Champions
C13995,227,1,53.21,2,1,1,211,Lost
C13996,59,6,1010.56,3,4,4,344,Champions
C13997,1,3,937.52,4,2,4,424,Loyal Customers
C13998,67,5,677.45,3,3,3,333,Champions
C13999,222,3,988.76,2,2,4,224,Cant Lose Them
C14000,172,7,1292.22,2,4,4,244,Needs Attention
C14001,350,4,2296.83,1,3,4,134,At Risk
C14002,474,2,419.74,1,1,2,112,Lost
C14003,148,1,3.61,2,1,1,211,Lost
C14004,56,2,36.08,3,1,1,311,New/Promising
C14005,153,7,971.1,2,4,4,244,Needs Attention
C14006,37,7,303.64,4,4,2,442,Loyal Customers
C14007,58,4,702.9200000000001,3,3,3,333,Champions
C14008,248,7,485.92,1,4,3,143,At Risk
C14009,152,4,288.13,2,3,2,232,Needs Attention
C14010,244,3,274.49,1,2,2,122,Lost
C14011,440,2,106.24,1,1,1,111,Lost
C14012,15,3,277.83,4,2,2,422,Loyal Customers
C14013,46,3,95.97,4,2,1,421,Loyal Customers
C14014,88,5,905.85,3,3,4,334,Champions
C14015,280,4,195.22,1,3,2,132,Others
C14016,112,7,534.83,3,4,3,343,Champions
C14017,328,1,7.08,1,1,1,111,Lost
C14018,5,6,554.1,4,4,3,443,Champions
C14019,14,5,645.03,4,3,3,433,Champions
C14020,4,3,46.87,4,2,1,421,Loyal Customers
C14021,4,7,826.79,4,4,3,443,Champions
C14022,231,3,359.24,2,2,2,222,Lost
C14023,156,5,775.22,2,3,3,233,Needs Attention
C14024,578,1,24.01,1,1,1,111,Lost
C14025,310,5,685.87,1,3,3,133,At Risk
C14026,351,4,518.1899999999999,1,3,3,133,At Risk
C14027,134,5,442.11,2,3,2,232,Needs Attention
C14028,389,1,12.92,1,1,1,111,Lost
C14029,87,4,86.19,3,3,1,331,Loyal Customers
C14030,154,4,258.57,2,3,2,232,Needs Attention
C14031,402,2,289.74,1,1,2,112,Lost
C14032,135,2,277.18,2,1,2,212,Lost
C14033,92,9,935.19,3,4,4,344,Champions
C14034,94,3,312.33,3,2,2,322,Loyal Customers
C14035,60,4,299.93,3,3,2,332,Loyal Customers
C14036,186,2,107.86,2,1,1,211,Lost
C14037,1,3,123.65,4,2,1,421,Loyal Customers
C14038,543,3,246.19,1,2,2,122,Lost
C14039,173,6,3348.67,2,4,4,244,Needs Attention
C14040,246,1,52.67,1,1,1,111,Lost
C14041,427,3,611.14,1,2,3,123,Cant Lose Them
C14042,144,8,921.41,2,4,4,244,Needs Attention
C14043,681,1,648.78,1,1,3,113,Cant Lose Them
C14044,28,7,2013.75,4,4,4,444,Champions
C14045,220,4,698.6800000000001,2,3,3,233,Needs Attention
C14046,434,1,147.93,1,1,1,111,Lost
C14047,32,2,149.68,4,1,1,411,New/Promising
C14049,96,6,1388.76,3,4,4,344,Champions
C14050,29,6,2503.65,4,4,4,444,Champions
C14051,102,4,320.02000000000004,3,3,2,332,Loyal Customers
C14052,50,4,310.67,4,3,2,432,Loyal Customers
C14053,30,7,3427.2799999999997,4,4,4,444,Champions
C14054,308,2,684.03,1,1,3,113,Cant Lose Them
C14055,192,4,246.68,2,3,2,232,Needs Attention
C14056,324,1,8.49,1,1,1,111,Lost
C14057,59,4,135.16,3,3,1,331,Loyal Customers
C14058,81,1,46.84,3,1,1,311,New/Promising
C14059,29,4,170.69,4,3,1,431,Loyal Customers
C14060,278,4,1381.89,1,3,4,134,At Risk
C14061,297,3,105.95,1,2,1,121,Lost
C14062,14,7,712.84,4,4,3,443,Champions
C14063,54,5,306.53,3,3,2,332,Loyal Customers
C14064,25,4,1252.4499999999998,4,3,4,434,Champions
C14065,401,3,1226.6,1,2,4,124,Cant Lose Them
C14066,113,4,1566.54,3,3,4,334,Champions
C14067,223,5,1192.46,2,3,4,234,Needs Attention
C14068,199,3,193.46,2,2,2,222,Lost
C14069,382,3,678.55,1,2,3,123,Cant Lose Them
C14070,66,4,264.57,3,3,2,332,Loyal Customers
C14071,1,6,1048.48,4,4,4,444,Champions
C14072,87,4,1038.75,3,3,4,334,Champions
C14073,89,3,305.76,3,2,2,322,Loyal Customers
C14074,232,1,39.05,2,1,1,211,Lost
C14075,252,2,162.65,1,1,1,111,Lost
C14076,152,5,254.04,2,3,2,232,Needs Attention
C14077,184,4,77.0,2,3,1,231,Needs Attention
C14078,61,6,500.01,3,4,3,343,Champions
C14079,8,5,694.13,4,3,3,433,Champions
C14080,83,2,174.22,3,1,1,311,New/Promising
C14081,136,2,225.86,2,1,2,212,Lost
C14082,364,3,100.01,1,2,1,121,Lost
C14083,191,3,86.38,2,2,1,221,Lost
C14085,486,2,63.56,1,1,1,111,Lost
C14086,53,8,3382.54,3,4,4,344,Champions
C14087,134,7,1356.92,2,4,4,244,Needs Attention
C14088,275,4,560.92,1,3,3,133,At Risk
C14089,117,4,223.72,3,3,2,332,Loyal Customers
C14090,60,10,1951.24,3,4,4,344,Champions
C14091,5,2,899.02,4,1,3,413,New/Promising
C14092,313,2,79.23,1,1,1,111,Lost
C14093,222,2,32.620000000000005,2,1,1,211,Lost
C14094,289,4,336.67,1,3,2,132,Others
C14095,5,2,1583.74,4,1,4,414,New/Promising
C14096,118,5,680.9300000000001,3,3,3,333,Champions
C14097,439,2,14.41,1,1,1,111,Lost
C14098,464,1,21.66,1,1,1,111,Lost
C14099,297,3,407.96,1,2,2,122,Lost
C14100,60,3,2213.88,3,2,4,324,Loyal Customers
C14101,452,2,11.59,1,1,1,111,Lost
C14102,250,5,1055.34,1,3,4,134,At Risk
C14103,77,3,726.15,3,2,3,323,Loyal Customers
C14105,317,3,122.99000000000001,1,2,1,121,Lost
C14106,7,4,572.01,4,3,3,433,Champions
C14107,269,5,228.35,1,3,2,132,Others
C14108,136,2,58.61,2,1,1,211,Lost
C14109,86,3,245.82,3,2,2,322,Loyal Customers
C14110,678,1,13.96,1,1,1,111,Lost
C14111,6,7,512.1,4,4,3,443,Champions
C14112,25,4,248.64,4,3,2,432,Loyal Customers
C14113,269,5,422.79,1,3,2,132,Others
C14114,20,8,1066.97,4,4,4,444,Champions
C14115,215,1,25.97,2,1,1,211,Lost
C14116,206,5,647.8299999999999,2,3,3,233,Needs Attention
C14117,5,5,382.52,4,3,2,432,Loyal Customers
C14118,201,4,598.6,2,3,3,233,Needs Attention
C14119,15,2,74.19,4,1,1,411,New/Promising
C14120,37,6,288.84000000000003,4,4,2,442,Loyal Customers
C14121,31,3,354.40999999999997,4,2,2,422,Loyal Customers
C14122,180,3,46.78,2,2,1,221,Lost
C14123,367,2,516.9399999999999,1,1,3,113,Cant Lose Them
C14124,305,6,214.71,1,4,2,142,Others
C14125,663,1,3326.78,1,1,4,114,Cant Lose Them
C14126,180,5,587.1800000000001,2,3,3,233,Needs Attention
C14127,115,5,812.9300000000001,3,3,3,333,Champions
C14128,491,2,301.41,1,1,2,112,Lost
C14129,59,4,2880.8,3,3,4,334,Champions
C14130,33,5,1024.3600000000001,4,3,4,434,Champions
C14131,13,7,1434.55,4,4,4,444,Champions
C14132,217,2,68.57,2,1,1,211,Lost
C14133,13,7,371.12,4,4,2,442,Loyal Customers
C14134,114,5,158.94,3,3,1,331,Loyal Customers
C14135,5,8,1454.06,4,4,4,444,Champions
C14136,1,7,728.8100000000001,4,4,3,443,Champions
C14137,78,6,2304.89,3,4,4,344,Champions
C14138,68,6,275.41,3,4,2,342,Loyal Customers
C14139,116,5,143.07999999999998,3,3,1,331,Loyal Customers
C14140,168,1,11.76,2,1,1,211,Lost
C14141,220,5,405.46,2,3,2,232,Needs Attention
C14142,12,7,537.51,4,4,3,443,Champions
C14143,40,2,582.36,4,1,3,413,New/Promising
C14144,326,5,906.97,1,3,4,134,At Risk
C14145,128,6,769.88,2,4,3,243,Needs Attention
C14146,15,5,669.91,4,3,3,433,Champions
C14147,677,1,127.13,1,1,1,111,Lost
C14149,407,1,15.58,1,1,1,111,Lost
C14150,187,9,3592.35,2,4,4,244,Needs Attention
C14151,32,4,512.7900000000001,4,3,3,433,Champions
C14152,179,2,87.99,2,1,1,211,Lost
C14153,78,4,237.33,3,3,2,332,Loyal Customers
C14154,443,3,233.39999999999998,1,2,2,122,Lost
C14155,379,3,1073.55,1,2,4,124,Cant Lose Them
C14156,696,1,459.03,1,1,3,113,Cant Lose Them
C14157,33,6,2053.63,4,4,4,444,Champions
C14158,60,7,1633.91,3,4,4,344,Champions
C14159,4,3,368.47,4,2,2,422,Loyal Customers
C14160,351,2,35.38,1,1,1,111,Lost
C14161,190,3,535.3299999999999,2,2,3,223,Cant Lose Them
C14162,83,1,162.37,3,1,1,311,New/Promising
C14163,16,4,301.5,4,3,2,432,Loyal Customers
C14164,105,6,1421.35,3,4,4,344,Champions
C14165,390,1,92.67,1,1,1,111,Lost
C14166,144,4,252.91,2,3,2,232,Needs Attention
C14167,112,4,495.05,3,3,3,333,Champions
C14168,29,2,399.49,4,1,2,412,New/Promising
C14169,502,4,653.6,1,3,3,133,At Risk
C14170,562,1,103.45,1,1,1,111,Lost
C14171,235,5,925.85,2,3,4,234,Needs Attention
C14172,386,5,381.58,1,3,2,132,Others
C14173,283,3,251.88,1,2,2,122,Lost
C14174,106,8,1217.6399999999999,3,4,4,344,Champions
C14175,110,4,253.70999999999998,3,3,2,332,Loyal Customers
C14176,579,2,451.59,1,1,3,113,Cant Lose Them
C14177,2,6,574.53,4,4,3,443,Champions
C14178,73,4,534.77,3,3,3,333,Champions
C14179,32,5,1032.71,4,3,4,434,Champions
C14180,203,5,683.28,2,3,3,233,Needs Attention
C14181,91,4,122.01,3,3,1,331,Loyal Customers
C14182,152,6,2340.0,2,4,4,244,Needs Attention
C14183,357,3,97.47,1,2,1,121,Lost
C14184,139,3,665.19,2,2,3,223,Cant Lose Them
C14185,114,5,687.09,3,3,3,333,Champions
C14186,193,1,22.28,2,1,1,211,Lost
C14187,106,5,569.78,3,3,3,333,Champions
C14188,137,6,250.03,2,4,2,242,Needs Attention
C14189,352,1,33.96,1,1,1,111,Lost
C14190,297,3,196.66,1,2,2,122,Lost
C14191,70,3,174.46,3,2,1,321,Loyal Customers
C14192,153,3,644.75,2,2,3,223,Cant Lose Them
C14193,106,4,884.8199999999999,3,3,3,333,Champions
C14194,56,2,86.33,3,1,1,311,New/Promising
C14195,139,2,410.94,2,1,2,212,Lost
C14196,458,4,978.99,1,3,4,134,At Risk
C14197,168,4,207.91,2,3,2,232,Needs Attention
C14198,50,4,111.69,4,3,1,431,Loyal Customers
C14199,50,5,1196.34,4,3,4,434,Champions
C14200,91,8,1850.25,3,4,4,344,Champions
C14201,353,3,150.91,1,2,1,121,Lost
C14202,170,3,462.54999999999995,2,2,3,223,Cant Lose Them
C14203,642,2,120.99,1,1,1,111,Lost
C14204,244,3,632.67,1,2,3,123,Cant Lose Them
C14205,36,2,46.17,4,1,1,411,New/Promising
C14206,86,4,374.41,3,3,2,332,Loyal Customers
C14207,7,8,599.52,4,4,3,443,Champions
C14208,11,5,951.92,4,3,4,434,Champions
C14209,399,2,44.36,1,1,1,111,Lost
C14210,38,6,1203.6100000000001,4,4,4,444,Champions
C14211,94,3,294.46,3,2,2,322,Loyal Customers
C14212,52,6,1314.7,3,4,4,344,Champions
C14213,59,7,1201.3799999999999,3,4,4,344,Champions
C14214,87,4,858.73,3,3,3,333,Champions
C14215,82,3,111.44,3,2,1,321,Loyal Customers
C14216,76,1,123.07,3,1,1,311,New/Promising
C14217,32,5,856.22,4,3,3,433,Champions
C14218,96,7,2579.39,3,4,4,344,Champions
C14219,339,5,765.03,1,3,3,133,At Risk
C14220,305,1,1180.14,1,1,4,114,Cant Lose Them
C14221,4,7,955.07,4,4,4,444,Champions
C14222,148,3,1300.81,2,2,4,224,Cant Lose Them
C14223,115,5,577.22,3,3,3,333,Champions
C14224,20,4,345.09000000000003,4,3,2,432,Loyal Customers
C14225,27,7,661.5,4,4,3,443,Champions
C14226,27,2,394.78999999999996,4,1,2,412,New/Promising
C14227,23,5,1218.1299999999999,4,3,4,434,Champions
C14228,28,11,2934.52,4,4,4,444,Champions
C14229,360,2,117.68,1,1,1,111,Lost
C14230,316,2,582.02,1,1,3,113,Cant Lose Them
C14231,177,8,1068.34,2,4,4,244,Needs Attention
C14232,34,7,851.5200000000001,4,4,3,443,Champions
C14233,200,2,41.04,2,1,1,211,Lost
C14234,98,7,664.6,3,4,3,343,Champions
C14235,444,3,98.18,1,2,1,121,Lost
C14236,71,3,335.39,3,2,2,322,Loyal Customers
C14237,263,3,140.25,1,2,1,121,Lost
C14238,114,3,515.66,3,2,3,323,Loyal Customers
C14239,46,4,799.55,4,3,3,433,Champions
C14240,46,4,768.5699999999999,4,3,3,433,Champions
C14241,137,4,386.77,2,3,2,232,Needs Attention
C14242,253,3,41.06,1,2,1,121,Lost
C14243,62,4,249.38,3,3,2,332,Loyal Customers
C14244,323,7,670.76,1,4,3,143,At Risk
C14245,156,3,151.54999999999998,2,2,1,221,Lost
C14246,292,1,124.45,1,1,1,111,Lost
C14247,280,2,167.19,1,1,1,111,Lost
C14248,541,2,297.0,1,1,2,112,Lost
C14249,173,3,628.94,2,2,3,223,Cant Lose Them
C14250,331,4,671.17,1,3,3,133,At Risk
C14251,42,4,461.56,4,3,3,433,Champions
C14252,210,2,116.23,2,1,1,211,Lost
C14253,134,3,152.51,2,2,1,221,Lost
C14254,59,3,176.02,3,2,1,321,Loyal Customers
C14255,178,6,622.4399999999999,2,4,3,243,Needs Attention
C14256,21,4,638.55,4,3,3,433,Champions
C14257,233,5,1684.55,2,3,4,234,Needs Attention
C14258,106,5,1595.73,3,3,4,334,Champions
C14259,140,3,58.449999999999996,2,2,1,221,Lost
C14260,1,6,846.21,4,4,3,443,Champions
C14261,67,7,2537.08,3,4,4,344,Champions
C14262,88,7,946.8100000000001,3,4,4,344,Champions
C14263,136,4,905.67,2,3,4,234,Needs Attention
C14264,10,7,815.17,4,4,3,443,Champions
C14265,407,2,510.76,1,1,3,113,Cant Lose Them
C14266,203,6,1501.4499999999998,2,4,4,244,Needs Attention
C14267,350,3,486.13,1,2,3,123,Cant Lose Them
C14268,176,6,630.84,2,4,3,243,Needs Attention
C14269,552,1,966.97,1,1,4,114,Cant Lose Them
C14270,143,7,438.54,2,4,2,242,Needs Attention
C14271,202,2,795.85,2,1,3,213,Cant Lose Them
C14272,10,5,267.38,4,3,2,432,Loyal Customers
C14273,71,2,282.32000000000005,3,1,2,312,New/Promising
C14274,323,6,327.34,1,4,2,142,Others
C14275,16,6,284.7,4,4,2,442,Loyal Customers
C14276,84,5,1232.44,3,3,4,334,Champions
C14277,62,6,776.72,3,4,3,343,Champions
C14278,256,7,654.97,1,4,3,143,At Risk
C14279,385,2,177.59,1,1,1,111,Lost
C14280,398,1,18.11,1,1,1,111,Lost
C14281,6,5,1607.63,4,3,4,434,Champions
C14282,141,2,149.72,2,1,1,211,Lost
C14283,205,4,349.24,2,3,2,232,Needs Attention
C14284,323,6,738.37,1,4,3,143,At Risk
C14285,99,2,170.25,3,1,1,311,New/Promising
C14286,195,4,492.79999999999995,2,3,3,233,Needs Attention
C14287,128,5,628.28,2,3,3,233,Needs Attention
C14288,3,4,785.49,4,3,3,433,Champions
C14289,214,6,321.94,2,4,2,242,Needs Attention
C14290,239,4,54.57,1,3,1,131,Others
C14291,716,1,33.62,1,1,1,111,Lost
C14292,572,2,66.1,1,1,1,111,Lost
C14293,83,6,205.57999999999998,3,4,2,342,Loyal Customers
C14294,330,3,86.8,1,2,1,121,Lost
C14295,18,1,503.06,4,1,3,413,New/Promising
C14296,614,1,754.15,1,1,3,113,Cant Lose Them
C14297,183,7,518.43,2,4,3,243,Needs Attention
C14298,16,6,295.42,4,4,2,442,Loyal Customers
C14299,91,4,219.41,3,3,2,332,Loyal Customers
C14300,156,4,79.14,2,3,1,231,Needs Attention
C14301,328,2,114.57,1,1,1,111,Lost
C14302,43,7,4163.19,4,4,4,444,Champions
C14303,21,2,3924.29,4,1,4,414,New/Promising
C14304,142,2,552.49,2,1,3,213,Cant Lose Them
C14305,535,2,208.8,1,1,2,112,Lost
C14306,310,3,118.69,1,2,1,121,Lost
C14307,83,4,613.92,3,3,3,333,Champions
C14308,45,2,328.49,4,1,2,412,New/Promising
C14309,4,6,905.52,4,4,4,444,Champions
C14310,80,6,615.5500000000001,3,4,3,343,Champions
C14311,307,5,781.79,1,3,3,133,At Risk
C14312,25,9,2932.02,4,4,4,444,Champions
C14313,191,3,167.53,2,2,1,221,Lost
C14314,412,5,316.16,1,3,2,132,Others
C14315,418,2,240.3,1,1,2,112,Lost
C14316,179,4,1209.44,2,3,4,234,Needs Attention
C14317,143,4,303.57,2,3,2,232,Needs Attention
C14318,10,9,1613.56,4,4,4,444,Champions
C14319,18,3,1149.54,4,2,4,424,Loyal Customers
C14320,470,3,1905.09,1,2,4,124,Cant Lose Them
C14321,210,6,395.07,2,4,2,242,Needs Attention
C14322,599,1,299.48,1,1,2,112,Lost
C14323,342,5,1363.57,1,3,4,134,At Risk
C14324,25,5,496.65,4,3,3,433,Champions
C14325,165,5,606.77,2,3,3,233,Needs Attention
C14326,366,6,309.94,1,4,2,142,Others
C14327,21,4,880.42,4,3,3,433,Champions
C14328,516,2,30.479999999999997,1,1,1,111,Lost
C14329,7,5,1153.27,4,3,4,434,Champions
C14330,237,3,36.6,2,2,1,221,Lost
C14331,132,4,276.34000000000003,2,3,2,232,Needs Attention
C14332,587,2,248.62,1,1,2,112,Lost
C14333,18,1,10.82,4,1,1,411,New/Promising
C14334,255,4,291.46,1,3,2,132,Others
C14335,179,3,837.6700000000001,2,2,3,223,Cant Lose Them
C14337,9,4,562.5,4,3,3,433,Champions
C14338,717,1,270.83,1,1,2,112,Lost
C14339,15,2,96.72,4,1,1,411,New/Promising
C14340,51,7,934.57,3,4,4,344,Champions
C14341,159,2,264.18,2,1,2,212,Lost
C14342,239,3,600.03,1,2,3,123,Cant Lose Them
C14343,17,2,54.95,4,1,1,411,New/Promising
C14344,256,1,41.61,1,1,1,111,Lost
C14345,226,3,162.78,2,2,1,221,Lost
C14346,323,2,145.73,1,1,1,111,Lost
C14348,88,5,1327.87,3,3,4,334,Champions
C14349,310,7,2123.2999999999997,1,4,4,144,At Risk
C14350,154,5,143.49,2,3,1,231,Needs Attention
C14351,460,4,672.59,1,3,3,133,At Risk
C14352,8,3,400.95,4,2,2,422,Loyal Customers
C14353,295,2,149.95,1,1,1,111,Lost
C14354,216,9,605.5600000000001,2,4,3,243,Needs Attention
C14355,24,6,1231.83,4,4,4,444,Champions
C14356,135,3,1323.18,2,2,4,224,Cant Lose Them
C14357,317,4,811.1,1,3,3,133,At Risk
C14358,76,3,338.82,3,2,2,322,Loyal Customers
C14359,158,1,2037.4,2,1,4,214,Cant Lose Them
C14360,47,6,746.38,4,4,3,443,Champions
C14361,56,2,87.80000000000001,3,1,1,311,New/Promising
C14362,63,3,215.32999999999998,3,2,2,322,Loyal Customers
C14363,249,3,66.38,1,2,1,121,Lost
C14364,42,4,2069.03,4,3,4,434,Champions
C14365,105,3,109.32,3,2,1,321,Loyal Customers
C14366,147,8,1006.69,2,4,4,244,Needs Attention
C14367,388,3,74.52,1,2,1,121,Lost
C14368,223,4,167.10999999999999,2,3,1,231,Needs Attention
C14369,129,5,887.5600000000001,2,3,3,233,Needs Attention
C14370,136,8,1231.81,2,4,4,244,Needs Attention
C14371,4,6,844.24,4,4,3,443,Champions
C14372,266,3,677.37,1,2,3,123,Cant Lose Them
C14373,19,5,295.59,4,3,2,432,Loyal Customers
C14374,5,6,1850.69,4,4,4,444,Champions
C14376,18,4,717.8399999999999,4,3,3,433,Champions
C14377,317,3,687.22,1,2,3,123,Cant Lose Them
C14378,71,6,4028.67,3,4,4,344,Champions
C14379,88,3,153.9,3,2,1,321,Loyal Customers
C14380,5,5,639.14,4,3,3,433,Champions
C14381,222,3,814.49,2,2,3,223,Cant Lose Them
C14382,76,4,239.68,3,3,2,332,Loyal Customers
C14383,37,4,184.56,4,3,1,431,Loyal Customers
C14384,29,4,314.39,4,3,2,432,Loyal Customers
C14385,315,3,115.64,1,2,1,121,Lost
C14386,92,1,178.09,3,1,1,311,New/Promising
C14387,260,3,323.03,1,2,2,122,Lost
C14388,224,4,265.66,2,3,2,232,Needs Attention
C14389,171,3,123.3,2,2,1,221,Lost
C14390,178,5,1517.43,2,3,4,234,Needs Attention
C14391,177,2,525.48,2,1,3,213,Cant Lose Them
C14392,94,3,31.12,3,2,1,321,Loyal Customers
C14394,302,2,53.96,1,1,1,111,Lost
C14395,54,3,1417.12,3,2,4,324,Loyal Customers
C14396,256,3,176.31,1,2,1,121,Lost
C14397,107,3,144.1,3,2,1,321,Loyal Customers
C14398,690,2,124.12,1,1,1,111,Lost
C14399,18,3,320.10999999999996,4,2,2,422,Loyal Customers
C14400,83,3,521.24,3,2,3,323,Loyal Customers
C14401,217,2,229.43,2,1,2,212,Lost
C14402,7,6,1407.55,4,4,4,444,Champions
C14403,22,4,446.78999999999996,4,3,2,432,Loyal Customers
C14404,349,1,26.16,1,1,1,111,Lost
C14405,306,3,172.07999999999998,1,2,1,121,Lost
C14406,308,6,488.87,1,4,3,143,At Risk
C14407,192,3,187.63,2,2,1,221,Lost
C14408,159,5,1507.71,2,3,4,234,Needs Attention
C14409,100,6,2737.18,3,4,4,344,Champions
C14410,504,2,513.7,1,1,3,113,Cant Lose Them
C14411,121,3,619.57,3,2,3,323,Loyal Customers
C14412,18,6,888.38,4,4,3,443,Champions
C14413,215,2,905.84,2,1,4,214,Cant Lose Them
C14414,103,2,1066.8400000000001,3,1,4,314,New/Promising
C14415,31,4,212.81,4,3,2,432,Loyal Customers
C14416,132,2,39.8,2,1,1,211,Lost
C14417,584,1,613.84,1,1,3,113,Cant Lose Them
C14418,168,5,1389.3,2,3,4,234,Needs Attention
C14419,246,2,156.15,1,1,1,111,Lost
C14420,360,3,288.39,1,2,2,122,Lost
C14421,409,2,781.11,1,1,3,113,Cant Lose Them
C14422,39,4,1580.23,4,3,4,434,Champions
C14423,79,3,146.34,3,2,1,321,Loyal Customers
C14424,179,4,749.35,2,3,3,233,Needs Attention
C14425,319,4,294.45,1,3,2,132,Others
C14426,29,5,559.35,4,3,3,433,Champions
C14427,22,2,1439.7,4,1,4,414,New/Promising
C14428,34,5,149.78,4,3,1,431,Loyal Customers
C14429,39,5,4764.88,4,3,4,434,Champions
C14430,365,3,191.05999999999997,1,2,2,122,Lost
C14431,123,7,1620.3,2,4,4,244,Needs Attention
C14432,117,2,1176.9,3,1,4,314,New/Promising
C14433,110,6,694.91,3,4,3,343,Champions
C14434,308,3,548.34,1,2,3,123,Cant Lose Them
C14435,17,9,758.8100000000001,4,4,3,443,Champions
C14436,507,1,62.64,1,1,1,111,Lost
C14437,15,2,72.81,4,1,1,411,New/Promising
C14439,309,5,676.35,1,3,3,133,At Risk
C14440,290,4,1048.95,1,3,4,134,At Risk
C14441,78,2,100.18,3,1,1,311,New/Promising
C14442,316,2,754.57,1,1,3,113,Cant Lose Them
C14443,109,6,237.12,3,4,2,342,Loyal Customers
C14444,305,5,826.97,1,3,3,133,At Risk
C14445,424,2,637.25,1,1,3,113,Cant Lose Them
C14446,1,7,2091.4,4,4,4,444,Champions
C14447,322,3,220.83,1,2,2,122,Lost
C14448,293,2,6.58,1,1,1,111,Lost
C14449,685,2,269.99,1,1,2,112,Lost
C14450,265,2,271.87,1,1,2,112,Lost
C14451,119,5,685.25,3,3,3,333,Champions
C14452,409,4,169.53,1,3,1,131,Others
C14453,270,4,305.02,1,3,2,132,Others
C14454,26,5,485.06,4,3,3,433,Champions
C14455,121,6,1932.3,3,4,4,344,Champions
C14456,188,5,238.74,2,3,2,232,Needs Attention
C14457,277,2,220.07,1,1,2,112,Lost
C14458,223,4,494.54999999999995,2,3,3,233,Needs Attention
C14459,180,4,208.83,2,3,2,232,Needs Attention
C14460,386,5,3669.5299999999997,1,3,4,134,At Risk
C14461,15,1,26.31,4,1,1,411,New/Promising
C14462,154,4,715.09,2,3,3,233,Needs Attention
C14463,267,4,346.91,1,3,2,132,Others
C14464,419,3,647.3199999999999,1,2,3,123,Cant Lose Them
C14465,521,2,22.83,1,1,1,111,Lost
C14466,106,4,1037.6299999999999,3,3,4,334,Champions
C14467,189,2,156.67000000000002,2,1,1,211,Lost
C14468,132,3,1117.45,2,2,4,224,Cant Lose Them
C14469,317,3,99.53,1,2,1,121,Lost
C14470,133,5,435.61,2,3,2,232,Needs Attention
C14471,175,4,1684.6,2,3,4,234,Needs Attention
C14472,171,6,259.43,2,4,2,242,Needs Attention
C14473,13,5,1116.27,4,3,4,434,Champions
C14474,66,6,2454.17,3,4,4,344,Champions
C14476,321,5,530.17,1,3,3,133,At Risk
C14477,128,5,972.5600000000001,2,3,4,234,Needs Attention
C14478,7,7,479.75,4,4,3,443,Champions
C14479,149,4,786.95,2,3,3,233,Needs Attention
C14480,13,4,149.79,4,3,1,431,Loyal Customers
C14481,115,5,1233.0,3,3,4,334,Champions
C14482,24,10,3090.82,4,4,4,444,Champions
C14483,35,3,347.6,4,2,2,422,Loyal Customers
C14484,172,2,228.57999999999998,2,1,2,212,Lost
C14485,83,7,1128.84,3,4,4,344,Champions
C14486,89,3,341.63,3,2,2,322,Loyal Customers
C14487,6,7,744.21,4,4,3,443,Champions
C14488,37,4,121.9,4,3,1,431,Loyal Customers
C14489,202,1,87.97,2,1,1,211,Lost
C14490,13,4,2386.9700000000003,4,3,4,434,Champions
C14491,54,8,3404.24,3,4,4,344,Champions
C14492,260,6,1282.56,1,4,4,144,At Risk
C14493,147,8,615.19,2,4,3,243,Needs Attention
C14494,29,8,1267.33,4,4,4,444,Champions
C14495,200,1,2.95,2,1,1,211,Lost
C14496,265,3,522.39,1,2,3,123,Cant Lose Them
C14497,263,2,70.79,1,1,1,111,Lost
C14498,27,4,78.42,4,3,1,431,Loyal Customers
C14499,26,6,1989.29,4,4,4,444,Champions
C14500,18,5,864.07,4,3,3,433,Champions
C14501,508,5,230.92000000000002,1,3,2,132,Others
C14502,532,1,47.86,1,1,1,111,Lost
C14503,284,3,163.9,1,2,1,121,Lost
C14504,87,3,940.59,3,2,4,324,Loyal Customers
C14505,4,5,351.75,4,3,2,432,Loyal Customers
C14506,7,5,635.26,4,3,3,433,Champions
C14507,6,8,982.0100000000001,4,4,4,444,Champions
C14508,125,4,102.27,2,3,1,231,Needs Attention
C14509,207,1,37.52,2,1,1,211,Lost
C14510,113,5,705.1700000000001,3,3,3,333,Champions
C14511,403,6,296.45,1,4,2,142,Others
C14512,8,5,415.14000000000004,4,3,2,432,Loyal Customers
C14513,245,1,15.7,1,1,1,111,Lost
C14514,153,6,2832.46,2,4,4,244,Needs Attention
C14515,187,3,194.35,2,2,2,222,Lost
C14516,241,7,602.36,1,4,3,143,At Risk
C14517,22,5,723.68,4,3,3,433,Champions
C14518,94,2,79.47,3,1,1,311,New/Promising
C14520,524,2,345.28000000000003,1,1,2,112,Lost
C14521,105,6,1472.67,3,4,4,344,Champions
C14522,76,7,698.22,3,4,3,343,Champions
C14523,98,4,1133.6499999999999,3,3,4,334,Champions
C14524,118,7,428.39,3,4,2,342,Loyal Customers
C14525,21,2,87.65,4,1,1,411,New/Promising
C14526,13,6,561.74,4,4,3,443,Champions
C14527,185,5,1278.5600000000002,2,3,4,234,Needs Attention
C14528,305,3,382.34000000000003,1,2,2,122,Lost
C14529,19,6,522.6800000000001,4,4,3,443,Champions
C14530,26,6,1117.8500000000001,4,4,4,444,Champions
C14531,115,1,1020.78,3,1,4,314,New/Promising
C14532,484,1,8.87,1,1,1,111,Lost
C14533,154,5,882.83,2,3,3,233,Needs Attention
C14534,344,4,1584.54,1,3,4,134,At Risk
C14535,363,1,35.82,1,1,1,111,Lost
C14536,6,4,284.43,4,3,2,432,Loyal Customers
C14537,6,5,224.61,4,3,2,432,Loyal Customers
C14538,137,5,203.07999999999998,2,3,2,232,Needs Attention
C14539,94,4,143.78,3,3,1,331,Loyal Customers
C14540,382,2,2035.0,1,1,4,114,Cant Lose Them
C14541,117,4,1492.59,3,3,4,334,Champions
C14542,44,7,643.6,4,4,3,443,Champions
C14543,13,6,1249.39,4,4,4,444,Champions
C14544,78,4,88.64,3,3,1,331,Loyal Customers
C14545,149,5,707.57,2,3,3,233,Needs Attention
C14546,339,2,47.72,1,1,1,111,Lost
C14547,89,2,419.13,3,1,2,312,New/Promising
C14548,38,5,560.67,4,3,3,433,Champions
C14549,315,7,460.12,1,4,3,143,At Risk
C14550,161,6,148.82,2,4,1,241,Needs Attention
C14551,333,4,743.13,1,3,3,133,At Risk
C14552,3,5,671.95,4,3,3,433,Champions
C14553,272,2,2764.18,1,1,4,114,Cant Lose Them
C14554,28,2,450.83,4,1,2,412,New/Promising
C14555,137,8,168.47,2,4,1,241,Needs Attention
C14556,292,3,282.29,1,2,2,122,Lost
C14557,25,4,625.86,4,3,3,433,Champions
C14558,105,5,375.28,3,3,2,332,Loyal Customers
C14559,1,8,911.91,4,4,4,444,Champions
C14560,74,3,232.6,3,2,2,322,Loyal Customers
C14561,232,4,2167.48,2,3,4,234,Needs Attention
C14562,87,3,569.78,3,2,3,323,Loyal Customers
C14563,176,5,986.64,2,3,4,234,Needs Attention
C14564,19,2,652.11,4,1,3,413,New/Promising
C14565,113,3,355.61,3,2,2,322,Loyal Customers
C14566,115,5,1310.75,3,3,4,334,Champions
C14567,262,5,1953.6799999999998,1,3,4,134,At Risk
C14568,113,3,58.650000000000006,3,2,1,321,Loyal Customers
C14569,119,3,991.65,3,2,4,324,Loyal Customers
C14570,64,6,749.09,3,4,3,343,Champions
C14571,13,6,330.85,4,4,2,442,Loyal Customers
C14572,11,4,211.51,4,3,2,432,Loyal Customers
C14573,321,3,160.07,1,2,1,121,Lost
C14574,70,3,246.72000000000003,3,2,2,322,Loyal Customers
C14575,92,2,211.95,3,1,2,312,New/Promising
C14576,88,11,1512.74,3,4,4,344,Champions
C14577,115,3,591.28,3,2,3,323,Loyal Customers
C14578,2,7,1042.8,4,4,4,444,Champions
C14579,141,4,1469.0,2,3,4,234,Needs Attention
C14581,37,4,447.77,4,3,2,432,Loyal Customers
C14582,268,2,28.630000000000003,1,1,1,111,Lost
C14583,67,5,1642.09,3,3,4,334,Champions
C14584,361,3,498.54999999999995,1,2,3,123,Cant Lose Them
C14585,155,6,4019.08,2,4,4,244,Needs Attention
C14586,160,1,7.08,2,1,1,211,Lost
C14587,256,4,770.02,1,3,3,133,At Risk
C14588,178,4,518.14,2,3,3,233,Needs Attention
C14589,171,4,766.1,2,3,3,233,Needs Attention
C14590,96,6,431.1,3,4,2,342,Loyal Customers
C14591,387,1,115.83,1,1,1,111,Lost
C14592,53,4,573.0899999999999,3,3,3,333,Champions
C14593,40,3,187.85000000000002,4,2,1,421,Loyal Customers
C14594,434,2,121.38000000000001,1,1,1,111,Lost
C14595,47,4,485.71,4,3,3,433,Champions
C14596,460,1,17.95,1,1,1,111,Lost
C14597,10,3,134.88,4,2,1,421,Loyal Customers
C14598,122,3,255.2,2,2,2,222,Lost
C14599,7,5,309.08,4,3,2,432,Loyal Customers
C14600,198,3,175.29,2,2,1,221,Lost
C14601,138,2,31.080000000000002,2,1,1,211,Lost
C14602,151,2,643.3000000000001,2,1,3,213,Cant Lose Them
C14603,99,5,398.83,3,3,2,332,Loyal Customers
C14604,412,3,100.66999999999999,1,2,1,121,Lost
C14605,680,2,86.75,1,1,1,111,Lost
C14606,96,4,151.66,3,3,1,331,Loyal Customers
C14607,269,3,133.19,1,2,1,121,Lost
C14608,471,1,27.95,1,1,1,111,Lost
C14609,219,2,106.25,2,1,1,211,Lost
C14610,126,2,89.37,2,1,1,211,Lost
C14611,25,6,333.28,4,4,2,442,Loyal Customers
C14612,337,2,559.9499999999999,1,1,3,113,Cant Lose Them
C14613,30,3,2826.56,4,2,4,424,Loyal Customers
C14614,46,2,77.36999999999999,4,1,1,411,New/Promising
C14615,27,5,250.39000000000001,4,3,2,432,Loyal Customers
C14616,20,5,720.38,4,3,3,433,Champions
C14617,441,4,118.42,1,3,1,131,Others
C14618,449,1,92.43,1,1,1,111,Lost
C14619,8,4,154.04,4,3,1,431,Loyal Customers
C14620,184,6,3312.86,2,4,4,244,Needs Attention
C14621,233,6,922.38,2,4,4,244,Needs Attention
C14622,647,2,144.42999999999998,1,1,1,111,Lost
C14623,206,4,530.5600000000001,2,3,3,233,Needs Attention
C14624,136,5,383.07,2,3,2,232,Needs Attention
C14625,142,2,79.3,2,1,1,211,Lost
C14626,170,6,505.88,2,4,3,243,Needs Attention
C14627,549,4,4523.83,1,3,4,134,At Risk
C14628,42,6,758.9,4,4,3,443,Champions
C14629,205,1,34.08,2,1,1,211,Lost
C14630,328,3,481.76,1,2,3,123,Cant Lose Them
C14631,108,4,323.04,3,3,2,332,Loyal Customers
C14632,93,2,144.26999999999998,3,1,1,311,New/Promising
C14633,197,3,312.63,2,2,2,222,Lost
C14634,183,2,456.97999999999996,2,1,3,213,Cant Lose Them
C14635,107,4,259.56,3,3,2,332,Loyal Customers
C14636,10,4,510.34,4,3,3,433,Champions
C14637,38,7,1409.66,4,4,4,444,Champions
C14638,207,1,144.34,2,1,1,211,Lost
C14640,508,1,46.77,1,1,1,111,Lost
C14641,74,3,2680.8399999999997,3,2,4,324,Loyal Customers
C14642,16,5,590.11,4,3,3,433,Champions
C14643,283,2,77.04,1,1,1,111,Lost
C14644,161,3,140.03,2,2,1,221,Lost
C14646,104,4,225.66,3,3,2,332,Loyal Customers
C14647,176,4,1098.94,2,3,4,234,Needs Attention
C14648,51,5,536.58,3,3,3,333,Champions
C14649,83,6,1418.8799999999999,3,4,4,344,Champions
C14650,29,4,2084.7,4,3,4,434,Champions
C14651,371,4,186.62,1,3,1,131,Others
C14652,88,6,1976.2,3,4,4,344,Champions
C14653,283,2,36.09,1,1,1,111,Lost
C14654,14,7,681.09,4,4,3,443,Champions
C14655,248,7,648.94,1,4,3,143,At Risk
C14656,57,4,586.95,3,3,3,333,Champions
C14657,155,4,2130.88,2,3,4,234,Needs Attention
C14658,143,5,789.9000000000001,2,3,3,233,Needs Attention
C14659,268,3,1928.78,1,2,4,124,Cant Lose Them
C14660,314,4,419.07,1,3,2,132,Others
C14661,103,7,3634.24,3,4,4,344,Champions
C14662,116,3,276.87,3,2,2,322,Loyal Customers
C14663,201,4,497.95,2,3,3,233,Needs Attention
C14664,491,5,326.82,1,3,2,132,Others
C14665,343,5,826.03,1,3,3,133,At Risk
C14666,12,3,98.07000000000001,4,2,1,421,Loyal Customers
C14668,335,1,1.62,1,1,1,111,Lost
C14669,80,6,1495.69,3,4,4,344,Champions
C14670,137,7,1686.22,2,4,4,244,Needs Attention
C14671,315,3,283.73,1,2,2,122,Lost
C14672,436,1,118.68,1,1,1,111,Lost
C14673,21,3,209.63,4,2,2,422,Loyal Customers
C14674,82,6,652.6999999999999,3,4,3,343,Champions
C14675,59,11,2738.2599999999998,3,4,4,344,Champions
C14676,293,3,225.96,1,2,2,122,Lost
C14677,201,6,2488.26,2,4,4,244,Needs Attention
C14678,70,4,165.35,3,3,1,331,Loyal Customers
C14679,127,2,1135.57,2,1,4,214,Cant Lose Them
C14680,44,7,1340.1,4,4,4,444,Champions
C14681,128,8,1214.73,2,4,4,244,Needs Attention
C14682,48,6,1437.96,4,4,4,444,Champions
C14683,150,8,1226.3,2,4,4,244,Needs Attention
C14684,90,4,172.45,3,3,1,331,Loyal Customers
C14685,2,3,81.28999999999999,4,2,1,421,Loyal Customers
C14686,255,3,323.73,1,2,2,122,Lost
C14687,71,5,270.86,3,3,2,332,Loyal Customers
C14688,166,3,1832.95,2,2,4,224,Cant Lose Them
C14689,485,3,300.57,1,2,2,122,Lost
C14690,253,5,1199.26,1,3,4,134,At Risk
C14691,41,5,227.79000000000002,4,3,2,432,Loyal Customers
C14692,30,5,792.0699999999999,4,3,3,433,Champions
C14693,236,2,359.38,2,1,2,212,Lost
C14694,73,6,2022.0,3,4,4,344,Champions
C14695,208,3,1041.44,2,2,4,224,Cant Lose Them
C14696,63,6,245.32,3,4,2,342,Loyal Customers
C14697,89,4,564.62,3,3,3,333,Champions
C14698,356,2,111.53,1,1,1,111,Lost
C14699,399,1,9.12,1,1,1,111,Lost
C14700,260,3,1236.66,1,2,4,124,Cant Lose Them
C14701,155,4,781.78,2,3,3,233,Needs Attention
C14702,396,2,44.89,1,1,1,111,Lost
C14703,12,6,354.63,4,4,2,442,Loyal Customers
C14704,387,2,133.24,1,1,1,111,Lost
C14705,44,4,310.39,4,3,2,432,Loyal Customers
C14707,87,3,32.31,3,2,1,321,Loyal Customers
C14708,170,2,3325.3399999999997,2,1,4,214,Cant Lose Them
C14709,28,4,631.5799999999999,4,3,3,433,Champions
C14710,295,5,1745.1699999999998,1,3,4,134,At Risk
C14711,24,5,2965.7,4,3,4,434,Champions
C14712,200,2,179.24,2,1,1,211,Lost
C14713,50,6,1494.86,4,4,4,444,Champions
C14714,169,5,689.1999999999999,2,3,3,233,Needs Attention
C14715,113,5,980.3199999999999,3,3,4,334,Champions
C14716,283,2,149.91,1,1,1,111,Lost
C14717,181,5,388.05,2,3,2,232,Needs Attention
C14718,64,5,374.88,3,3,2,332,Loyal Customers
C14719,221,8,607.24,2,4,3,243,Needs Attention
C14720,32,2,245.0,4,1,2,412,New/Promising
C14721,98,5,1435.23,3,3,4,334,Champions
C14722,40,6,302.86,4,4,2,442,Loyal Customers
C14723,11,10,969.74,4,4,4,444,Champions
C14724,19,5,1669.46,4,3,4,434,Champions
C14725,360,5,199.89,1,3,2,132,Others
C14726,115,2,88.75,3,1,1,311,New/Promising
C14727,50,5,608.51,4,3,3,433,Champions
C14728,83,4,853.0999999999999,3,3,3,333,Champions
C14729,82,6,236.16,3,4,2,342,Loyal Customers
C14730,481,1,34.41,1,1,1,111,Lost
C14731,586,2,593.28,1,1,3,113,Cant Lose Them
C14732,47,5,721.5400000000001,4,3,3,433,Champions
C14733,129,7,407.2,2,4,2,242,Needs Attention
C14734,463,4,234.79999999999998,1,3,2,132,Others
C14735,11,6,1132.53,4,4,4,444,Champions
C14736,243,5,1040.48,1,3,4,134,At Risk
C14737,207,3,266.84,2,2,2,222,Lost
C14738,515,1,169.82,1,1,1,111,Lost
C14739,425,3,98.95,1,2,1,121,Lost
C14741,120,5,985.07,3,3,4,334,Champions
C14742,77,3,93.63,3,2,1,321,Loyal Customers
C14743,23,4,96.71,4,3,1,431,Loyal Customers
C14744,102,6,470.19,3,4,3,343,Champions
C14745,330,3,975.38,1,2,4,124,Cant Lose Them
C14746,80,5,414.51,3,3,2,332,Loyal Customers
C14747,165,4,766.9200000000001,2,3,3,233,Needs Attention
C14748,85,5,537.4,3,3,3,333,Champions
C14749,142,4,139.79,2,3,1,231,Needs Attention
C14750,373,4,1058.76,1,3,4,134,At Risk
C14751,144,3,222.72,2,2,2,222,Lost
C14752,53,8,473.6,3,4,3,343,Champions
C14753,297,4,491.81,1,3,3,133,At Risk
C14754,57,4,632.78,3,3,3,333,Champions
C14755,144,1,1857.48,2,1,4,214,Cant Lose Them
C14756,208,4,397.84,2,3,2,232,Needs Attention
C14757,179,6,764.83,2,4,3,243,Needs Attention
C14758,55,5,1289.3400000000001,3,3,4,334,Champions
C14759,176,5,1134.22,2,3,4,234,Needs Attention
C14760,19,9,1949.08,4,4,4,444,Champions
C14761,53,4,96.05,3,3,1,331,Loyal Customers
C14762,110,2,228.25,3,1,2,312,New/Promising
C14763,29,6,2443.71,4,4,4,444,Champions
C14764,237,4,505.45,2,3,3,233,Needs Attention
C14765,154,3,99.1,2,2,1,221,Lost
C14766,45,2,265.62,4,1,2,412,New/Promising
C14767,163,3,553.8399999999999,2,2,3,223,Cant Lose Them
C14768,152,5,2087.69,2,3,4,234,Needs Attention
C14769,21,5,770.6700000000001,4,3,3,433,Champions
C14770,6,4,474.89,4,3,3,433,Champions
C14771,534,1,108.81,1,1,1,111,Lost
C14772,676,2,1608.58,1,1,4,114,Cant Lose Them
C14773,180,4,280.43,2,3,2,232,Needs Attention
C14774,25,3,290.17,4,2,2,422,Loyal Customers
C14775,258,3,143.41,1,2,1,121,Lost
C14776,14,2,271.40999999999997,4,1,2,412,New/Promising
C14777,386,3,169.29,1,2,1,121,Lost
C14778,38,5,480.38,4,3,3,433,Champions
C14779,400,3,552.17,1,2,3,123,Cant Lose Them
C14780,116,11,2764.86,3,4,4,344,Champions
C14781,43,3,217.85,4,2,2,422,Loyal Customers
C14782,281,6,784.81,1,4,3,143,At Risk
C14783,591,2,183.75,1,1,1,111,Lost
C14784,137,8,990.4499999999999,2,4,4,244,Needs Attention
C14785,365,5,254.69,1,3,2,132,Others
C14786,451,4,1050.8899999999999,1,3,4,134,At Risk
C14787,134,5,570.8199999999999,2,3,3,233,Needs Attention
C14788,721,1,13.46,1,1,1,111,Lost
C14789,144,3,72.42,2,2,1,221,Lost
C14790,13,6,770.24,4,4,3,443,Champions
C14791,46,3,280.15,4,2,2,422,Loyal Customers
C14792,443,2,23.0,1,1,1,111,Lost
C14793,23,6,972.67,4,4,4,444,Champions
C14795,24,7,637.64,4,4,3,443,Champions
C14796,102,4,327.83000000000004,3,3,2,332,Loyal Customers
C14797,8,6,1113.71,4,4,4,444,Champions
C14798,103,8,336.12,3,4,2,342,Loyal Customers
C14799,94,4,396.13,3,3,2,332,Loyal Customers
C14800,7,5,386.28000000000003,4,3,2,432,Loyal Customers
C14801,128,6,634.49,2,4,3,243,Needs Attention
C14802,391,3,592.03,1,2,3,123,Cant Lose Them
C14803,104,5,463.16,3,3,3,333,Champions
C14804,11,6,1836.6399999999999,4,4,4,444,Champions
C14805,16,8,913.14,4,4,4,444,Champions
C14806,29,7,1422.06,4,4,4,444,Champions
C14807,174,3,68.61,2,2,1,221,Lost
C14808,55,2,233.57,3,1,2,312,New/Promising
C14809,539,2,301.34999999999997,1,1,2,112,Lost
C14810,42,3,279.77,4,2,2,422,Loyal Customers
C14811,311,4,590.5899999999999,1,3,3,133,At Risk
C14812,186,4,263.01,2,3,2,232,Needs Attention
C14813,69,3,104.03999999999999,3,2,1,321,Loyal Customers
C14814,65,4,2106.75,3,3,4,334,Champions
C14815,44,6,969.49,4,4,4,444,Champions
C14816,102,3,1546.26,3,2,4,324,Loyal Customers
C14817,184,3,552.71,2,2,3,223,Cant Lose Them
C14818,57,3,871.3599999999999,3,2,3,323,Loyal Customers
C14819,226,2,13.15,2,1,1,211,Lost
C14820,49,5,586.5,4,3,3,433,Champions
C14821,61,3,105.73,3,2,1,321,Loyal Customers
C14822,91,2,163.39999999999998,3,1,1,311,New/Promising
C14823,79,6,246.33999999999997,3,4,2,342,Loyal Customers
C14824,97,3,136.34,3,2,1,321,Loyal Customers
C14825,7,7,608.77,4,4,3,443,Champions
C14826,21,6,1534.4299999999998,4,4,4,444,Champions
C14827,488,2,249.52999999999997,1,1,2,112,Lost
C14828,149,3,186.92,2,2,1,221,Lost
C14829,6,3,178.86,4,2,1,421,Loyal Customers
C14830,41,3,515.95,4,2,3,423,Loyal Customers
C14831,64,4,1393.02,3,3,4,334,Champions
C14833,176,6,1535.38,2,4,4,244,Needs Attention
C14834,62,5,676.76,3,3,3,333,Champions
C14835,8,7,324.2,4,4,2,442,Loyal Customers
C14836,34,4,1400.62,4,3,4,434,Champions
C14837,81,6,269.55,3,4,2,342,Loyal Customers
C14838,99,7,1416.9,3,4,4,344,Champions
C14839,89,6,752.96,3,4,3,343,Champions
C14840,127,4,586.96,2,3,3,233,Needs Attention
C14841,2,6,643.49,4,4,3,443,Champions
C14842,85,3,260.58,3,2,2,322,Loyal Customers
C14843,108,2,132.2,3,1,1,311,New/Promising
C14844,101,3,458.17,3,2,3,323,Loyal Customers
C14845,25,2,117.21000000000001,4,1,1,411,New/Promising
C14846,14,7,433.83,4,4,2,442,Loyal Customers
C14847,248,2,132.83,1,1,1,111,Lost
C14848,249,2,218.49,1,1,2,112,Lost
C14849,3,7,229.06,4,4,2,442,Loyal Customers
C14850,40,3,107.03,4,2,1,421,Loyal Customers
C14851,53,1,19.17,3,1,1,311,New/Promising
C14852,60,4,588.46,3,3,3,333,Champions
C14853,66,6,1825.9199999999998,3,4,4,344,Champions
C14854,106,7,1134.83,3,4,4,344,Champions
C14855,150,1,6.09,2,1,1,211,Lost
C14856,416,4,183.63,1,3,1,131,Others
C14857,310,5,273.15000000000003,1,3,2,132,Others
C14858,100,7,807.4300000000001,3,4,3,343,Champions
C14859,140,4,74.82,2,3,1,231,Needs Attention
C14860,220,3,558.45,2,2,3,223,Cant Lose Them
C14861,478,4,195.42000000000002,1,3,2,132,Others
C14862,107,6,827.0600000000001,3,4,3,343,Champions
C14863,477,4,238.96,1,3,2,132,Others
C14864,27,6,556.3199999999999,4,4,3,443,Champions
C14865,21,8,2558.4,4,4,4,444,Champions
C14866,76,4,466.35,3,3,3,333,Champions
C14867,259,3,239.04,1,2,2,122,Lost
C14868,8,4,354.64000000000004,4,3,2,432,Loyal Customers
C14869,204,5,283.17,2,3,2,232,Needs Attention
C14870,4,3,25.05,4,2,1,421,Loyal Customers
C14872,381,3,601.78,1,2,3,123,Cant Lose Them
C14873,125,9,1926.94,2,4,4,244,Needs Attention
C14874,37,3,223.73000000000002,4,2,2,422,Loyal Customers
C14875,16,6,965.05,4,4,4,444,Champions
C14876,3,7,2411.59,4,4,4,444,Champions
C14878,15,7,1629.1999999999998,4,4,4,444,Champions
C14879,15,6,549.46,4,4,3,443,Champions
C14880,72,3,130.10999999999999,3,2,1,321,Loyal Customers
C14881,36,5,622.46,4,3,3,433,Champions
C14882,149,4,459.49,2,3,3,233,Needs Attention
C14883,23,2,14.11,4,1,1,411,New/Promising
C14884,574,1,40.05,1,1,1,111,Lost
C14885,197,3,261.08000000000004,2,2,2,222,Lost
C14886,7,3,83.68,4,2,1,421,Loyal Customers
C14887,172,7,890.74,2,4,3,243,Needs Attention
C14888,111,3,191.83,3,2,2,322,Loyal Customers
C14889,2,9,675.69,4,4,3,443,Champions
C14890,49,3,72.83,4,2,1,421,Loyal Customers
C14891,118,3,110.66,3,2,1,321,Loyal Customers
C14892,4,2,404.30999999999995,4,1,2,412,New/Promising
C14893,24,6,918.23,4,4,4,444,Champions
C14895,14,5,1633.24,4,3,4,434,Champions
C14896,214,2,289.74,2,1,2,212,Lost
C14897,84,8,992.5200000000001,3,4,4,344,Champions
C14898,332,3,139.65,1,2,1,121,Lost
C14899,314,5,784.19,1,3,3,133,At Risk
C14900,11,4,899.96,4,3,3,433,Champions
C14901,234,5,1258.73,2,3,4,234,Needs Attention
C14902,657,1,106.93,1,1,1,111,Lost
C14903,532,1,18.15,1,1,1,111,Lost
C14904,40,5,182.56,4,3,1,431,Loyal Customers
C14905,171,5,148.73,2,3,1,231,Needs Attention
C14906,11,6,1374.1200000000001,4,4,4,444,Champions
C14907,180,3,1323.9399999999998,2,2,4,224,Cant Lose Them
C14908,240,5,260.29,1,3,2,132,Others
C14909,174,5,1381.3600000000001,2,3,4,234,Needs Attention
C14910,346,5,723.96,1,3,3,133,At Risk
C14911,26,6,692.5,4,4,3,443,Champions
C14912,139,3,91.79,2,2,1,221,Lost
C14913,187,6,1787.76,2,4,4,244,Needs Attention
C14914,188,2,358.82,2,1,2,212,Lost
C14915,26,7,398.96,4,4,2,442,Loyal Customers
C14916,50,8,901.48,4,4,3,443,Champions
C14917,26,8,2124.68,4,4,4,444,Champions
C14918,67,3,49.83,3,2,1,321,Loyal Customers
C14919,10,5,1320.75,4,3,4,434,Champions
C14920,39,8,1589.92,4,4,4,444,Champions
C14921,343,2,401.47,1,1,2,112,Lost
C14922,127,4,915.2199999999999,2,3,4,234,Needs Attention
C14923,185,3,88.32000000000001,2,2,1,221,Lost
C14924,249,2,208.82000000000002,1,1,2,112,Lost
C14925,127,8,1742.48,2,4,4,244,Needs Attention
C14926,130,3,409.9,2,2,2,222,Lost
C14927,218,4,947.3299999999999,2,3,4,234,Needs Attention
C14928,71,6,478.21,3,4,3,343,Champions
C14929,67,4,2807.08,3,3,4,334,Champions
C14930,22,7,2038.68,4,4,4,444,Champions
C14931,14,6,520.45,4,4,3,443,Champions
C14932,88,3,264.07,3,2,2,322,Loyal Customers
C14933,202,5,790.0899999999999,2,3,3,233,Needs Attention
C14934,291,5,1284.17,1,3,4,134,At Risk
C14935,159,4,183.68,2,3,1,231,Needs Attention
C14936,176,2,484.95000000000005,2,1,3,213,Cant Lose Them
C14937,86,5,481.79999999999995,3,3,3,333,Champions
C14938,50,5,1394.18,4,3,4,434,Champions
C14939,150,9,1068.1399999999999,2,4,4,244,Needs Attention
C14940,245,3,307.93,1,2,2,122,Lost
C14941,78,2,31.6,3,1,1,311,New/Promising
C14942,101,9,1040.12,3,4,4,344,Champions
C14943,9,5,688.22,4,3,3,433,Champions
C14944,100,9,801.89,3,4,3,343,Champions
C14945,46,6,343.29,4,4,2,442,Loyal Customers
C14946,105,5,1060.81,3,3,4,334,Champions
C14947,24,3,515.3000000000001,4,2,3,423,Loyal Customers
C14948,255,6,140.48,1,4,1,141,Others
C14949,469,3,276.46999999999997,1,2,2,122,Lost
C14950,402,3,437.08,1,2,2,122,Lost
C14951,316,4,83.23,1,3,1,131,Others
C14952,358,2,557.49,1,1,3,113,Cant Lose Them
C14953,149,6,738.6,2,4,3,243,Needs Attention
C14954,27,6,281.04,4,4,2,442,Loyal Customers
C14955,260,3,737.8000000000001,1,2,3,123,Cant Lose Them
C14956,417,1,38.2,1,1,1,111,Lost
C14957,9,4,177.53,4,3,1,431,Loyal Customers
C14958,4,5,927.09,4,3,4,434,Champions
C14959,63,5,1236.3200000000002,3,3,4,334,Champions
C14960,470,4,628.99,1,3,3,133,At Risk
C14961,682,1,1478.42,1,1,4,114,Cant Lose Them
C14962,167,3,1566.3300000000002,2,2,4,224,Cant Lose Them
C14963,54,3,226.64000000000001,3,2,2,322,Loyal Customers
C14964,119,7,414.7,3,4,2,342,Loyal Customers
C14965,293,4,1612.75,1,3,4,134,At Risk
C14966,20,3,128.2,4,2,1,421,Loyal Customers
C14967,29,3,142.77,4,2,1,421,Loyal Customers
C14968,1,4,155.33,4,3,1,431,Loyal Customers
C14969,211,7,172.17,2,4,1,241,Needs Attention
C14970,82,6,2184.45,3,4,4,344,Champions
C14971,70,7,598.21,3,4,3,343,Champions
C14972,622,1,13.52,1,1,1,111,Lost
C14973,366,3,848.04,1,2,3,123,Cant Lose Them
C14974,67,3,1160.34,3,2,4,324,Loyal Customers
C14975,12,3,159.32,4,2,1,421,Loyal Customers
C14976,16,8,207.27,4,4,2,442,Loyal Customers
C14978,35,2,387.74,4,1,2,412,New/Promising
C14979,65,6,954.65,3,4,4,344,Champions
C14980,150,4,605.1899999999999,2,3,3,233,Needs Attention
C14981,305,1,403.92,1,1,2,112,Lost
C14983,232,4,308.33,2,3,2,232,Needs Attention
C14984,314,1,40.2,1,1,1,111,Lost
C14986,545,2,177.56,1,1,1,111,Lost
C14987,31,5,1229.43,4,3,4,434,Champions
C14988,30,6,752.01,4,4,3,443,Champions
C14989,486,1,18.21,1,1,1,111,Lost
C14990,59,5,621.93,3,3,3,333,Champions
C14991,125,2,120.05000000000001,2,1,1,211,Lost
C14992,200,7,582.6700000000001,2,4,3,243,Needs Attention
C14993,396,2,149.48,1,1,1,111,Lost
C14994,2,8,543.77,4,4,3,443,Champions
C14995,26,4,610.69,4,3,3,433,Champions
C14996,207,4,1354.62,2,3,4,234,Needs Attention
C14997,82,5,1187.1100000000001,3,3,4,334,Champions
C14998,100,3,818.9200000000001,3,2,3,323,Loyal Customers
C14999,20,4,1225.6100000000001,4,3,4,434,Champions
C15000,154,5,2059.59,2,3,4,234,Needs Attention
C15001,84,4,492.09000000000003,3,3,3,333,Champions
C15002,68,4,425.13,3,3,2,332,Loyal Customers
C15003,155,4,357.67,2,3,2,232,Needs Attention
C15004,574,4,76.08,1,3,1,131,Others
C15005,8,3,339.67,4,2,2,422,Loyal Customers
C15006,50,2,34.02,4,1,1,411,New/Promising
C15007,11,3,533.75,4,2,3,423,Loyal Customers
C15008,25,6,2111.7000000000003,4,4,4,444,Champions
C15009,115,4,1110.48,3,3,4,334,Champions
C15010,136,1,13.14,2,1,1,211,Lost
C15011,99,5,184.35,3,3,1,331,Loyal Customers
C15012,32,3,801.5799999999999,4,2,3,423,Loyal Customers
C15013,626,2,348.02000000000004,1,1,2,112,Lost
C15014,429,3,176.08,1,2,1,121,Lost
C15015,130,3,174.16000000000003,2,2,1,221,Lost
C15016,83,7,1771.48,3,4,4,344,Champions
C15017,69,5,146.18,3,3,1,331,Loyal Customers
C15018,381,2,68.6,1,1,1,111,Lost
C15019,264,3,266.07,1,2,2,122,Lost
C15020,155,3,526.19,2,2,3,223,Cant Lose Them
C15021,47,3,1425.8500000000001,4,2,4,424,Loyal Customers
C15022,355,2,38.54,1,1,1,111,Lost
C15023,134,1,105.96,2,1,1,211,Lost
C15024,11,10,2488.28,4,4,4,444,Champions
C15025,82,3,31.659999999999997,3,2,1,321,Loyal Customers
C15026,400,3,55.489999999999995,1,2,1,121,Lost
C15027,29,5,212.81,4,3,2,432,Loyal Customers
C15028,73,3,1509.63,3,2,4,324,Loyal Customers
C15029,175,4,457.04,2,3,3,233,Needs Attention
C15030,338,2,168.06,1,1,1,111,Lost
C15031,142,5,436.71000000000004,2,3,2,232,Needs Attention
C15032,4,3,428.47,4,2,2,422,Loyal Customers
C15033,27,1,22.7,4,1,1,411,New/Promising
C15034,387,2,81.81,1,1,1,111,Lost
C15035,464,1,12.56,1,1,1,111,Lost
C15036,85,3,80.24000000000001,3,2,1,321,Loyal Customers
C15037,275,6,960.99,1,4,4,144,At Risk
C15038,69,2,161.98,3,1,1,311,New/Promising
C15039,86,4,615.06,3,3,3,333,Champions
C15040,469,2,148.26,1,1,1,111,Lost
C15041,14,4,471.78999999999996,4,3,3,433,Champions
C15042,112,3,649.74,3,2,3,323,Loyal Customers
C15043,155,8,2549.75,2,4,4,244,Needs Attention
C15044,146,1,847.35,2,1,3,213,Cant Lose Them
C15045,181,5,63.470000000000006,2,3,1,231,Needs Attention
C15046,309,1,117.62,1,1,1,111,Lost
C15047,139,5,2657.39,2,3,4,234,Needs Attention
C15048,100,3,843.3199999999999,3,2,3,323,Loyal Customers
C15049,77,5,1265.01,3,3,4,334,Champions
C15050,165,2,139.77,2,1,1,211,Lost
C15051,40,8,952.6700000000001,4,4,4,444,Champions
C15052,159,3,630.75,2,2,3,223,Cant Lose Them
C15053,83,4,373.85,3,3,2,332,Loyal Customers
C15054,25,7,585.8100000000001,4,4,3,443,Champions
C15055,21,7,1819.53,4,4,4,444,Champions
C15056,219,3,326.72999999999996,2,2,2,222,Lost
C15057,67,5,670.85,3,3,3,333,Champions
C15058,2,5,1061.8,4,3,4,434,Champions
C15059,364,4,1427.9199999999998,1,3,4,134,At Risk
C15060,307,2,227.01999999999998,1,1,2,112,Lost
C15061,19,4,1597.3100000000002,4,3,4,434,Champions
C15062,87,5,315.85,3,3,2,332,Loyal Customers
C15063,31,7,908.39,4,4,4,444,Champions
C15064,41,5,1172.25,4,3,4,434,Champions
C15065,206,5,1148.55,2,3,4,234,Needs Attention
C15066,12,3,61.16,4,2,1,421,Loyal Customers
C15067,496,2,821.57,1,1,3,113,Cant Lose Them
C15068,197,4,2823.02,2,3,4,234,Needs Attention
C15069,87,5,252.49,3,3,2,332,Loyal Customers
C15070,65,3,236.69,3,2,2,322,Loyal Customers
C15071,630,1,590.54,1,1,3,113,Cant Lose Them
C15072,170,4,112.73,2,3,1,231,Needs Attention
C15073,230,4,292.41,2,3,2,232,Needs Attention
C15074,399,4,1414.23,1,3,4,134,At Risk
C15075,405,2,35.19,1,1,1,111,Lost
C15076,62,3,364.14,3,2,2,322,Loyal Customers
C15077,197,6,848.5500000000001,2,4,3,243,Needs Attention
C15078,148,4,569.0,2,3,3,233,Needs Attention
C15079,102,5,643.4200000000001,3,3,3,333,Champions
C15080,56,7,1316.61,3,4,4,344,Champions
C15081,86,4,523.17,3,3,3,333,Champions
C15082,24,3,68.22,4,2,1,421,Loyal Customers
C15083,47,5,1424.52,4,3,4,434,Champions
C15084,320,3,277.96000000000004,1,2,2,122,Lost
C15085,4,6,1931.3600000000001,4,4,4,444,Champions
C15086,9,5,264.15,4,3,2,432,Loyal Customers
C15087,211,6,2048.03,2,4,4,244,Needs Attention
C15088,75,9,864.8000000000001,3,4,3,343,Champions
C15089,3,7,661.78,4,4,3,443,Champions
C15090,117,2,204.16,3,1,2,312,New/Promising
C15091,41,8,1971.03,4,4,4,444,Champions
C15092,47,4,194.38,4,3,2,432,Loyal Customers
C15093,81,4,628.1700000000001,3,3,3,333,Champions
C15094,32,3,376.87,4,2,2,422,Loyal Customers
C15095,299,3,268.22,1,2,2,122,Lost
C15096,54,6,2934.91,3,4,4,344,Champions
C15097,512,3,53.59,1,2,1,121,Lost
C15098,144,2,43.9,2,1,1,211,Lost
C15099,247,4,233.48000000000002,1,3,2,132,Others
C15100,556,2,45.58,1,1,1,111,Lost
C15101,151,6,829.66,2,4,3,243,Needs Attention
C15102,186,3,236.24,2,2,2,222,Lost
C15103,282,2,41.78,1,1,1,111,Lost
C15104,63,4,354.75,3,3,2,332,Loyal Customers
C15105,53,4,816.49,3,3,3,333,Champions
C15106,63,1,607.65,3,1,3,313,New/Promising
C15107,352,2,409.96000000000004,1,1,2,112,Lost
C15108,110,5,975.08,3,3,4,334,Champions
C15109,166,6,3119.19,2,4,4,244,Needs Attention
C15110,198,3,396.09,2,2,2,222,Lost
C15111,105,2,6.24,3,1,1,311,New/Promising
C15112,99,4,931.18,3,3,4,334,Champions
C15113,157,6,1659.54,2,4,4,244,Needs Attention
C15114,177,2,246.25,2,1,2,212,Lost
C15115,720,1,82.86,1,1,1,111,Lost
C15116,51,4,549.09,3,3,3,333,Champions
C15117,3,3,124.8,4,2,1,421,Loyal Customers
C15118,443,1,91.65,1,1,1,111,Lost
C15119,395,3,172.67,1,2,1,121,Lost
C15120,145,3,282.99,2,2,2,222,Lost
C15121,25,4,1357.55,4,3,4,434,Champions
C15122,139,4,209.89000000000001,2,3,2,232,Needs Attention
C15123,722,2,529.01,1,1,3,113,Cant Lose Them
C15124,210,3,654.63,2,2,3,223,Cant Lose Them
C15125,42,5,1278.92,4,3,4,434,Champions
C15126,75,4,1183.2,3,3,4,334,Champions
C15127,167,8,291.25,2,4,2,242,Needs Attention
C15128,90,1,12.93,3,1,1,311,New/Promising
C15129,98,3,333.97999999999996,3,2,2,322,Loyal Customers
C15130,21,3,728.79,4,2,3,423,Loyal Customers
C15131,14,6,517.92,4,4,3,443,Champions
C15132,280,5,2454.47,1,3,4,134,At Risk
C15133,335,3,463.98,1,2,3,123,Cant Lose Them
C15134,206,4,1904.55,2,3,4,234,Needs Attention
C15135,108,2,264.32,3,1,2,312,New/Promising
C15136,150,5,723.4499999999999,2,3,3,233,Needs Attention
C15137,86,8,3458.64,3,4,4,344,Champions
C15138,84,4,207.09,3,3,2,332,Loyal Customers
C15139,118,8,534.4,3,4,3,343,Champions
C15140,329,2,69.79,1,1,1,111,Lost
C15141,32,7,399.07,4,4,2,442,Loyal Customers
C15142,33,4,311.84000000000003,4,3,2,432,Loyal Customers
C15143,214,5,412.25,2,3,2,232,Needs Attention
C15144,79,4,919.4200000000001,3,3,4,334,Champions
C15145,37,5,473.82,4,3,3,433,Champions
C15146,267,3,390.94,1,2,2,122,Lost
C15147,392,5,451.19,1,3,3,133,At Risk
C15148,290,1,246.55,1,1,2,112,Lost
C15149,19,6,426.51,4,4,2,442,Loyal Customers
C15150,245,6,731.2900000000001,1,4,3,143,At Risk
C15151,40,4,468.24,4,3,3,433,Champions
C15152,102,2,45.67,3,1,1,311,New/Promising
C15153,23,9,1080.58,4,4,4,444,Champions
C15154,418,4,973.3800000000001,1,3,4,134,At Risk
C15155,414,3,255.56,1,2,2,122,Lost
C15156,116,4,319.7,3,3,2,332,Loyal Customers
C15157,382,4,262.3,1,3,2,132,Others
C15158,16,11,840.71,4,4,3,443,Champions
C15159,277,4,599.45,1,3,3,133,At Risk
C15160,583,1,142.74,1,1,1,111,Lost
C15161,182,9,1879.78,2,4,4,244,Needs Attention
C15162,192,5,236.53,2,3,2,232,Needs Attention
C15163,234,4,303.38,2,3,2,232,Needs Attention
C15164,259,2,72.78,1,1,1,111,Lost
C15165,60,3,269.11,3,2,2,322,Loyal Customers
C15166,172,6,921.6600000000001,2,4,4,244,Needs Attention
C15167,92,6,1913.2099999999998,3,4,4,344,Champions
C15168,2,1,91.55,4,1,1,411,New/Promising
C15169,105,5,1211.59,3,3,4,334,Champions
C15170,356,3,270.67,1,2,2,122,Lost
C15171,3,6,1250.21,4,4,4,444,Champions
C15172,280,3,192.87,1,2,2,122,Lost
C15173,107,4,1062.45,3,3,4,334,Champions
C15174,422,2,114.77000000000001,1,1,1,111,Lost
C15175,59,3,413.56,3,2,2,322,Loyal Customers
C15176,130,6,505.05,2,4,3,243,Needs Attention
C15177,333,4,1302.3300000000002,1,3,4,134,At Risk
C15178,197,6,401.46,2,4,2,242,Needs Attention
C15179,419,5,611.46,1,3,3,133,At Risk
C15180,217,6,754.86,2,4,3,243,Needs Attention
C15181,163,3,90.96000000000001,2,2,1,221,Lost
C15182,319,5,581.89,1,3,3,133,At Risk
C15183,158,2,196.68,2,1,2,212,Lost
C15184,167,5,136.83,2,3,1,231,Needs Attention
C15185,219,5,2047.28,2,3,4,234,Needs Attention
C15186,225,3,288.57,2,2,2,222,Lost
C15187,33,3,192.16,4,2,2,422,Loyal Customers
C15188,49,10,1639.51,4,4,4,444,Champions
C15189,30,5,603.6800000000001,4,3,3,433,Champions
C15190,12,9,2376.0499999999997,4,4,4,444,Champions
C15191,66,6,802.34,3,4,3,343,Champions
C15192,441,5,487.33,1,3,3,133,At Risk
C15193,3,7,615.86,4,4,3,443,Champions
C15194,103,4,2628.17,3,3,4,334,Champions
C15195,20,4,193.46,4,3,2,432,Loyal Customers
C15196,139,3,535.18,2,2,3,223,Cant Lose Them
C15197,134,3,211.91,2,2,2,222,Lost
C15198,204,2,143.56,2,1,1,211,Lost
C15199,162,2,29.34,2,1,1,211,Lost
C15200,92,5,619.28,3,3,3,333,Champions
C15201,187,6,179.19,2,4,1,241,Needs Attention
C15202,70,10,1555.56,3,4,4,344,Champions
C15203,11,7,2130.18,4,4,4,444,Champions
C15204,102,1,37.97,3,1,1,311,New/Promising
C15205,362,6,1797.19,1,4,4,144,At Risk
C15206,100,3,407.27000000000004,3,2,2,322,Loyal Customers
C15207,5,7,534.2099999999999,4,4,3,443,Champions
C15208,12,7,950.2,4,4,4,444,Champions
C15209,666,2,213.98,1,1,2,112,Lost
C15210,202,1,31.05,2,1,1,211,Lost
C15211,90,3,428.8,3,2,2,322,Loyal Customers
C15212,156,4,529.56,2,3,3,233,Needs Attention
C15213,57,3,52.209999999999994,3,2,1,321,Loyal Customers
C15214,274,3,154.18,1,2,1,121,Lost
C15215,16,4,336.75,4,3,2,432,Loyal Customers
C15216,285,2,603.49,1,1,3,113,Cant Lose Them
C15217,61,6,1265.42,3,4,4,344,Champions
C15218,198,2,117.13,2,1,1,211,Lost
C15219,187,3,1013.4300000000001,2,2,4,224,Cant Lose Them
C15220,25,3,1713.31,4,2,4,424,Loyal Customers
C15221,42,2,41.63,4,1,1,411,New/Promising
C15222,28,6,225.34,4,4,2,442,Loyal Customers
C15223,493,3,301.98,1,2,2,122,Lost
C15224,453,1,1500.3,1,1,4,114,Cant Lose Them
C15225,644,2,14.29,1,1,1,111,Lost
C15226,134,3,2211.5,2,2,4,224,Cant Lose Them
C15227,289,1,1.24,1,1,1,111,Lost
C15228,153,3,87.32,2,2,1,221,Lost
C15229,23,6,228.18,4,4,2,442,Loyal Customers
C15230,4,4,236.68,4,3,2,432,Loyal Customers
C15231,153,5,320.46,2,3,2,232,Needs Attention
C15232,106,5,143.91,3,3,1,331,Loyal Customers
C15233,91,4,277.94,3,3,2,332,Loyal Customers
C15234,38,7,462.06,4,4,3,443,Champions
C15235,64,3,266.55,3,2,2,322,Loyal Customers
C15236,1,5,248.39,4,3,2,432,Loyal Customers
C15237,21,6,502.34000000000003,4,4,3,443,Champions
C15238,118,4,337.53999999999996,3,3,2,332,Loyal Customers
C15239,211,5,143.62,2,3,1,231,Needs Attention
C15240,97,5,693.9399999999999,3,3,3,333,Champions
C15241,157,3,500.27,2,2,3,223,Cant Lose Them
C15242,173,4,183.84,2,3,1,231,Needs Attention
C15243,295,5,339.76,1,3,2,132,Others
C15244,120,4,190.75,3,3,2,332,Loyal Customers
C15245,115,2,262.87,3,1,2,312,New/Promising
C15246,41,4,983.4399999999999,4,3,4,434,Champions
C15247,120,7,338.46999999999997,3,4,2,342,Loyal Customers
C15248,3,9,658.76,4,4,3,443,Champions
C15249,90,7,805.62,3,4,3,343,Champions
C15250,79,1,107.79,3,1,1,311,New/Promising
C15251,225,4,217.07,2,3,2,232,Needs Attention
C15252,294,3,310.51,1,2,2,122,Lost
C15253,46,4,731.5,4,3,3,433,Champions
C15254,108,5,6509.95,3,3,4,334,Champions
C15255,92,6,542.58,3,4,3,343,Champions
C15256,163,2,47.620000000000005,2,1,1,211,Lost
C15257,53,5,215.08,3,3,2,332,Loyal Customers
C15258,54,4,81.91,3,3,1,331,Loyal Customers
C15259,247,2,171.06,1,1,1,111,Lost
C15260,46,4,2585.18,4,3,4,434,Champions
C15261,91,5,527.28,3,3,3,333,Champions
C15262,152,5,746.83,2,3,3,233,Needs Attention
C15263,170,4,407.69,2,3,2,232,Needs Attention
C15264,560,4,163.32,1,3,1,131,Others
C15265,84,8,431.23,3,4,2,342,Loyal Customers
C15266,160,3,280.14,2,2,2,222,Lost
C15267,487,2,748.04,1,1,3,113,Cant Lose Them
C15268,112,5,1228.89,3,3,4,334,Champions
C15269,57,6,460.56,3,4,3,343,Champions
C15270,57,3,953.3100000000001,3,2,4,324,Loyal Customers
C15271,60,4,345.46999999999997,3,3,2,332,Loyal Customers
C15272,141,5,1631.14,2,3,4,234,Needs Attention
C15273,47,6,1301.3400000000001,4,4,4,444,Champions
C15274,476,2,165.4,1,1,1,111,Lost
C15275,118,8,831.0,3,4,3,343,Champions
C15276,463,2,41.7,1,1,1,111,Lost
C15277,75,3,159.61,3,2,1,321,Loyal Customers
C15278,30,3,879.52,4,2,3,423,Loyal Customers
C15279,181,7,1181.7,2,4,4,244,Needs Attention
C15280,67,8,300.03000000000003,3,4,2,342,Loyal Customers
C15281,409,3,1460.53,1,2,4,124,Cant Lose Them
C15282,425,1,22.94,1,1,1,111,Lost
C15283,29,5,733.51,4,3,3,433,Champions
C15284,198,2,340.03999999999996,2,1,2,212,Lost
C15285,640,4,820.67,1,3,3,133,At Risk
C15286,169,2,76.71000000000001,2,1,1,211,Lost
C15287,15,7,715.0,4,4,3,443,Champions
C15288,360,1,8.81,1,1,1,111,Lost
C15289,20,6,2183.06,4,4,4,444,Champions
C15290,22,5,159.81,4,3,1,431,Loyal Customers
C15291,82,4,705.9200000000001,3,3,3,333,Champions
C15292,292,3,600.91,1,2,3,123,Cant Lose Them
C15293,176,5,189.28,2,3,1,231,Needs Attention
C15294,180,3,226.44000000000003,2,2,2,222,Lost
C15295,171,4,99.02,2,3,1,231,Needs Attention
C15296,199,2,65.7,2,1,1,211,Lost
C15297,44,5,120.22999999999999,4,3,1,431,Loyal Customers
C15298,268,4,270.83,1,3,2,132,Others
C15299,41,6,162.8,4,4,1,441,Loyal Customers
C15300,51,6,802.74,3,4,3,343,Champions
C15301,6,7,363.91,4,4,2,442,Loyal Customers
C15302,183,7,655.35,2,4,3,243,Needs Attention
C15303,172,3,1130.85,2,2,4,224,Cant Lose Them
C15304,444,1,100.47,1,1,1,111,Lost
C15305,137,5,388.51,2,3,2,232,Needs Attention
C15306,112,2,240.91000000000003,3,1,2,312,New/Promising
C15307,138,4,1313.59,2,3,4,234,Needs Attention
C15308,148,5,1688.21,2,3,4,234,Needs Attention
C15309,387,3,32.22,1,2,1,121,Lost
C15310,178,8,960.11,2,4,4,244,Needs Attention
C15311,116,9,2099.62,3,4,4,344,Champions
C15312,371,2,282.97,1,1,2,112,Lost
C15313,540,1,404.7,1,1,2,112,Lost
C15314,121,3,76.1,3,2,1,321,Loyal Customers
C15315,335,7,382.72,1,4,2,142,Others
C15316,95,6,2680.3199999999997,3,4,4,344,Champions
C15317,68,4,1109.48,3,3,4,334,Champions
C15318,82,5,835.33,3,3,3,333,Champions
C15319,81,8,1216.24,3,4,4,344,Champions
C15320,92,3,554.58,3,2,3,323,Loyal Customers
C15321,304,4,210.37,1,3,2,132,Others
C15322,187,5,421.99,2,3,2,232,Needs Attention
C15323,372,3,635.8199999999999,1,2,3,123,Cant Lose Them
C15324,111,5,868.98,3,3,3,333,Champions
C15325,701,1,28.96,1,1,1,111,Lost
C15326,31,7,2103.1,4,4,4,444,Champions
C15327,156,6,336.12,2,4,2,242,Needs Attention
C15328,93,4,606.82,3,3,3,333,Champions
C15329,188,4,331.68,2,3,2,232,Needs Attention
C15330,136,4,854.79,2,3,3,233,Needs Attention
C15331,504,2,307.46999999999997,1,1,2,112,Lost
C15332,521,1,666.85,1,1,3,113,Cant Lose Them
C15333,198,3,474.54999999999995,2,2,3,223,Cant Lose Them
C15334,36,4,114.09,4,3,1,431,Loyal Customers
C15335,182,6,1354.79,2,4,4,244,Needs Attention
C15336,166,4,704.15,2,3,3,233,Needs Attention
C15337,611,1,147.25,1,1,1,111,Lost
C15338,70,2,473.64,3,1,3,313,New/Promising
C15339,241,3,1840.4099999999999,1,2,4,124,Cant Lose Them
C15340,38,3,1105.77,4,2,4,424,Loyal Customers
C15341,205,2,58.849999999999994,2,1,1,211,Lost
C15342,144,2,115.7,2,1,1,211,Lost
C15343,107,4,625.23,3,3,3,333,Champions
C15344,64,3,65.37,3,2,1,321,Loyal Customers
C15345,650,2,115.74,1,1,1,111,Lost
C15346,72,2,112.16,3,1,1,311,New/Promising
C15347,39,5,190.64000000000001,4,3,2,432,Loyal Customers
C15348,496,2,162.18,1,1,1,111,Lost
C15349,391,4,387.32,1,3,2,132,Others
C15350,43,6,1012.27,4,4,4,444,Champions
C15351,217,4,309.21,2,3,2,232,Needs Attention
C15352,9,4,1707.77,4,3,4,434,Champions
C15353,115,6,1670.51,3,4,4,344,Champions
C15354,368,2,1281.85,1,1,4,114,Cant Lose Them
C15355,28,4,516.25,4,3,3,433,Champions
C15356,231,7,466.72,2,4,3,243,Needs Attention
C15357,621,1,472.34,1,1,3,113,Cant Lose Them
C15358,29,3,3674.9300000000003,4,2,4,424,Loyal Customers
C15359,119,3,712.6,3,2,3,323,Loyal Customers
C15360,25,4,151.64,4,3,1,431,Loyal Customers
C15361,220,2,5.720000000000001,2,1,1,211,Lost
C15362,320,4,244.54,1,3,2,132,Others
C15363,70,4,287.36,3,3,2,332,Loyal Customers
C15364,73,2,203.81,3,1,2,312,New/Promising
C15365,30,3,1957.8200000000002,4,2,4,424,Loyal Customers
C15366,253,5,292.96,1,3,2,132,Others
C15367,33,6,1903.02,4,4,4,444,Champions
C15368,127,4,1009.66,2,3,4,234,Needs Attention
C15369,140,3,828.96,2,2,3,223,Cant Lose Them
C15370,3,8,799.81,4,4,3,443,Champions
C15371,538,1,586.02,1,1,3,113,Cant Lose Them
C15372,64,3,313.27,3,2,2,322,Loyal Customers
C15373,167,7,349.29,2,4,2,242,Needs Attention
C15374,136,4,248.49,2,3,2,232,Needs Attention
C15375,28,4,987.99,4,3,4,434,Champions
C15376,267,5,649.54,1,3,3,133,At Risk
C15377,402,1,529.73,1,1,3,113,Cant Lose Them
C15378,116,8,775.67,3,4,3,343,Champions
C15379,28,3,11375.58,4,2,4,424,Loyal Customers
C15380,358,4,1150.8799999999999,1,3,4,134,At Risk
C15381,84,1,54.03,3,1,1,311,New/Promising
C15382,72,2,174.32,3,1,1,311,New/Promising
C15383,50,4,523.29,4,3,3,433,Champions
C15384,131,2,26.669999999999998,2,1,1,211,Lost
C15385,45,3,367.05,4,2,2,422,Loyal Customers
C15386,66,2,120.03999999999999,3,1,1,311,New/Promising
C15387,121,8,2936.98,3,4,4,344,Champions
C15388,176,4,450.32,2,3,2,232,Needs Attention
C15389,32,3,485.89000000000004,4,2,3,423,Loyal Customers
C15390,39,6,381.12,4,4,2,442,Loyal Customers
C15391,194,1,41.07,2,1,1,211,Lost
C15392,68,10,1608.71,3,4,4,344,Champions
C15393,81,6,463.11,3,4,3,343,Champions
C15394,27,1,821.74,4,1,3,413,New/Promising
C15395,35,2,22.11,4,1,1,411,New/Promising
C15396,73,3,61.88,3,2,1,321,Loyal Customers
C15397,55,3,428.84,3,2,2,322,Loyal Customers
C15398,161,3,345.36,2,2,2,222,Lost
C15399,3,6,1048.85,4,4,4,444,Champions
C15400,24,5,1023.89,4,3,4,434,Champions
C15401,304,2,348.46000000000004,1,1,2,112,Lost
C15402,3,4,544.69,4,3,3,433,Champions
C15403,154,2,147.7,2,1,1,211,Lost
C15404,43,7,4316.67,4,4,4,444,Champions
C15405,42,1,246.08,4,1,2,412,New/Promising
C15406,267,5,999.84,1,3,4,134,At Risk
C15407,436,2,200.16,1,1,2,112,Lost
C15408,338,9,1066.54,1,4,4,144,At Risk
C15409,197,6,110.37,2,4,1,241,Needs Attention
C15410,421,2,196.95000000000002,1,1,2,112,Lost
C15411,237,4,694.22,2,3,3,233,Needs Attention
C15412,174,2,477.14000000000004,2,1,3,213,Cant Lose Them
C15413,140,7,2469.97,2,4,4,244,Needs Attention
C15414,2,3,395.58,4,2,2,422,Loyal Customers
C15415,183,7,706.28,2,4,3,243,Needs Attention
C15416,122,4,175.64000000000001,2,3,1,231,Needs Attention
C15417,81,2,43.4,3,1,1,311,New/Promising
C15418,214,1,1349.02,2,1,4,214,Cant Lose Them
C15419,145,3,1232.3899999999999,2,2,4,224,Cant Lose Them
C15420,150,5,758.99,2,3,3,233,Needs Attention
C15421,2,6,394.48,4,4,2,442,Loyal Customers
C15422,697,1,44.19,1,1,1,111,Lost
C15423,47,10,938.49,4,4,4,444,Champions
C15424,189,4,773.38,2,3,3,233,Needs Attention
C15425,373,3,708.6800000000001,1,2,3,123,Cant Lose Them
C15426,53,1,4.25,3,1,1,311,New/Promising
C15427,18,6,1055.97,4,4,4,444,Champions
C15428,111,3,363.27,3,2,2,322,Loyal Customers
C15429,49,7,268.34000000000003,4,4,2,442,Loyal Customers
C15430,103,5,2522.24,3,3,4,334,Champions
C15431,6,4,1316.83,4,3,4,434,Champions
C15432,118,4,1896.77,3,3,4,334,Champions
C15433,195,4,1371.43,2,3,4,234,Needs Attention
C15434,85,4,135.51,3,3,1,331,Loyal Customers
C15435,22,8,1150.82,4,4,4,444,Champions
C15436,334,2,341.90999999999997,1,1,2,112,Lost
C15437,13,6,1926.04,4,4,4,444,Champions
C15438,634,1,168.4,1,1,1,111,Lost
C15439,96,5,1371.18,3,3,4,334,Champions
C15440,483,2,54.08,1,1,1,111,Lost
C15441,72,4,1422.55,3,3,4,334,Champions
C15442,217,4,334.86,2,3,2,232,Needs Attention
C15443,73,7,274.42,3,4,2,342,Loyal Customers
C15444,131,5,996.67,2,3,4,234,Needs Attention
C15445,156,4,196.89,2,3,2,232,Needs Attention
C15446,234,5,1334.1000000000001,2,3,4,234,Needs Attention
C15447,5,7,1210.66,4,4,4,444,Champions
C15448,78,6,878.59,3,4,3,343,Champions
C15449,191,2,443.68,2,1,2,212,Lost
C15450,163,4,720.83,2,3,3,233,Needs Attention
C15451,153,3,547.93,2,2,3,223,Cant Lose Them
C15452,4,9,1264.91,4,4,4,444,Champions
C15453,244,3,364.89,1,2,2,122,Lost
C15454,60,8,1048.39,3,4,4,344,Champions
C15455,61,6,1161.85,3,4,4,344,Champions
C15456,306,1,22.38,1,1,1,111,Lost
C15457,319,1,157.9,1,1,1,111,Lost
C15458,102,4,3115.91,3,3,4,334,Champions
C15459,570,2,30.95,1,1,1,111,Lost
C15460,627,2,98.55,1,1,1,111,Lost
C15461,24,3,204.92,4,2,2,422,Loyal Customers
C15462,174,6,1628.07,2,4,4,244,Needs Attention
C15463,131,5,757.21,2,3,3,233,Needs Attention
C15464,86,1,53.17,3,1,1,311,New/Promising
C15465,55,6,1353.3,3,4,4,344,Champions
C15466,693,1,85.73,1,1,1,111,Lost
C15467,19,4,384.61,4,3,2,432,Loyal Customers
C15468,278,6,3100.25,1,4,4,144,At Risk
C15469,420,3,143.03,1,2,1,121,Lost
C15470,170,3,524.41,2,2,3,223,Cant Lose Them
C15471,4,4,495.53999999999996,4,3,3,433,Champions
C15472,40,2,57.07,4,1,1,411,New/Promising
C15473,152,6,1114.37,2,4,4,244,Needs Attention
C15474,203,3,347.01,2,2,2,222,Lost
C15475,12,4,2062.61,4,3,4,434,Champions
C15476,41,6,1282.05,4,4,4,444,Champions
C15477,68,3,362.1,3,2,2,322,Loyal Customers
C15478,519,1,110.46,1,1,1,111,Lost
C15479,44,7,1740.44,4,4,4,444,Champions
C15480,6,6,697.3,4,4,3,443,Champions
C15481,291,3,139.91,1,2,1,121,Lost
C15482,15,2,73.08,4,1,1,411,New/Promising
C15483,255,4,725.12,1,3,3,133,At Risk
C15484,74,2,60.199999999999996,3,1,1,311,New/Promising
C15485,16,2,258.05,4,1,2,412,New/Promising
C15486,2,6,633.87,4,4,3,443,Champions
C15487,52,6,707.25,3,4,3,343,Champions
C15488,144,3,1192.42,2,2,4,224,Cant Lose Them
C15489,97,4,325.14,3,3,2,332,Loyal Customers
C15490,237,5,1195.57,2,3,4,234,Needs Attention
C15491,291,3,321.59000000000003,1,2,2,122,Lost
C15492,44,6,1400.02,4,4,4,444,Champions
C15493,234,2,267.44,2,1,2,212,Lost
C15494,30,6,896.8299999999999,4,4,3,443,Champions
C15495,138,3,715.17,2,2,3,223,Cant Lose Them
C15496,326,2,49.8,1,1,1,111,Lost
C15497,40,6,1313.3600000000001,4,4,4,444,Champions
C15498,175,3,256.6,2,2,2,222,Lost
C15499,76,8,939.56,3,4,4,344,Champions
C15501,2,3,3648.71,4,2,4,424,Loyal Customers
C15502,608,3,137.79,1,2,1,121,Lost
C15503,328,1,5.84,1,1,1,111,Lost
C15504,248,4,307.12,1,3,2,132,Others
C15505,72,3,565.27,3,2,3,323,Loyal Customers
C15506,44,5,372.49,4,3,2,432,Loyal Customers
C15507,260,8,1922.4599999999998,1,4,4,144,At Risk
C15508,351,2,69.95,1,1,1,111,Lost
C15509,93,3,217.87,3,2,2,322,Loyal Customers
C15510,190,4,207.36,2,3,2,232,Needs Attention
C15511,91,7,465.34999999999997,3,4,3,343,Champions
C15512,152,3,277.4,2,2,2,222,Lost
C15513,59,1,21.28,3,1,1,311,New/Promising
C15514,196,2,52.62,2,1,1,211,Lost
C15515,213,2,284.31,2,1,2,212,Lost
C15516,153,4,737.88,2,3,3,233,Needs Attention
C15517,30,3,498.87,4,2,3,423,Loyal Customers
C15518,705,2,684.98,1,1,3,113,Cant Lose Them
C15519,374,5,685.86,1,3,3,133,At Risk
C15520,59,6,1458.0200000000002,3,4,4,344,Champions
C15521,443,2,107.09,1,1,1,111,Lost
C15522,177,3,3412.6899999999996,2,2,4,224,Cant Lose Them
C15523,135,4,318.51,2,3,2,232,Needs Attention
C15524,131,7,2919.29,2,4,4,244,Needs Attention
C15525,6,3,3279.76,4,2,4,424,Loyal Customers
C15526,218,6,1604.3899999999999,2,4,4,244,Needs Attention
C15527,45,3,184.35,4,2,1,421,Loyal Customers
C15528,73,4,782.1500000000001,3,3,3,333,Champions
C15529,78,10,1669.45,3,4,4,344,Champions
C15530,263,4,42.97,1,3,1,131,Others
C15531,127,4,404.3,2,3,2,232,Needs Attention
C15533,17,1,933.84,4,1,4,414,New/Promising
C15534,171,3,573.1,2,2,3,223,Cant Lose Them
C15535,24,4,339.61,4,3,2,432,Loyal Customers
C15536,338,3,113.75,1,2,1,121,Lost
C15537,71,4,521.75,3,3,3,333,Champions
C15538,568,2,507.05,1,1,3,113,Cant Lose Them
C15539,149,11,2656.3799999999997,2,4,4,244,Needs Attention
C15540,196,4,1095.3,2,3,4,234,Needs Attention
C15541,417,4,321.69,1,3,2,132,Others
C15542,158,4,140.0,2,3,1,231,Needs Attention
C15543,7,6,189.95,4,4,2,442,Loyal Customers
C15544,419,1,7.41,1,1,1,111,Lost
C15545,196,3,335.78999999999996,2,2,2,222,Lost
C15546,143,8,1228.46,2,4,4,244,Needs Attention
C15547,123,3,189.74,2,2,2,222,Lost
C15548,146,2,150.04999999999998,2,1,1,211,Lost
C15549,32,2,694.69,4,1,3,413,New/Promising
C15550,53,3,56.53,3,2,1,321,Loyal Customers
C15551,493,3,385.65000000000003,1,2,2,122,Lost
C15552,282,2,3709.3700000000003,1,1,4,114,Cant Lose Them
C15553,281,1,58.85,1,1,1,111,Lost
C15554,133,6,1932.13,2,4,4,244,Needs Attention
C15555,19,7,828.74,4,4,3,443,Champions
C15556,291,2,51.83,1,1,1,111,Lost
C15557,19,6,569.3,4,4,3,443,Champions
C15558,9,7,928.36,4,4,4,444,Champions
C15559,157,4,437.38,2,3,2,232,Needs Attention
C15560,52,10,2700.1600000000003,3,4,4,344,Champions
C15561,67,2,202.33999999999997,3,1,2,312,New/Promising
C15562,250,5,577.72,1,3,3,133,At Risk
C15563,279,5,389.51,1,3,2,132,Others
C15564,29,2,162.69,4,1,1,411,New/Promising
C15565,58,10,543.48,3,4,3,343,Champions
C15566,220,3,887.7,2,2,3,223,Cant Lose Them
C15567,27,4,306.87,4,3,2,432,Loyal Customers
C15568,174,4,1055.52,2,3,4,234,Needs Attention
C15569,96,4,486.7,3,3,3,333,Champions
C15570,248,1,94.08,1,1,1,111,Lost
C15571,124,4,1391.07,2,3,4,234,Needs Attention
C15573,106,5,491.99,3,3,3,333,Champions
C15574,628,2,163.42000000000002,1,1,1,111,Lost
C15575,4,9,276.25,4,4,2,442,Loyal Customers
C15576,17,1,20.7,4,1,1,411,New/Promising
C15577,42,8,481.45,4,4,3,443,Champions
C15578,46,7,989.34,4,4,4,444,Champions
C15579,523,2,40.29,1,1,1,111,Lost
C15580,79,5,1186.3200000000002,3,3,4,334,Champions
C15581,38,4,1542.02,4,3,4,434,Champions
C15582,37,5,529.48,4,3,3,433,Champions
C15583,43,3,3021.09,4,2,4,424,Loyal Customers
C15584,227,2,63.22,2,1,1,211,Lost
C15585,23,8,1264.77,4,4,4,444,Champions
C15586,24,7,385.29,4,4,2,442,Loyal Customers
C15587,119,8,795.13,3,4,3,343,Champions
C15588,21,9,4351.67,4,4,4,444,Champions
C15589,191,1,106.44,2,1,1,211,Lost
C15590,59,5,462.04,3,3,3,333,Champions
C15591,54,4,1781.8500000000001,3,3,4,334,Champions
C15592,159,6,1554.2,2,4,4,244,Needs Attention
C15593,164,5,538.01,2,3,3,233,Needs Attention
C15594,196,6,179.67000000000002,2,4,1,241,Needs Attention
C15595,244,2,147.0,1,1,1,111,Lost
C15596,2,5,278.03,4,3,2,432,Loyal Customers
C15597,2,2,3129.08,4,1,4,414,New/Promising
C15598,464,1,2.85,1,1,1,111,Lost
C15599,175,9,552.0,2,4,3,243,Needs Attention
C15600,230,4,408.11,2,3,2,232,Needs Attention
C15601,650,1,315.09,1,1,2,112,Lost
C15602,113,8,1092.25,3,4,4,344,Champions
C15603,119,3,864.9599999999999,3,2,3,323,Loyal Customers
C15604,45,6,1735.3600000000001,4,4,4,444,Champions
C15605,705,1,118.47,1,1,1,111,Lost
C15606,227,5,570.72,2,3,3,233,Needs Attention
C15607,44,7,605.4,4,4,3,443,Champions
C15608,327,2,177.28,1,1,1,111,Lost
C15609,173,4,688.19,2,3,3,233,Needs Attention
C15611,218,7,985.5400000000001,2,4,4,244,Needs Attention
C15612,116,3,305.44,3,2,2,322,Loyal Customers
C15613,132,4,279.29,2,3,2,232,Needs Attention
C15614,271,2,10.379999999999999,1,1,1,111,Lost
C15615,80,5,554.94,3,3,3,333,Champions
C15616,15,7,1611.4,4,4,4,444,Champions
C15617,150,5,1060.74,2,3,4,234,Needs Attention
C15618,330,5,2147.4100000000003,1,3,4,134,At Risk
C15619,39,6,419.91,4,4,2,442,Loyal Customers
C15620,119,3,180.07,3,2,1,321,Loyal Customers
C15621,170,4,1691.79,2,3,4,234,Needs Attention
C15622,29,6,1087.78,4,4,4,444,Champions
C15623,689,1,491.1,1,1,3,113,Cant Lose Them
C15624,85,3,69.16,3,2,1,321,Loyal Customers
C15625,133,5,459.76,2,3,3,233,Needs Attention
C15626,24,5,1229.84,4,3,4,434,Champions
C15627,313,1,49.98,1,1,1,111,Lost
C15628,283,3,711.03,1,2,3,123,Cant Lose Them
C15629,14,5,650.29,4,3,3,433,Champions
C15630,283,4,600.45,1,3,3,133,At Risk
C15631,195,3,180.45000000000002,2,2,1,221,Lost
C15632,148,2,120.85,2,1,1,211,Lost
C15633,2,6,2857.2299999999996,4,4,4,444,Champions
C15634,20,3,50.260000000000005,4,2,1,421,Loyal Customers
C15635,81,5,2576.2,3,3,4,334,Champions
C15636,431,3,366.96000000000004,1,2,2,122,Lost
C15637,164,5,732.84,2,3,3,233,Needs Attention
C15638,142,4,429.25,2,3,2,232,Needs Attention
C15639,51,4,1437.35,3,3,4,334,Champions
C15640,11,3,441.7,4,2,2,422,Loyal Customers
C15641,58,4,988.16,3,3,4,334,Champions
C15642,265,3,692.3599999999999,1,2,3,123,Cant Lose Them
C15643,320,4,639.72,1,3,3,133,At Risk
C15644,102,7,7244.07,3,4,4,344,Champions
C15645,311,4,902.38,1,3,3,133,At Risk
C15646,71,5,270.24,3,3,2,332,Loyal Customers
C15647,136,4,633.64,2,3,3,233,Needs Attention
C15648,15,3,647.8199999999999,4,2,3,423,Loyal Customers
C15649,162,6,1321.78,2,4,4,244,Needs Attention
C15650,208,3,296.71999999999997,2,2,2,222,Lost
C15651,174,5,2212.98,2,3,4,234,Needs Attention
C15652,12,6,589.99,4,4,3,443,Champions
C15653,363,1,3.96,1,1,1,111,Lost
C15654,117,2,339.33,3,1,2,312,New/Promising
C15655,395,2,308.90999999999997,1,1,2,112,Lost
C15656,106,6,3400.04,3,4,4,344,Champions
C15657,337,2,668.08,1,1,3,113,Cant Lose Them
C15658,442,1,9.0,1,1,1,111,Lost
C15659,26,5,185.33,4,3,1,431,Loyal Customers
C15660,30,7,1696.04,4,4,4,444,Champions
C15661,60,6,1715.87,3,4,4,344,Champions
C15662,341,4,246.41,1,3,2,132,Others
C15663,628,3,457.96000000000004,1,2,3,123,Cant Lose Them
C15664,141,7,538.02,2,4,3,243,Needs Attention
C15665,725,1,64.28,1,1,1,111,Lost
C15666,53,3,51.33,3,2,1,321,Loyal Customers
C15667,91,4,745.77,3,3,3,333,Champions
C15668,64,9,1219.9499999999998,3,4,4,344,Champions
C15669,4,4,2223.12,4,3,4,434,Champions
C15670,154,3,37.25,2,2,1,221,Lost
C15671,388,2,243.39,1,1,2,112,Lost
C15672,154,7,500.81,2,4,3,243,Needs Attention
C15673,76,5,781.2800000000001,3,3,3,333,Champions
C15674,15,5,201.74,4,3,2,432,Loyal Customers
C15675,75,4,261.84,3,3,2,332,Loyal Customers
C15676,598,2,165.63,1,1,1,111,Lost
C15677,127,7,2351.09,2,4,4,244,Needs Attention
C15678,127,3,359.74,2,2,2,222,Lost
C15679,207,7,533.38,2,4,3,243,Needs Attention
C15680,6,3,528.42,4,2,3,423,Loyal Customers
C15681,23,5,2458.82,4,3,4,434,Champions
C15682,33,3,380.39,4,2,2,422,Loyal Customers
C15683,206,3,185.77,2,2,1,221,Lost
C15684,47,6,791.39,4,4,3,443,Champions
C15685,91,3,124.21000000000001,3,2,1,321,Loyal Customers
C15686,98,6,482.93,3,4,3,343,Champions
C15687,195,3,149.22,2,2,1,221,Lost
C15688,192,5,1270.16,2,3,4,234,Needs Attention
C15689,46,2,143.95999999999998,4,1,1,411,New/Promising
C15690,114,8,1933.92,3,4,4,344,Champions
C15691,37,6,778.09,4,4,3,443,Champions
C15692,1,9,663.47,4,4,3,443,Champions
C15693,87,6,677.15,3,4,3,343,Champions
C15694,44,6,651.17,4,4,3,443,Champions
C15695,147,5,1693.03,2,3,4,234,Needs Attention
C15696,166,6,392.5,2,4,2,242,Needs Attention
C15697,252,2,18.0,1,1,1,111,Lost
C15698,145,7,1432.35,2,4,4,244,Needs Attention
C15699,397,7,570.15,1,4,3,143,At Risk
C15700,105,9,1383.09,3,4,4,344,Champions
C15701,36,3,288.99,4,2,2,422,Loyal Customers
C15702,305,4,49.0,1,3,1,131,Others
C15703,69,4,350.43,3,3,2,332,Loyal Customers
C15704,106,7,1057.85,3,4,4,344,Champions
C15705,27,4,1379.06,4,3,4,434,Champions
C15706,22,3,989.1500000000001,4,2,4,424,Loyal Customers
C15707,94,2,109.99000000000001,3,1,1,311,New/Promising
C15708,35,8,1252.19,4,4,4,444,Champions
C15709,288,5,108.11,1,3,1,131,Others
C15710,21,8,597.48,4,4,3,443,Champions
C15711,106,1,245.99,3,1,2,312,New/Promising
C15712,283,1,111.48,1,1,1,111,Lost
C15713,53,3,258.74,3,2,2,322,Loyal Customers
C15714,199,4,464.08000000000004,2,3,3,233,Needs Attention
C15715,11,7,1015.7,4,4,4,444,Champions
C15716,235,2,181.81,2,1,1,211,Lost
C15717,222,4,273.82,2,3,2,232,Needs Attention
C15718,129,7,741.39,2,4,3,243,Needs Attention
C15719,219,2,33.7,2,1,1,211,Lost
C15720,113,4,297.14,3,3,2,332,Loyal Customers
C15721,102,8,1521.34,3,4,4,344,Champions
C15722,476,2,60.519999999999996,1,1,1,111,Lost
C15723,243,4,178.56,1,3,1,131,Others
C15724,58,4,1722.05,3,3,4,334,Champions
C15725,87,6,558.55,3,4,3,343,Champions
C15726,7,5,664.1,4,3,3,433,Champions
C15727,117,5,617.02,3,3,3,333,Champions
C15728,121,3,77.38,3,2,1,321,Loyal Customers
C15729,211,3,1652.63,2,2,4,224,Cant Lose Them
C15730,16,4,572.32,4,3,3,433,Champions
C15731,6,6,766.0999999999999,4,4,3,443,Champions
C15732,217,3,159.06,2,2,1,221,Lost
C15733,148,2,611.82,2,1,3,213,Cant Lose Them
C15734,28,6,338.60999999999996,4,4,2,442,Loyal Customers
C15735,132,4,1372.1,2,3,4,234,Needs Attention
C15736,77,6,1385.6599999999999,3,4,4,344,Champions
C15737,33,6,1260.1100000000001,4,4,4,444,Champions
C15738,93,9,3395.0899999999997,3,4,4,344,Champions
C15739,66,5,475.0,3,3,3,333,Champions
C15740,218,5,1166.18,2,3,4,234,Needs Attention
C15741,316,2,380.42999999999995,1,1,2,112,Lost
C15742,282,2,375.57,1,1,2,112,Lost
C15743,395,6,545.39,1,4,3,143,At Risk
C15744,69,4,125.34,3,3,1,331,Loyal Customers
C15745,125,4,406.08,2,3,2,232,Needs Attention
C15746,547,1,8.22,1,1,1,111,Lost
C15747,81,4,2644.41,3,3,4,334,Champions
C15748,506,1,77.43,1,1,1,111,Lost
C15750,12,5,881.89,4,3,3,433,Champions
C15751,458,2,67.26,1,1,1,111,Lost
C15752,12,7,4806.83,4,4,4,444,Champions
C15753,58,4,222.67000000000002,3,3,2,332,Loyal Customers
C15754,59,2,18.09,3,1,1,311,New/Promising
C15755,48,8,688.92,4,4,3,443,Champions
C15756,29,4,876.34,4,3,3,433,Champions
C15757,52,4,1236.78,3,3,4,334,Champions
C15758,189,3,379.9,2,2,2,222,Lost
C15759,185,7,472.06,2,4,3,243,Needs Attention
C15760,209,3,431.34000000000003,2,2,2,222,Lost
C15761,144,4,792.1800000000001,2,3,3,233,Needs Attention
C15763,640,2,56.519999999999996,1,1,1,111,Lost
C15764,442,5,729.75,1,3,3,133,At Risk
C15765,131,8,630.93,2,4,3,243,Needs Attention
C15766,107,3,776.29,3,2,3,323,Loyal Customers
C15767,379,6,1380.35,1,4,4,144,At Risk
C15768,92,7,483.79,3,4,3,343,Champions
C15769,358,4,1236.72,1,3,4,134,At Risk
C15770,127,2,414.74,2,1,2,212,Lost
C15771,161,3,565.88,2,2,3,223,Cant Lose Them
C15772,23,8,413.68,4,4,2,442,Loyal Customers
C15773,17,6,966.65,4,4,4,444,Champions
C15774,56,4,150.9,3,3,1,331,Loyal Customers
C15775,40,6,298.99,4,4,2,442,Loyal Customers
C15776,48,5,413.49,4,3,2,432,Loyal Customers
C15777,154,6,1450.85,2,4,4,244,Needs Attention
C15778,56,5,2855.41,3,3,4,334,Champions
C15779,71,7,948.51,3,4,4,344,Champions
C15780,479,2,102.30000000000001,1,1,1,111,Lost
C15781,222,6,613.04,2,4,3,243,Needs Attention
C15782,261,4,180.61999999999998,1,3,1,131,Others
C15783,166,5,230.96,2,3,2,232,Needs Attention
C15784,374,3,758.4200000000001,1,2,3,123,Cant Lose Them
C15785,90,4,569.97,3,3,3,333,Champions
C15786,215,4,1972.54,2,3,4,234,Needs Attention
C15787,64,3,255.31,3,2,2,322,Loyal Customers
C15788,357,5,559.8000000000001,1,3,3,133,At Risk
C15789,24,5,1858.81,4,3,4,434,Champions
C15790,4,5,1510.9099999999999,4,3,4,434,Champions
C15791,45,5,2044.43,4,3,4,434,Champions
C15792,673,1,61.3,1,1,1,111,Lost
C15793,431,1,1596.26,1,1,4,114,Cant Lose Them
C15794,10,8,955.39,4,4,4,444,Champions
C15795,161,2,207.08,2,1,2,212,Lost
C15796,41,5,185.39,4,3,1,431,Loyal Customers
C15797,146,7,1205.0800000000002,2,4,4,244,Needs Attention
C15798,111,4,1061.19,3,3,4,334,Champions
C15799,30,2,89.95,4,1,1,411,New/Promising
C15800,198,4,1981.18,2,3,4,234,Needs Attention
C15801,120,4,387.7,3,3,2,332,Loyal Customers
C15802,210,4,313.68,2,3,2,232,Needs Attention
C15803,307,1,28.47,1,1,1,111,Lost
C15804,87,2,34.46,3,1,1,311,New/Promising
C15805,219,3,497.44,2,2,3,223,Cant Lose Them
C15806,72,8,1989.78,3,4,4,344,Champions
C15807,59,4,681.69,3,3,3,333,Champions
C15808,447,3,225.8,1,2,2,122,Lost
C15809,193,1,2.21,2,1,1,211,Lost
C15810,20,6,1604.83,4,4,4,444,Champions
C15811,190,6,437.52,2,4,2,242,Needs Attention
C15812,120,3,612.76,3,2,3,323,Loyal Customers
C15813,127,3,280.02000000000004,2,2,2,222,Lost
C15815,171,2,651.29,2,1,3,213,Cant Lose Them
C15816,30,4,434.58,4,3,2,432,Loyal Customers
C15817,192,2,135.26,2,1,1,211,Lost
C15818,14,10,1510.63,4,4,4,444,Champions
C15819,123,6,781.98,2,4,3,243,Needs Attention
C15820,181,4,4818.15,2,3,4,234,Needs Attention
C15821,122,6,470.34,2,4,3,243,Needs Attention
C15822,205,1,197.35,2,1,2,212,Lost
C15823,16,3,551.01,4,2,3,423,Loyal Customers
C15824,101,3,493.54,3,2,3,323,Loyal Customers
C15825,60,5,243.88000000000002,3,3,2,332,Loyal Customers
C15827,279,6,1379.07,1,4,4,144,At Risk
C15828,44,5,389.21999999999997,4,3,2,432,Loyal Customers
C15829,147,4,112.09,2,3,1,231,Needs Attention
C15830,86,6,5455.07,3,4,4,344,Champions
C15831,63,4,260.2,3,3,2,332,Loyal Customers
C15832,50,5,2047.97,4,3,4,434,Champions
C15833,98,4,1329.3,3,3,4,334,Champions
C15834,36,8,654.13,4,4,3,443,Champions
C15835,36,4,292.61,4,3,2,432,Loyal Customers
C15836,702,2,1261.0,1,1,4,114,Cant Lose Them
C15837,166,4,393.82,2,3,2,232,Needs Attention
C15838,57,2,74.87,3,1,1,311,New/Promising
C15839,57,5,1251.3500000000001,3,3,4,334,Champions
C15840,13,4,218.44,4,3,2,432,Loyal Customers
C15841,516,3,108.91,1,2,1,121,Lost
C15842,112,4,1170.23,3,3,4,334,Champions
C15843,486,1,5.11,1,1,1,111,Lost
C15844,453,3,152.94,1,2,1,121,Lost
C15845,266,5,1903.56,1,3,4,134,At Risk
C15846,75,5,487.97999999999996,3,3,3,333,Champions
C15847,44,5,162.55,4,3,1,431,Loyal Customers
C15848,146,3,119.99000000000001,2,2,1,221,Lost
C15849,298,3,78.47,1,2,1,121,Lost
C15850,433,3,184.78,1,2,1,121,Lost
C15851,380,3,365.59,1,2,2,122,Lost
C15852,657,1,7.43,1,1,1,111,Lost
C15853,191,3,447.34000000000003,2,2,2,222,Lost
C15854,287,5,380.77,1,3,2,132,Others
C15855,7,8,411.15,4,4,2,442,Loyal Customers
C15856,244,5,649.12,1,3,3,133,At Risk
C15857,437,1,283.52,1,1,2,112,Lost
C15858,162,3,156.92000000000002,2,2,1,221,Lost
C15859,41,4,696.3,4,3,3,433,Champions
C15860,339,3,783.78,1,2,3,123,Cant Lose Them
C15861,106,3,82.02,3,2,1,321,Loyal Customers
C15862,145,1,408.2,2,1,2,212,Lost
C15864,233,4,290.25,2,3,2,232,Needs Attention
C15865,103,3,39.9,3,2,1,321,Loyal Customers
C15866,137,3,111.99,2,2,1,221,Lost
C15867,63,6,877.92,3,4,3,343,Champions
C15868,161,11,621.64,2,4,3,243,Needs Attention
C15869,131,4,187.33,2,3,1,231,Needs Attention
C15870,51,5,678.51,3,3,3,333,Champions
C15871,28,3,82.45,4,2,1,421,Loyal Customers
C15872,179,3,176.44,2,2,1,221,Lost
C15873,12,6,3846.9500000000003,4,4,4,444,Champions
C15874,240,6,2149.17,1,4,4,144,At Risk
C15875,20,3,276.78,4,2,2,422,Loyal Customers
C15876,28,2,109.38999999999999,4,1,1,411,New/Promising
C15877,77,7,746.14,3,4,3,343,Champions
C15878,17,5,494.45000000000005,4,3,3,433,Champions
C15879,444,3,724.29,1,2,3,123,Cant Lose Them
C15880,85,3,314.44,3,2,2,322,Loyal Customers
C15881,196,1,8.84,2,1,1,211,Lost
C15882,80,5,4918.74,3,3,4,334,Champions
C15883,277,2,29.94,1,1,1,111,Lost
C15884,110,2,737.13,3,1,3,313,New/Promising
C15885,41,4,342.38,4,3,2,432,Loyal Customers
C15886,63,4,413.48,3,3,2,332,Loyal Customers
C15887,108,4,1611.24,3,3,4,334,Champions
C15888,80,4,454.76,3,3,3,333,Champions
C15889,58,4,527.82,3,3,3,333,Champions
C15890,154,4,350.12,2,3,2,232,Needs Attention
C15891,25,6,718.9,4,4,3,443,Champions
C15892,63,6,285.01,3,4,2,342,Loyal Customers
C15893,31,3,1226.45,4,2,4,424,Loyal Customers
C15894,67,5,124.05999999999999,3,3,1,331,Loyal Customers
C15895,118,6,1012.63,3,4,4,344,Champions
C15896,76,4,198.81,3,3,2,332,Loyal Customers
C15897,109,6,1067.67,3,4,4,344,Champions
C15898,61,5,131.17999999999998,3,3,1,331,Loyal Customers
C15899,486,2,144.89999999999998,1,1,1,111,Lost
C15900,585,1,6.69,1,1,1,111,Lost
C15901,16,7,769.9,4,4,3,443,Champions
C15902,92,7,665.84,3,4,3,343,Champions
C15903,70,2,398.56,3,1,2,312,New/Promising
C15904,278,7,1486.07,1,4,4,144,At Risk
C15905,34,6,1316.55,4,4,4,444,Champions
C15906,16,10,1285.53,4,4,4,444,Champions
C15907,178,5,226.16000000000003,2,3,2,232,Needs Attention
C15908,35,2,43.129999999999995,4,1,1,411,New/Promising
C15909,447,7,501.90999999999997,1,4,3,143,At Risk
C15910,88,4,204.54999999999998,3,3,2,332,Loyal Customers
C15911,46,4,197.87,4,3,2,432,Loyal Customers
C15912,122,6,773.47,2,4,3,243,Needs Attention
C15913,76,2,17.619999999999997,3,1,1,311,New/Promising
C15914,26,4,212.3,4,3,2,432,Loyal Customers
C15915,484,1,35.66,1,1,1,111,Lost
C15916,124,2,19.46,2,1,1,211,Lost
C15917,38,7,1029.95,4,4,4,444,Champions
C15918,322,4,724.19,1,3,3,133,At Risk
C15919,164,3,334.98,2,2,2,222,Lost
C15920,6,3,242.04999999999998,4,2,2,422,Loyal Customers
C15921,177,6,3036.55,2,4,4,244,Needs Attention
C15922,10,6,818.54,4,4,3,443,Champions
C15923,27,5,454.75,4,3,3,433,Champions
C15924,207,4,1001.88,2,3,4,234,Needs Attention
C15925,38,2,725.38,4,1,3,413,New/Promising
C15926,387,3,342.96999999999997,1,2,2,122,Lost
C15927,81,3,1856.38,3,2,4,324,Loyal Customers
C15928,643,1,161.35,1,1,1,111,Lost
C15929,130,4,823.5600000000001,2,3,3,233,Needs Attention
C15930,83,4,127.08,3,3,1,331,Loyal Customers
C15931,30,3,535.17,4,2,3,423,Loyal Customers
C15932,21,4,99.26,4,3,1,431,Loyal Customers
C15933,219,3,427.32,2,2,2,222,Lost
C15934,311,4,250.98,1,3,2,132,Others
C15935,436,4,830.1,1,3,3,133,At Risk
C15936,37,2,80.59,4,1,1,411,New/Promising
C15937,606,1,275.49,1,1,2,112,Lost
C15938,46,9,1134.75,4,4,4,444,Champions
C15939,109,1,12.95,3,1,1,311,New/Promising
C15940,70,1,6.87,3,1,1,311,New/Promising
C15941,117,4,1142.93,3,3,4,334,Champions
C15942,77,3,197.20000000000002,3,2,2,322,Loyal Customers
C15943,88,6,378.43,3,4,2,342,Loyal Customers
C15944,416,7,1330.1,1,4,4,144,At Risk
C15945,325,2,84.37,1,1,1,111,Lost
C15946,375,4,1084.79,1,3,4,134,At Risk
C15947,30,10,836.14,4,4,3,443,Champions
C15948,161,2,159.07,2,1,1,211,Lost
C15949,212,4,1717.8,2,3,4,234,Needs Attention
C15950,22,5,527.89,4,3,3,433,Champions
C15951,53,9,1061.8799999999999,3,4,4,344,Champions
C15952,177,3,1011.2,2,2,4,224,Cant Lose Them
C15953,29,4,654.95,4,3,3,433,Champions
C15954,323,1,68.37,1,1,1,111,Lost
C15955,43,4,552.69,4,3,3,433,Champions
C15956,249,5,251.07,1,3,2,132,Others
C15957,586,2,272.0,1,1,2,112,Lost
C15958,222,3,189.78,2,2,2,222,Lost
C15959,13,7,1008.7099999999999,4,4,4,444,Champions
C15960,201,2,110.92,2,1,1,211,Lost
C15961,25,5,859.43,4,3,3,433,Champions
C15962,46,6,1134.76,4,4,4,444,Champions
C15963,119,3,308.78,3,2,2,322,Loyal Customers
C15964,132,5,517.17,2,3,3,233,Needs Attention
C15965,39,4,733.21,4,3,3,433,Champions
C15966,313,5,1786.5,1,3,4,134,At Risk
C15967,106,3,387.94,3,2,2,322,Loyal Customers
C15968,261,5,1476.57,1,3,4,134,At Risk
C15969,200,6,1417.25,2,4,4,244,Needs Attention
C15970,173,6,2398.02,2,4,4,244,Needs Attention
C15971,142,2,192.56,2,1,2,212,Lost
C15972,353,3,261.09999999999997,1,2,2,122,Lost
C15973,117,5,101.86,3,3,1,331,Loyal Customers
C15974,383,5,132.26,1,3,1,131,Others
C15975,262,2,79.23,1,1,1,111,Lost
C15976,190,4,171.34,2,3,1,231,Needs Attention
C15977,232,5,874.61,2,3,3,233,Needs Attention
C15978,210,3,164.29000000000002,2,2,1,221,Lost
C15979,204,2,177.84,2,1,1,211,Lost
C15980,252,2,53.5,1,1,1,111,Lost
C15981,273,2,3387.9300000000003,1,1,4,114,Cant Lose Them
C15982,1,3,39.55,4,2,1,421,Loyal Customers
C15983,229,8,437.01,2,4,2,242,Needs Attention
C15984,18,5,556.78,4,3,3,433,Champions
C15985,314,5,1230.33,1,3,4,134,At Risk
C15986,168,6,286.27,2,4,2,242,Needs Attention
C15987,262,6,556.9399999999999,1,4,3,143,At Risk
C15988,133,8,2483.49,2,4,4,244,Needs Attention
C15989,142,5,269.99,2,3,2,232,Needs Attention
C15990,221,5,388.62,2,3,2,232,Needs Attention
C15991,9,3,98.74,4,2,1,421,Loyal Customers
C15992,1,4,539.38,4,3,3,433,Champions
C15993,490,3,177.39999999999998,1,2,1,121,Lost
C15994,462,2,117.08999999999999,1,1,1,111,Lost
C15995,285,3,77.6,1,2,1,121,Lost
C15996,297,4,1449.39,1,3,4,134,At Risk
C15997,26,6,681.25,4,4,3,443,Champions
C15998,156,1,43.29,2,1,1,211,Lost
C15999,10,7,1247.9099999999999,4,4,4,444,Champions
C16000,324,3,515.22,1,2,3,123,Cant Lose Them
C16001,80,3,137.15,3,2,1,321,Loyal Customers
C16002,729,1,14.13,1,1,1,111,Lost
C16003,20,3,121.0,4,2,1,421,Loyal Customers
C16004,496,5,527.5500000000001,1,3,3,133,At Risk
C16005,189,4,468.49,2,3,3,233,Needs Attention
C16006,171,4,333.21999999999997,2,3,2,232,Needs Attention
C16007,2,6,315.24,4,4,2,442,Loyal Customers
C16008,8,2,557.58,4,1,3,413,New/Promising
C16009,104,6,4247.26,3,4,4,344,Champions
C16010,87,5,1135.71,3,3,4,334,Champions
C16011,271,2,81.64,1,1,1,111,Lost
C16012,331,3,150.63,1,2,1,121,Lost
C16013,489,2,130.27,1,1,1,111,Lost
C16014,242,2,73.82000000000001,1,1,1,111,Lost
C16015,51,4,212.07,3,3,2,332,Loyal Customers
C16016,92,4,473.36,3,3,3,333,Champions
C16017,249,4,395.18,1,3,2,132,Others
C16018,137,6,2543.13,2,4,4,244,Needs Attention
C16019,8,7,595.51,4,4,3,443,Champions
C16020,34,2,77.9,4,1,1,411,New/Promising
C16021,70,4,523.84,3,3,3,333,Champions
C16022,110,4,1983.97,3,3,4,334,Champions
C16023,145,4,994.51,2,3,4,234,Needs Attention
C16024,421,2,86.16,1,1,1,111,Lost
C16025,118,2,311.69,3,1,2,312,New/Promising
C16026,1,7,1205.82,4,4,4,444,Champions
C16027,570,2,374.52,1,1,2,112,Lost
C16028,21,9,1506.38,4,4,4,444,Champions
C16029,351,2,102.28,1,1,1,111,Lost
C16030,81,7,590.9300000000001,3,4,3,343,Champions
C16031,108,6,1573.3799999999999,3,4,4,344,Champions
C16032,107,4,107.24000000000001,3,3,1,331,Loyal Customers
C16033,26,8,1537.1599999999999,4,4,4,444,Champions
C16034,120,8,4040.62,3,4,4,344,Champions
C16035,117,6,976.91,3,4,4,344,Champions
C16036,342,4,670.22,1,3,3,133,At Risk
C16037,342,2,866.65,1,1,3,113,Cant Lose Them
C16038,42,9,1256.49,4,4,4,444,Champions
C16039,27,5,897.95,4,3,3,433,Champions
C16040,24,5,977.07,4,3,4,434,Champions
C16041,218,3,449.62,2,2,2,222,Lost
C16042,119,5,857.63,3,3,3,333,Champions
C16043,212,3,619.44,2,2,3,223,Cant Lose Them
C16044,170,5,2257.27,2,3,4,234,Needs Attention
C16045,428,2,76.56,1,1,1,111,Lost
C16046,134,3,631.53,2,2,3,223,Cant Lose Them
C16047,398,5,786.86,1,3,3,133,At Risk
C16048,11,5,639.13,4,3,3,433,Champions
C16049,43,2,996.47,4,1,4,414,New/Promising
C16050,178,5,733.24,2,3,3,233,Needs Attention
C16051,171,3,67.0,2,2,1,221,Lost
C16052,2,4,321.38,4,3,2,432,Loyal Customers
C16053,70,6,285.99,3,4,2,342,Loyal Customers
C16054,2,4,921.34,4,3,4,434,Champions
C16055,136,5,819.6600000000001,2,3,3,233,Needs Attention
C16056,269,4,869.1600000000001,1,3,3,133,At Risk
C16057,141,4,179.31,2,3,1,231,Needs Attention
C16058,69,5,351.68,3,3,2,332,Loyal Customers
C16059,131,9,1649.11,2,4,4,244,Needs Attention
C16060,39,6,2497.07,4,4,4,444,Champions
C16061,78,3,1288.31,3,2,4,324,Loyal Customers
C16062,509,2,172.7,1,1,1,111,Lost
C16063,105,4,478.7,3,3,3,333,Champions
C16064,198,4,129.05,2,3,1,231,Needs Attention
C16065,106,6,611.59,3,4,3,343,Champions
C16066,72,6,1582.98,3,4,4,344,Champions
C16067,134,3,67.4,2,2,1,221,Lost
C16068,273,4,1516.71,1,3,4,134,At Risk
C16069,23,1,17.58,4,1,1,411,New/Promising
C16070,499,1,14.84,1,1,1,111,Lost
C16071,87,4,739.87,3,3,3,333,Champions
C16072,729,1,5.95,1,1,1,111,Lost
C16073,281,7,1187.32,1,4,4,144,At Risk
C16074,91,2,461.04999999999995,3,1,3,313,New/Promising
C16075,91,4,852.21,3,3,3,333,Champions
C16076,579,2,21.59,1,1,1,111,Lost
C16077,236,5,69.38,2,3,1,231,Needs Attention
C16078,13,6,1387.16,4,4,4,444,Champions
C16079,155,6,980.8900000000001,2,4,4,244,Needs Attention
C16080,139,2,2289.17,2,1,4,214,Cant Lose Them
C16081,92,3,788.44,3,2,3,323,Loyal Customers
C16082,189,6,903.54,2,4,3,243,Needs Attention
C16083,208,4,402.9,2,3,2,232,Needs Attention
C16084,33,1,256.06,4,1,2,412,New/Promising
C16085,169,3,2988.39,2,2,4,224,Cant Lose Them
C16086,165,4,433.89,2,3,2,232,Needs Attention
C16087,158,1,180.21,2,1,1,211,Lost
C16088,428,2,419.12,1,1,2,112,Lost
C16089,94,7,499.8,3,4,3,343,Champions
C16090,41,6,2178.6,4,4,4,444,Champions
C16091,370,3,279.16999999999996,1,2,2,122,Lost
C16092,3,5,1337.4199999999998,4,3,4,434,Champions
C16093,112,4,749.65,3,3,3,333,Champions
C16094,275,4,444.45,1,3,2,132,Others
C16095,111,4,353.45,3,3,2,332,Loyal Customers
C16096,161,6,342.73,2,4,2,242,Needs Attention
C16097,4,5,863.01,4,3,3,433,Champions
C16098,500,2,345.02,1,1,2,112,Lost
C16099,122,7,1227.06,2,4,4,244,Needs Attention
C16100,233,3,319.82,2,2,2,222,Lost
C16101,105,3,199.57,3,2,2,322,Loyal Customers
C16102,66,5,669.32,3,3,3,333,Champions
C16103,31,6,922.87,4,4,4,444,Champions
C16104,170,3,283.7,2,2,2,222,Lost
C16105,168,4,892.9,2,3,3,233,Needs Attention
C16106,251,6,764.0,1,4,3,143,At Risk
C16107,17,4,1403.16,4,3,4,434,Champions
C16108,205,2,12.67,2,1,1,211,Lost
C16109,365,3,478.96,1,2,3,123,Cant Lose Them
C16110,523,2,851.3299999999999,1,1,3,113,Cant Lose Them
C16111,97,2,75.33999999999999,3,1,1,311,New/Promising
C16112,79,3,612.09,3,2,3,323,Loyal Customers
C16113,290,4,77.16000000000001,1,3,1,131,Others
C16114,22,5,931.79,4,3,4,434,Champions
C16115,24,4,231.88,4,3,2,432,Loyal Customers
C16116,43,6,988.24,4,4,4,444,Champions
C16117,260,4,207.56,1,3,2,132,Others
C16118,419,4,320.01,1,3,2,132,Others
C16120,26,7,1239.17,4,4,4,444,Champions
C16121,55,6,1115.05,3,4,4,344,Champions
C16122,36,3,248.89000000000001,4,2,2,422,Loyal Customers
C16123,256,5,274.06,1,3,2,132,Others
C16124,36,6,504.31,4,4,3,443,Champions
C16125,64,5,1710.53,3,3,4,334,Champions
C16126,164,8,2165.5299999999997,2,4,4,244,Needs Attention
C16127,77,5,308.78000000000003,3,3,2,332,Loyal Customers
C16128,418,1,25.56,1,1,1,111,Lost
C16129,331,1,35.94,1,1,1,111,Lost
C16130,159,6,1164.56,2,4,4,244,Needs Attention
C16131,48,3,65.11999999999999,4,2,1,421,Loyal Customers
C16132,87,4,50.04,3,3,1,331,Loyal Customers
C16133,489,4,326.53,1,3,2,132,Others
C16134,511,1,16.14,1,1,1,111,Lost
C16135,103,2,393.61,3,1,2,312,New/Promising
C16136,37,7,487.16,4,4,3,443,Champions
C16137,162,3,545.9499999999999,2,2,3,223,Cant Lose Them
C16138,241,2,33.269999999999996,1,1,1,111,Lost
C16139,66,6,1410.72,3,4,4,344,Champions
C16140,328,4,290.52,1,3,2,132,Others
C16141,153,7,645.06,2,4,3,243,Needs Attention
C16142,228,4,922.07,2,3,4,234,Needs Attention
C16143,324,1,11.26,1,1,1,111,Lost
C16144,48,10,1559.97,4,4,4,444,Champions
C16146,335,2,571.1800000000001,1,1,3,113,Cant Lose Them
C16147,476,2,73.47,1,1,1,111,Lost
C16148,154,3,630.8299999999999,2,2,3,223,Cant Lose Them
C16149,176,2,272.78,2,1,2,212,Lost
C16150,21,4,155.7,4,3,1,431,Loyal Customers
C16151,136,3,162.82999999999998,2,2,1,221,Lost
C16152,215,5,125.19,2,3,1,231,Needs Attention
C16153,77,7,786.7,3,4,3,343,Champions
C16154,2,5,1462.72,4,3,4,434,Champions
C16155,191,5,210.26999999999998,2,3,2,232,Needs Attention
C16156,56,4,308.28,3,3,2,332,Loyal Customers
C16157,36,5,1179.93,4,3,4,434,Champions
C16158,5,6,692.54,4,4,3,443,Champions
C16159,165,3,470.11,2,2,3,223,Cant Lose Them
C16160,389,5,588.53,1,3,3,133,At Risk
C16161,73,2,692.26,3,1,3,313,New/Promising
C16162,125,2,301.92,2,1,2,212,Lost
C16163,143,4,1184.16,2,3,4,234,Needs Attention
C16164,305,5,762.2900000000001,1,3,3,133,At Risk
C16165,112,3,140.37,3,2,1,321,Loyal Customers
C16166,34,3,129.91,4,2,1,421,Loyal Customers
C16167,253,2,211.6,1,1,2,112,Lost
C16168,202,4,910.25,2,3,4,234,Needs Attention
C16169,64,3,44.35,3,2,1,321,Loyal Customers
C16170,12,7,706.2,4,4,3,443,Champions
C16171,323,5,233.68,1,3,2,132,Others
C16172,9,6,761.5500000000001,4,4,3,443,Champions
C16173,3,2,146.59,4,1,1,411,New/Promising
C16174,91,5,2514.02,3,3,4,334,Champions
C16175,52,7,2002.86,3,4,4,344,Champions
C16176,104,4,235.91,3,3,2,332,Loyal Customers
C16177,67,5,1097.06,3,3,4,334,Champions
C16178,198,1,61.36,2,1,1,211,Lost
C16179,518,4,294.01,1,3,2,132,Others
C16180,329,3,129.97,1,2,1,121,Lost
C16181,245,2,691.63,1,1,3,113,Cant Lose Them
C16182,81,3,1374.7,3,2,4,324,Loyal Customers
C16183,343,2,9.11,1,1,1,111,Lost
C16184,282,4,277.64,1,3,2,132,Others
C16185,356,5,722.4599999999999,1,3,3,133,At Risk
C16186,135,1,23.08,2,1,1,211,Lost
C16187,74,4,934.5600000000001,3,3,4,334,Champions
C16188,86,3,655.5400000000001,3,2,3,323,Loyal Customers
C16189,162,4,1166.3400000000001,2,3,4,234,Needs Attention
C16190,151,8,926.1999999999999,2,4,4,244,Needs Attention
C16191,152,2,65.32,2,1,1,211,Lost
C16192,34,2,188.66,4,1,1,411,New/Promising
C16193,70,6,1007.0400000000001,3,4,4,344,Champions
C16194,189,3,472.06,2,2,3,223,Cant Lose Them
C16195,169,5,1193.22,2,3,4,234,Needs Attention
C16196,218,6,1282.65,2,4,4,244,Needs Attention
C16197,61,5,268.95,3,3,2,332,Loyal Customers
C16198,23,3,103.88,4,2,1,421,Loyal Customers
C16199,145,3,205.57000000000002,2,2,2,222,Lost
C16200,53,9,1006.23,3,4,4,344,Champions
C16201,363,2,75.38,1,1,1,111,Lost
C16202,60,2,630.71,3,1,3,313,New/Promising
C16203,50,3,959.12,4,2,4,424,Loyal Customers
C16204,217,4,925.8399999999999,2,3,4,234,Needs Attention
C16205,334,4,830.02,1,3,3,133,At Risk
C16206,507,3,51.46,1,2,1,121,Lost
C16207,79,7,932.55,3,4,4,344,Champions
C16208,85,5,882.31,3,3,3,333,Champions
C16209,11,4,356.13,4,3,2,432,Loyal Customers
C16210,213,1,19.23,2,1,1,211,Lost
C16211,577,1,596.53,1,1,3,113,Cant Lose Them
C16212,46,7,2326.0499999999997,4,4,4,444,Champions
C16213,506,3,1004.09,1,2,4,124,Cant Lose Them
C16214,364,1,30.07,1,1,1,111,Lost
C16215,287,3,129.64,1,2,1,121,Lost
C16216,36,3,46.95,4,2,1,421,Loyal Customers
C16217,154,7,1077.19,2,4,4,244,Needs Attention
C16218,131,4,887.84,2,3,3,233,Needs Attention
C16219,77,4,307.66,3,3,2,332,Loyal Customers
C16220,41,3,18.43,4,2,1,421,Loyal Customers
C16221,103,2,271.88,3,1,2,312,New/Promising
C16222,160,6,741.6800000000001,2,4,3,243,Needs Attention
C16223,136,1,237.86,2,1,2,212,Lost
C16225,350,2,50.11,1,1,1,111,Lost
C16226,174,4,195.43,2,3,2,232,Needs Attention
C16227,172,5,175.47,2,3,1,231,Needs Attention
C16228,256,4,1057.5700000000002,1,3,4,134,At Risk
C16229,115,7,1053.11,3,4,4,344,Champions
C16230,73,7,775.73,3,4,3,343,Champions
C16231,85,6,1032.87,3,4,4,344,Champions
C16232,59,4,220.07,3,3,2,332,Loyal Customers
C16233,279,5,2052.14,1,3,4,134,At Risk
C16234,348,3,2166.5,1,2,4,124,Cant Lose Them
C16235,347,3,351.5,1,2,2,122,Lost
C16236,39,5,105.35000000000001,4,3,1,431,Loyal Customers
C16237,491,1,299.36,1,1,2,112,Lost
C16238,9,7,2291.7999999999997,4,4,4,444,Champions
C16239,160,3,381.92999999999995,2,2,2,222,Lost
C16240,33,6,460.68,4,4,3,443,Champions
C16241,215,4,171.46,2,3,1,231,Needs Attention
C16242,56,5,266.65999999999997,3,3,2,332,Loyal Customers
C16243,34,3,868.25,4,2,3,423,Loyal Customers
C16244,294,3,600.86,1,2,3,123,Cant Lose Them
C16245,105,3,231.32999999999998,3,2,2,322,Loyal Customers
C16246,510,2,296.1,1,1,2,112,Lost
C16247,12,6,927.15,4,4,4,444,Champions
C16248,309,2,286.78,1,1,2,112,Lost
C16249,192,5,527.24,2,3,3,233,Needs Attention
C16250,64,5,787.76,3,3,3,333,Champions
C16251,3,5,1520.6200000000001,4,3,4,434,Champions
C16252,400,4,1288.47,1,3,4,134,At Risk
C16254,576,1,389.49,1,1,2,112,Lost
C16255,76,5,1152.1200000000001,3,3,4,334,Champions
C16256,97,10,745.93,3,4,3,343,Champions
C16257,5,6,1225.55,4,4,4,444,Champions
C16258,684,2,181.91000000000003,1,1,1,111,Lost
C16259,171,5,531.16,2,3,3,233,Needs Attention
C16260,333,3,369.01,1,2,2,122,Lost
C16261,167,6,847.98,2,4,3,243,Needs Attention
C16262,43,2,281.87,4,1,2,412,New/Promising
C16263,86,4,758.01,3,3,3,333,Champions
C16264,4,4,537.03,4,3,3,433,Champions
C16265,54,7,628.61,3,4,3,343,Champions
C16266,303,2,29.87,1,1,1,111,Lost
C16267,226,1,59.41,2,1,1,211,Lost
C16268,180,6,2045.8999999999999,2,4,4,244,Needs Attention
C16269,110,4,389.65,3,3,2,332,Loyal Customers
C16270,70,3,524.35,3,2,3,323,Loyal Customers
C16271,369,1,250.46,1,1,2,112,Lost
C16272,179,3,334.71999999999997,2,2,2,222,Lost
C16273,272,2,104.05,1,1,1,111,Lost
C16274,222,6,925.95,2,4,4,244,Needs Attention
C16275,16,2,46.300000000000004,4,1,1,411,New/Promising
C16276,94,11,3328.54,3,4,4,344,Champions
C16277,93,4,1632.71,3,3,4,334,Champions
C16278,29,5,86.06,4,3,1,431,Loyal Customers
C16279,287,2,47.949999999999996,1,1,1,111,Lost
C16280,575,2,46.79,1,1,1,111,Lost
C16281,201,2,182.34,2,1,1,211,Lost
C16282,186,3,187.14999999999998,2,2,1,221,Lost
C16283,34,7,1515.69,4,4,4,444,Champions
C16284,45,3,91.46,4,2,1,421,Loyal Customers
C16285,23,3,664.7700000000001,4,2,3,423,Loyal Customers
C16286,550,1,80.01,1,1,1,111,Lost
C16287,137,6,719.25,2,4,3,243,Needs Attention
C16288,304,2,103.23,1,1,1,111,Lost
C16289,2,4,1396.22,4,3,4,434,Champions
C16290,144,2,359.19,2,1,2,212,Lost
C16291,259,2,82.36,1,1,1,111,Lost
C16292,81,5,548.17,3,3,3,333,Champions
C16293,3,6,2191.31,4,4,4,444,Champions
C16294,262,4,357.24,1,3,2,132,Others
C16295,58,5,1178.78,3,3,4,334,Champions
C16296,39,2,1297.7800000000002,4,1,4,414,New/Promising
C16297,75,6,792.44,3,4,3,343,Champions
C16298,425,4,486.59,1,3,3,133,At Risk
C16299,17,6,353.03,4,4,2,442,Loyal Customers
C16300,275,3,76.97,1,2,1,121,Lost
C16301,342,3,585.23,1,2,3,123,Cant Lose Them
C16302,74,4,1659.28,3,3,4,334,Champions
C16303,20,4,878.3100000000001,4,3,3,433,Champions
C16304,77,4,1424.84,3,3,4,334,Champions
C16305,215,6,1125.68,2,4,4,244,Needs Attention
C16306,50,4,524.39,4,3,3,433,Champions
C16307,237,1,670.93,2,1,3,213,Cant Lose Them
C16308,30,4,331.52000000000004,4,3,2,432,Loyal Customers
C16309,315,6,611.51,1,4,3,143,At Risk
C16310,332,4,292.56,1,3,2,132,Others
C16311,22,3,656.87,4,2,3,423,Loyal Customers
C16312,42,5,1278.82,4,3,4,434,Champions
C16313,19,4,311.90999999999997,4,3,2,432,Loyal Customers
C16314,45,3,70.83,4,2,1,421,Loyal Customers
C16315,359,3,624.7800000000001,1,2,3,123,Cant Lose Them
C16316,215,4,1233.6100000000001,2,3,4,234,Needs Attention
C16317,160,3,532.33,2,2,3,223,Cant Lose Them
C16318,41,4,1240.74,4,3,4,434,Champions
C16319,585,2,143.87,1,1,1,111,Lost
C16320,25,6,1036.94,4,4,4,444,Champions
C16321,88,4,117.8,3,3,1,331,Loyal Customers
C16322,26,5,780.17,4,3,3,433,Champions
C16323,378,3,54.019999999999996,1,2,1,121,Lost
C16324,192,5,277.05,2,3,2,232,Needs Attention
C16326,598,1,163.19,1,1,1,111,Lost
C16327,58,7,983.8,3,4,4,344,Champions
C16328,467,3,197.86,1,2,2,122,Lost
C16329,37,4,3991.8,4,3,4,434,Champions
C16330,125,1,46.58,2,1,1,211,Lost
C16331,25,7,564.46,4,4,3,443,Champions
C16332,360,3,132.12,1,2,1,121,Lost
C16333,517,2,459.96,1,1,3,113,Cant Lose Them
C16334,308,1,205.65,1,1,2,112,Lost
C16335,44,8,470.92,4,4,3,443,Champions
C16336,207,3,1721.4299999999998,2,2,4,224,Cant Lose Them
C16337,109,5,426.68,3,3,2,332,Loyal Customers
C16338,81,3,95.69,3,2,1,321,Loyal Customers
C16339,238,6,901.8199999999999,1,4,3,143,At Risk
C16340,177,4,126.27,2,3,1,231,Needs Attention
C16341,239,3,724.63,1,2,3,123,Cant Lose Them
C16342,166,4,797.37,2,3,3,233,Needs Attention
C16343,95,2,112.25999999999999,3,1,1,311,New/Promising
C16344,62,8,1683.72,3,4,4,344,Champions
C16345,73,7,1249.89,3,4,4,344,Champions
C16346,17,4,640.27,4,3,3,433,Champions
C16347,270,5,850.5500000000001,1,3,3,133,At Risk
C16348,93,4,485.47,3,3,3,333,Champions
C16349,7,5,383.19,4,3,2,432,Loyal Customers
C16350,79,5,1565.36,3,3,4,334,Champions
C16351,286,3,558.96,1,2,3,123,Cant Lose Them
C16352,115,2,157.85999999999999,3,1,1,311,New/Promising
C16353,271,7,1143.86,1,4,4,144,At Risk
C16354,18,6,401.78,4,4,2,442,Loyal Customers
C16355,70,3,3311.5,3,2,4,324,Loyal Customers
C16356,119,8,1148.83,3,4,4,344,Champions
C16357,141,5,945.1800000000001,2,3,4,234,Needs Attention
C16358,11,4,230.92,4,3,2,432,Loyal Customers
C16359,167,7,383.5,2,4,2,242,Needs Attention
C16360,133,8,1318.44,2,4,4,244,Needs Attention
C16361,159,5,209.97,2,3,2,232,Needs Attention
C16362,236,4,958.63,2,3,4,234,Needs Attention
C16363,361,2,291.78000000000003,1,1,2,112,Lost
C16364,127,4,526.4300000000001,2,3,3,233,Needs Attention
C16365,11,4,426.17,4,3,2,432,Loyal Customers
C16367,412,4,422.93,1,3,2,132,Others
C16368,205,4,459.39,2,3,3,233,Needs Attention
C16369,134,6,477.86,2,4,3,243,Needs Attention
C16370,196,4,143.64,2,3,1,231,Needs Attention
C16371,89,2,743.93,3,1,3,313,New/Promising
C16372,212,3,117.67999999999999,2,2,1,221,Lost
C16373,6,4,324.42,4,3,2,432,Loyal Customers
C16374,313,6,486.84000000000003,1,4,3,143,At Risk
C16375,40,6,4981.25,4,4,4,444,Champions
C16376,12,6,310.21,4,4,2,442,Loyal Customers
C16377,73,3,1945.3200000000002,3,2,4,324,Loyal Customers
C16378,100,5,776.96,3,3,3,333,Champions
C16379,159,4,380.74,2,3,2,232,Needs Attention
C16380,369,3,201.25,1,2,2,122,Lost
C16381,105,4,229.43,3,3,2,332,Loyal Customers
C16382,95,10,6973.06,3,4,4,344,Champions
C16383,180,3,264.73,2,2,2,222,Lost
C16384,132,2,478.71000000000004,2,1,3,213,Cant Lose Them
C16385,9,4,722.98,4,3,3,433,Champions
C16386,42,5,697.78,4,3,3,433,Champions
C16387,121,5,1336.95,3,3,4,334,Champions
C16388,179,2,121.61,2,1,1,211,Lost
C16389,246,6,903.8,1,4,3,143,At Risk
C16390,37,3,250.66,4,2,2,422,Loyal Customers
C16391,142,3,1003.6800000000001,2,2,4,224,Cant Lose Them
C16393,341,2,158.22,1,1,1,111,Lost
C16394,195,3,106.08,2,2,1,221,Lost
C16395,61,3,276.04,3,2,2,322,Loyal Customers
C16396,56,5,882.39,3,3,3,333,Champions
C16397,245,2,463.37,1,1,3,113,Cant Lose Them
C16398,45,4,575.2600000000001,4,3,3,433,Champions
C16399,480,1,74.77,1,1,1,111,Lost
C16400,280,2,2691.9900000000002,1,1,4,114,Cant Lose Them
C16401,145,8,741.73,2,4,3,243,Needs Attention
C16402,229,4,994.97,2,3,4,234,Needs Attention
C16403,56,5,335.6,3,3,2,332,Loyal Customers
C16404,96,5,188.43,3,3,1,331,Loyal Customers
C16405,22,6,211.93,4,4,2,442,Loyal Customers
C16406,60,6,267.25,3,4,2,342,Loyal Customers
C16407,125,5,2409.66,2,3,4,234,Needs Attention
C16408,76,4,191.14,3,3,2,332,Loyal Customers
C16409,7,8,1022.24,4,4,4,444,Champions
C16410,45,3,379.5,4,2,2,422,Loyal Customers
C16411,18,6,704.43,4,4,3,443,Champions
C16412,35,6,561.87,4,4,3,443,Champions
C16413,96,8,2735.1299999999997,3,4,4,344,Champions
C16414,83,4,202.33,3,3,2,332,Loyal Customers
C16415,233,3,369.69,2,2,2,222,Lost
C16416,195,8,643.05,2,4,3,243,Needs Attention
C16417,64,4,92.62,3,3,1,331,Loyal Customers
C16418,285,1,13.17,1,1,1,111,Lost
C16419,453,3,400.85,1,2,2,122,Lost
C16420,328,6,1131.01,1,4,4,144,At Risk
C16421,606,2,1569.3899999999999,1,1,4,114,Cant Lose Them
C16422,159,2,25.37,2,1,1,211,Lost
C16423,191,3,351.21000000000004,2,2,2,222,Lost
C16424,94,3,208.39000000000001,3,2,2,322,Loyal Customers
C16425,332,2,62.64,1,1,1,111,Lost
C16426,81,4,110.17,3,3,1,331,Loyal Customers
C16427,366,3,464.57,1,2,3,123,Cant Lose Them
C16428,398,3,132.70000000000002,1,2,1,121,Lost
C16429,199,4,390.90999999999997,2,3,2,232,Needs Attention
C16430,98,5,1453.13,3,3,4,334,Champions
C16431,160,4,689.55,2,3,3,233,Needs Attention
C16432,407,4,4237.74,1,3,4,134,At Risk
C16433,329,1,58.54,1,1,1,111,Lost
C16434,64,3,1334.3300000000002,3,2,4,324,Loyal Customers
C16435,453,2,56.43,1,1,1,111,Lost
C16436,146,6,1703.58,2,4,4,244,Needs Attention
C16437,132,7,1277.3799999999999,2,4,4,244,Needs Attention
C16438,421,2,226.81,1,1,2,112,Lost
C16439,39,4,173.74,4,3,1,431,Loyal Customers
C16440,157,1,31.6,2,1,1,211,Lost
C16441,49,7,544.35,4,4,3,443,Champions
C16442,66,1,489.12,3,1,3,313,New/Promising
C16443,2,7,170.14,4,4,1,441,Loyal Customers
C16444,20,6,750.74,4,4,3,443,Champions
C16445,142,4,333.65,2,3,2,232,Needs Attention
C16446,54,6,315.64,3,4,2,342,Loyal Customers
C16447,123,7,2639.44,2,4,4,244,Needs Attention
C16448,144,4,1077.28,2,3,4,234,Needs Attention
C16449,120,4,354.4,3,3,2,332,Loyal Customers
C16450,336,4,822.5600000000001,1,3,3,133,At Risk
C16451,258,5,461.71,1,3,3,133,At Risk
C16452,130,5,1128.44,2,3,4,234,Needs Attention
C16453,45,4,2670.67,4,3,4,434,Champions
C16454,53,4,137.56,3,3,1,331,Loyal Customers
C16455,475,1,3.39,1,1,1,111,Lost
C16456,94,4,95.02,3,3,1,331,Loyal Customers
C16457,171,5,199.44,2,3,2,232,Needs Attention
C16458,44,4,79.65,4,3,1,431,Loyal Customers
C16459,151,3,267.6,2,2,2,222,Lost
C16460,5,4,399.55,4,3,2,432,Loyal Customers
C16461,62,5,778.4,3,3,3,333,Champions
C16464,124,5,905.1,2,3,4,234,Needs Attention
C16465,563,2,65.37,1,1,1,111,Lost
C16466,571,3,864.45,1,2,3,123,Cant Lose Them
C16467,50,5,267.88,4,3,2,432,Loyal Customers
C16468,2,5,763.5,4,3,3,433,Champions
C16469,62,3,307.86,3,2,2,322,Loyal Customers
C16470,180,8,744.7,2,4,3,243,Needs Attention
C16471,68,7,1717.03,3,4,4,344,Champions
C16472,2,2,59.71,4,1,1,411,New/Promising
C16473,541,5,403.35,1,3,2,132,Others
C16474,75,7,1190.0,3,4,4,344,Champions
C16475,38,2,248.23,4,1,2,412,New/Promising
C16476,99,6,231.23,3,4,2,342,Loyal Customers
C16477,119,4,206.47,3,3,2,332,Loyal Customers
C16478,83,4,760.8299999999999,3,3,3,333,Champions
C16479,167,4,879.76,2,3,3,233,Needs Attention
C16481,10,2,321.56,4,1,2,412,New/Promising
C16482,526,3,178.08,1,2,1,121,Lost
C16483,36,1,411.99,4,1,2,412,New/Promising
C16484,359,3,36.23,1,2,1,121,Lost
C16485,11,7,1230.1399999999999,4,4,4,444,Champions
C16486,105,5,869.96,3,3,3,333,Champions
C16487,109,4,298.22999999999996,3,3,2,332,Loyal Customers
C16488,33,3,460.46,4,2,3,423,Loyal Customers
C16489,192,3,820.5899999999999,2,2,3,223,Cant Lose Them
C16490,8,2,32.17,4,1,1,411,New/Promising
C16491,55,4,1042.25,3,3,4,334,Champions
C16492,147,1,113.92,2,1,1,211,Lost
C16493,435,2,37.480000000000004,1,1,1,111,Lost
C16494,52,2,198.70999999999998,3,1,2,312,New/Promising
C16495,75,4,592.9300000000001,3,3,3,333,Champions
C16496,8,7,2436.7,4,4,4,444,Champions
C16497,83,5,792.73,3,3,3,333,Champions
C16498,417,2,71.19,1,1,1,111,Lost
C16499,97,8,967.54,3,4,4,344,Champions
C16500,34,7,781.78,4,4,3,443,Champions
C16501,50,5,808.72,4,3,3,433,Champions
C16502,5,3,40.5,4,2,1,421,Loyal Customers
C16503,333,1,268.49,1,1,2,112,Lost
C16504,78,2,83.3,3,1,1,311,New/Promising
C16505,670,1,143.8,1,1,1,111,Lost
C16506,92,4,3655.56,3,3,4,334,Champions
C16507,361,4,148.45,1,3,1,131,Others
C16508,118,2,81.4,3,1,1,311,New/Promising
C16509,60,7,356.09000000000003,3,4,2,342,Loyal Customers
C16510,348,3,2203.12,1,2,4,124,Cant Lose Them
C16511,266,4,62.56,1,3,1,131,Others
C16512,17,2,229.73000000000002,4,1,2,412,New/Promising
C16513,19,4,326.19,4,3,2,432,Loyal Customers
C16514,42,6,1529.47,4,4,4,444,Champions
C16515,355,2,2623.68,1,1,4,114,Cant Lose Them
C16516,78,5,90.0,3,3,1,331,Loyal Customers
C16517,641,1,6.07,1,1,1,111,Lost
C16518,258,3,323.52,1,2,2,122,Lost
C16519,46,4,285.7,4,3,2,432,Loyal Customers
C16520,533,2,522.99,1,1,3,113,Cant Lose Them
C16521,23,6,949.66,4,4,4,444,Champions
C16522,103,4,203.11,3,3,2,332,Loyal Customers
C16523,144,6,1455.2,2,4,4,244,Needs Attention
C16524,94,7,2044.58,3,4,4,344,Champions
C16525,172,4,803.44,2,3,3,233,Needs Attention
C16526,305,2,2761.84,1,1,4,114,Cant Lose Them
C16527,573,3,117.27000000000001,1,2,1,121,Lost
C16528,250,2,987.22,1,1,4,114,Cant Lose Them
C16529,601,2,499.56999999999994,1,1,3,113,Cant Lose Them
C16530,4,4,2238.61,4,3,4,434,Champions
C16531,159,3,1123.6100000000001,2,2,4,224,Cant Lose Them
C16532,480,3,267.90000000000003,1,2,2,122,Lost
C16533,96,4,765.5500000000001,3,3,3,333,Champions
C16534,2,6,573.4399999999999,4,4,3,443,Champions
C16535,22,3,93.3,4,2,1,421,Loyal Customers
C16536,62,2,116.83,3,1,1,311,New/Promising
C16537,112,3,243.46,3,2,2,322,Loyal Customers
C16538,305,4,2345.9500000000003,1,3,4,134,At Risk
C16539,242,7,1094.19,1,4,4,144,At Risk
C16540,20,6,1192.6200000000001,4,4,4,444,Champions
C16541,195,2,31.92,2,1,1,211,Lost
C16542,444,2,83.44,1,1,1,111,Lost
C16543,213,4,1191.09,2,3,4,234,Needs Attention
C16544,94,6,2029.76,3,4,4,344,Champions
C16545,220,2,37.85,2,1,1,211,Lost
C16546,21,5,4424.599999999999,4,3,4,434,Champions
C16547,99,2,35.1,3,1,1,311,New/Promising
C16548,44,3,444.14,4,2,2,422,Loyal Customers
C16549,331,3,750.16,1,2,3,123,Cant Lose Them
C16550,423,2,832.87,1,1,3,113,Cant Lose Them
C16551,426,3,199.56,1,2,2,122,Lost
C16552,355,2,875.9399999999999,1,1,3,113,Cant Lose Them
C16553,8,9,2117.42,4,4,4,444,Champions
C16554,26,6,1758.98,4,4,4,444,Champions
C16555,248,2,1081.01,1,1,4,114,Cant Lose Them
C16556,73,1,152.62,3,1,1,311,New/Promising
C16557,152,4,183.71,2,3,1,231,Needs Attention
C16558,98,5,1186.3400000000001,3,3,4,334,Champions
C16559,133,5,720.05,2,3,3,233,Needs Attention
C16560,241,2,62.489999999999995,1,1,1,111,Lost
C16561,374,2,66.77,1,1,1,111,Lost
C16563,22,7,1585.9599999999998,4,4,4,444,Champions
C16564,140,3,962.76,2,2,4,224,Cant Lose Them
C16565,45,4,107.75,4,3,1,431,Loyal Customers
C16566,15,7,1559.8300000000002,4,4,4,444,Champions
C16567,112,2,420.28,3,1,2,312,New/Promising
C16568,521,2,365.64,1,1,2,112,Lost
C16569,51,4,400.49,3,3,2,332,Loyal Customers
C16570,46,2,573.15,4,1,3,413,New/Promising
C16571,3,7,668.51,4,4,3,443,Champions
C16572,21,1,79.0,4,1,1,411,New/Promising
C16573,49,2,250.44,4,1,2,412,New/Promising
C16574,183,4,592.15,2,3,3,233,Needs Attention
C16575,498,1,47.0,1,1,1,111,Lost
C16576,159,2,441.17,2,1,2,212,Lost
C16577,481,6,1511.3,1,4,4,144,At Risk
C16578,137,4,166.29999999999998,2,3,1,231,Needs Attention
C16579,78,4,65.32,3,3,1,331,Loyal Customers
C16580,225,4,139.89000000000001,2,3,1,231,Needs Attention
C16581,330,5,766.94,1,3,3,133,At Risk
C16582,168,4,443.48,2,3,2,232,Needs Attention
C16583,26,5,339.16,4,3,2,432,Loyal Customers
C16584,121,4,806.87,3,3,3,333,Champions
C16585,170,1,5.3,2,1,1,211,Lost
C16586,161,3,362.63,2,2,2,222,Lost
C16587,259,6,358.68,1,4,2,142,Others
C16588,158,7,263.12,2,4,2,242,Needs Attention
C16589,180,7,1325.38,2,4,4,244,Needs Attention
C16590,170,4,285.67,2,3,2,232,Needs Attention
C16591,404,2,30.75,1,1,1,111,Lost
C16592,223,2,354.49,2,1,2,212,Lost
C16593,180,10,1570.09,2,4,4,244,Needs Attention
C16594,458,3,6415.320000000001,1,2,4,124,Cant Lose Them
C16595,323,2,265.42,1,1,2,112,Lost
C16596,409,3,636.46,1,2,3,123,Cant Lose Them
C16597,256,2,75.05,1,1,1,111,Lost
C16598,15,8,434.92,4,4,2,442,Loyal Customers
C16599,281,1,104.23,1,1,1,111,Lost
C16600,154,4,3025.7200000000003,2,3,4,234,Needs Attention
C16601,7,4,543.23,4,3,3,433,Champions
C16602,267,3,142.37,1,2,1,121,Lost
C16603,151,4,644.71,2,3,3,233,Needs Attention
C16604,26,3,276.4,4,2,2,422,Loyal Customers
C16605,168,4,183.49,2,3,1,231,Needs Attention
C16606,34,4,124.45,4,3,1,431,Loyal Customers
C16607,52,3,205.28,3,2,2,322,Loyal Customers
C16608,109,5,1688.0,3,3,4,334,Champions
C16609,99,8,662.58,3,4,3,343,Champions
C16610,59,5,2135.81,3,3,4,334,Champions
C16611,131,3,418.87,2,2,2,222,Lost
C16612,617,2,390.66999999999996,1,1,2,112,Lost
C16613,92,3,422.35,3,2,2,322,Loyal Customers
C16614,65,9,369.68,3,4,2,342,Loyal Customers
C16615,260,3,1684.86,1,2,4,124,Cant Lose Them
C16616,161,4,164.14,2,3,1,231,Needs Attention
C16617,131,4,437.11,2,3,2,232,Needs Attention
C16618,4,5,207.63,4,3,2,432,Loyal Customers
C16619,49,5,1629.45,4,3,4,434,Champions
C16620,83,3,683.39,3,2,3,323,Loyal Customers
C16621,246,5,413.32,1,3,2,132,Others
C16622,108,5,1453.41,3,3,4,334,Champions
C16623,83,4,864.55,3,3,3,333,Champions
C16624,62,2,253.34,3,1,2,312,New/Promising
C16625,237,3,123.07,2,2,1,221,Lost
C16626,124,3,269.07,2,2,2,222,Lost
C16627,24,4,259.68,4,3,2,432,Loyal Customers
C16628,111,8,3450.34,3,4,4,344,Champions
C16629,13,6,884.4,4,4,3,443,Champions
C16630,308,2,39.83,1,1,1,111,Lost
C16631,195,2,183.1,2,1,1,211,Lost
C16632,103,3,237.79999999999998,3,2,2,322,Loyal Customers
C16633,86,2,1299.6499999999999,3,1,4,314,New/Promising
C16634,366,3,1057.63,1,2,4,124,Cant Lose Them
C16635,121,4,247.6,3,3,2,332,Loyal Customers
C16636,277,6,1814.4,1,4,4,144,At Risk
C16637,118,3,569.22,3,2,3,323,Loyal Customers
C16638,98,5,1424.17,3,3,4,334,Champions
C16639,39,5,370.45,4,3,2,432,Loyal Customers
C16640,440,2,220.0,1,1,2,112,Lost
C16641,14,4,219.86,4,3,2,432,Loyal Customers
C16642,412,5,203.5,1,3,2,132,Others
C16643,59,5,699.58,3,3,3,333,Champions
C16644,252,4,1250.1899999999998,1,3,4,134,At Risk
C16645,43,8,1440.81,4,4,4,444,Champions
C16646,119,6,1077.5,3,4,4,344,Champions
C16647,233,3,195.22,2,2,2,222,Lost
C16648,298,1,61.58,1,1,1,111,Lost
C16649,234,3,44.56,2,2,1,221,Lost
C16650,448,3,233.04,1,2,2,122,Lost
C16651,63,5,108.34,3,3,1,331,Loyal Customers
C16652,78,6,1211.3600000000001,3,4,4,344,Champions
C16653,177,2,89.08000000000001,2,1,1,211,Lost
C16654,94,8,1175.8799999999999,3,4,4,344,Champions
C16655,63,10,13885.099999999999,3,4,4,344,Champions
C16656,138,2,131.36,2,1,1,211,Lost
C16657,3,4,933.18,4,3,4,434,Champions
C16658,134,4,647.59,2,3,3,233,Needs Attention
C16659,132,4,839.4799999999999,2,3,3,233,Needs Attention
C16660,265,3,1021.28,1,2,4,124,Cant Lose Them
C16661,114,4,251.3,3,3,2,332,Loyal Customers
C16662,121,3,436.96999999999997,3,2,2,322,Loyal Customers
C16663,193,4,403.23,2,3,2,232,Needs Attention
C16664,309,2,278.52,1,1,2,112,Lost
C16665,73,6,707.3199999999999,3,4,3,343,Champions
C16666,372,2,32.98,1,1,1,111,Lost
C16667,43,5,769.6,4,3,3,433,Champions
C16668,135,9,1644.47,2,4,4,244,Needs Attention
C16669,174,3,414.03999999999996,2,2,2,222,Lost
C16670,58,5,695.29,3,3,3,333,Champions
C16671,124,6,1452.3799999999999,2,4,4,244,Needs Attention
C16672,166,3,209.11,2,2,2,222,Lost
C16673,146,3,203.81,2,2,2,222,Lost
C16674,76,6,1353.6200000000001,3,4,4,344,Champions
C16675,118,1,64.89,3,1,1,311,New/Promising
C16676,175,3,975.55,2,2,4,224,Cant Lose Them
C16677,63,4,41.15,3,3,1,331,Loyal Customers
C16678,71,7,667.11,3,4,3,343,Champions
C16679,111,3,109.16,3,2,1,321,Loyal Customers
C16680,131,3,92.78,2,2,1,221,Lost
C16681,64,5,575.32,3,3,3,333,Champions
C16682,274,3,1039.81,1,2,4,124,Cant Lose Them
C16683,57,9,1904.53,3,4,4,344,Champions
C16684,608,3,758.44,1,2,3,123,Cant Lose Them
C16685,79,6,306.81,3,4,2,342,Loyal Customers
C16686,6,6,582.52,4,4,3,443,Champions
C16687,72,5,441.15999999999997,3,3,2,332,Loyal Customers
C16688,223,1,410.44,2,1,2,212,Lost
C16689,461,2,33.56,1,1,1,111,Lost
C16690,131,2,203.82,2,1,2,212,Lost
C16691,243,3,105.01,1,2,1,121,Lost
C16692,17,3,1331.57,4,2,4,424,Loyal Customers
C16693,265,3,944.3100000000001,1,2,4,124,Cant Lose Them
C16694,177,5,777.02,2,3,3,233,Needs Attention
C16695,157,3,73.69,2,2,1,221,Lost
C16696,206,4,183.21,2,3,1,231,Needs Attention
C16697,13,7,1056.48,4,4,4,444,Champions
C16698,83,4,607.4300000000001,3,3,3,333,Champions
C16699,191,3,141.89,2,2,1,221,Lost
C16700,308,5,153.83,1,3,1,131,Others
C16701,71,6,2237.51,3,4,4,344,Champions
C16702,112,5,92.74,3,3,1,331,Loyal Customers
C16703,123,6,842.41,2,4,3,243,Needs Attention
C16704,1,11,1778.87,4,4,4,444,Champions
C16705,336,2,344.79999999999995,1,1,2,112,Lost
C16706,581,1,57.6,1,1,1,111,Lost
C16707,166,8,747.07,2,4,3,243,Needs Attention
C16708,106,3,309.57,3,2,2,322,Loyal Customers
C16709,39,6,702.9399999999999,4,4,3,443,Champions
C16710,194,5,158.84,2,3,1,231,Needs Attention
C16711,284,5,549.3,1,3,3,133,At Risk
C16712,33,3,622.49,4,2,3,423,Loyal Customers
C16713,7,8,449.51,4,4,2,442,Loyal Customers
C16714,51,4,547.78,3,3,3,333,Champions
C16715,275,2,119.32,1,1,1,111,Lost
C16716,199,5,119.76,2,3,1,231,Needs Attention
C16717,26,3,385.35,4,2,2,422,Loyal Customers
C16718,35,4,941.87,4,3,4,434,Champions
C16719,163,4,144.92,2,3,1,231,Needs Attention
C16720,172,4,1148.6,2,3,4,234,Needs Attention
C16721,68,2,549.5400000000001,3,1,3,313,New/Promising
C16722,245,2,72.39,1,1,1,111,Lost
C16723,36,4,613.18,4,3,3,433,Champions
C16724,51,6,374.47,3,4,2,342,Loyal Customers
C16725,56,3,308.42,3,2,2,322,Loyal Customers
C16726,54,2,425.53000000000003,3,1,2,312,New/Promising
C16727,466,2,99.94,1,1,1,111,Lost
C16728,86,3,1129.1299999999999,3,2,4,324,Loyal Customers
C16729,316,1,10.94,1,1,1,111,Lost
C16730,29,1,35.83,4,1,1,411,New/Promising
C16731,211,8,2833.51,2,4,4,244,Needs Attention
C16732,98,10,1330.36,3,4,4,344,Champions
C16733,293,6,149.37,1,4,1,141,Others
C16734,189,3,143.3,2,2,1,221,Lost
C16735,12,4,45.19,4,3,1,431,Loyal Customers
C16736,340,2,167.92000000000002,1,1,1,111,Lost
C16737,660,2,27.339999999999996,1,1,1,111,Lost
C16738,67,2,469.31,3,1,3,313,New/Promising
C16739,394,4,415.45000000000005,1,3,2,132,Others
C16740,577,3,742.46,1,2,3,123,Cant Lose Them
C16741,12,4,349.18,4,3,2,432,Loyal Customers
C16742,230,3,280.42,2,2,2,222,Lost
C16743,120,2,58.11,3,1,1,311,New/Promising
C16744,275,4,237.16,1,3,2,132,Others
C16745,74,4,1322.2,3,3,4,334,Champions
C16746,236,2,143.51,2,1,1,211,Lost
C16747,142,6,1271.96,2,4,4,244,Needs Attention
C16748,401,7,191.88,1,4,2,142,Others
C16749,183,6,1140.98,2,4,4,244,Needs Attention
C16750,353,2,269.98,1,1,2,112,Lost
C16751,558,2,54.72,1,1,1,111,Lost
C16752,79,6,313.59000000000003,3,4,2,342,Loyal Customers
C16753,447,1,49.21,1,1,1,111,Lost
C16754,251,2,18.669999999999998,1,1,1,111,Lost
C16755,267,7,1748.12,1,4,4,144,At Risk
C16756,6,2,2196.16,4,1,4,414,New/Promising
C16757,138,3,541.38,2,2,3,223,Cant Lose Them
C16758,83,4,421.34,3,3,2,332,Loyal Customers
C16759,109,2,170.46,3,1,1,311,New/Promising
C16760,366,1,46.23,1,1,1,111,Lost
C16761,154,6,739.38,2,4,3,243,Needs Attention
C16762,93,4,2097.48,3,3,4,334,Champions
C16763,120,7,503.50000000000006,3,4,3,343,Champions
C16764,62,6,446.25,3,4,2,342,Loyal Customers
C16765,256,1,21.69,1,1,1,111,Lost
C16766,118,5,839.92,3,3,3,333,Champions
C16767,53,6,378.79,3,4,2,342,Loyal Customers
C16768,391,4,186.43,1,3,1,131,Others
C16769,285,2,1624.69,1,1,4,114,Cant Lose Them
C16770,98,5,377.25,3,3,2,332,Loyal Customers
C16771,73,6,2260.31,3,4,4,344,Champions
C16772,26,4,306.55,4,3,2,432,Loyal Customers
C16773,69,5,306.75,3,3,2,332,Loyal Customers
C16774,402,3,600.4200000000001,1,2,3,123,Cant Lose Them
C16775,32,6,663.96,4,4,3,443,Champions
C16776,83,3,469.28,3,2,3,323,Loyal Customers
C16777,5,5,152.29,4,3,1,431,Loyal Customers
C16778,496,2,48.19,1,1,1,111,Lost
C16779,674,1,106.47,1,1,1,111,Lost
C16780,10,3,613.81,4,2,3,423,Loyal Customers
C16781,45,4,212.14,4,3,2,432,Loyal Customers
C16782,204,6,1378.63,2,4,4,244,Needs Attention
C16783,62,5,524.84,3,3,3,333,Champions
C16784,52,3,276.02000000000004,3,2,2,322,Loyal Customers
C16785,102,5,319.45,3,3,2,332,Loyal Customers
C16786,40,4,192.15,4,3,2,432,Loyal Customers
C16787,97,4,3450.93,3,3,4,334,Champions
C16788,213,3,117.01,2,2,1,221,Lost
C16789,45,3,116.49000000000001,4,2,1,421,Loyal Customers
C16790,20,3,135.84,4,2,1,421,Loyal Customers
C16791,302,2,99.77,1,1,1,111,Lost
C16792,6,9,679.15,4,4,3,443,Champions
C16793,19,7,1306.49,4,4,4,444,Champions
C16794,28,6,862.3100000000001,4,4,3,443,Champions
C16795,95,5,418.90000000000003,3,3,2,332,Loyal Customers
C16796,28,4,781.0400000000001,4,3,3,433,Champions
C16797,622,3,1167.54,1,2,4,124,Cant Lose Them
C16798,128,2,827.16,2,1,3,213,Cant Lose Them
C16799,88,7,2878.35,3,4,4,344,Champions
C16800,362,5,581.67,1,3,3,133,At Risk
C16801,24,5,1105.4,4,3,4,434,Champions
C16802,15,1,30.94,4,1,1,411,New/Promising
C16803,145,2,348.0,2,1,2,212,Lost
C16804,248,5,419.67,1,3,2,132,Others
C16805,38,5,3811.78,4,3,4,434,Champions
C16806,57,5,148.83,3,3,1,331,Loyal Customers
C16807,377,3,130.48,1,2,1,121,Lost
C16808,19,3,176.29999999999998,4,2,1,421,Loyal Customers
C16809,103,5,473.32,3,3,3,333,Champions
C16811,23,6,584.6899999999999,4,4,3,443,Champions
C16812,102,3,394.33,3,2,2,322,Loyal Customers
C16813,109,4,3616.02,3,3,4,334,Champions
C16814,58,2,80.85,3,1,1,311,New/Promising
C16815,57,4,664.24,3,3,3,333,Champions
C16816,40,5,1571.54,4,3,4,434,Champions
C16817,439,2,181.28,1,1,1,111,Lost
C16818,93,4,388.94,3,3,2,332,Loyal Customers
C16819,148,3,1161.14,2,2,4,224,Cant Lose Them
C16820,532,4,2350.33,1,3,4,134,At Risk
C16821,419,3,2571.4,1,2,4,124,Cant Lose Them
C16822,342,2,133.18,1,1,1,111,Lost
C16823,303,5,944.11,1,3,4,134,At Risk
C16825,151,3,268.59999999999997,2,2,2,222,Lost
C16826,561,1,19.02,1,1,1,111,Lost
C16827,245,5,1691.9099999999999,1,3,4,134,At Risk
C16828,140,4,605.9,2,3,3,233,Needs Attention
C16829,254,4,1191.34,1,3,4,134,At Risk
C16830,132,3,102.5,2,2,1,221,Lost
C16831,1,4,678.83,4,3,3,433,Champions
C16832,85,4,366.44,3,3,2,332,Loyal Customers
C16833,46,5,2150.51,4,3,4,434,Champions
C16834,224,8,1645.05,2,4,4,244,Needs Attention
C16836,256,3,1934.7900000000002,1,2,4,124,Cant Lose Them
C16837,28,9,774.38,4,4,3,443,Champions
C16838,207,3,130.26000000000002,2,2,1,221,Lost
C16839,415,5,1331.6100000000001,1,3,4,134,At Risk
C16840,11,9,1512.46,4,4,4,444,Champions
C16841,120,6,564.76,3,4,3,343,Champions
C16842,17,6,351.36,4,4,2,442,Loyal Customers
C16843,9,6,1472.53,4,4,4,444,Champions
C16844,129,3,147.16,2,2,1,221,Lost
C16845,116,7,323.79,3,4,2,342,Loyal Customers
C16846,209,5,659.77,2,3,3,233,Needs Attention
C16847,724,1,67.76,1,1,1,111,Lost
C16848,50,3,246.26999999999998,4,2,2,422,Loyal Customers
C16849,70,3,1039.06,3,2,4,324,Loyal Customers
C16850,50,4,956.34,4,3,4,434,Champions
C16851,53,4,136.41,3,3,1,331,Loyal Customers
C16852,177,6,529.84,2,4,3,243,Needs Attention
C16853,150,3,220.76000000000002,2,2,2,222,Lost
C16854,150,7,1507.39,2,4,4,244,Needs Attention
C16855,19,4,588.17,4,3,3,433,Champions
C16856,9,8,830.08,4,4,3,443,Champions
C16857,124,2,71.68,2,1,1,211,Lost
C16858,397,2,37.14,1,1,1,111,Lost
C16859,33,5,788.95,4,3,3,433,Champions
C16860,351,5,614.4,1,3,3,133,At Risk
C16861,199,4,341.88,2,3,2,232,Needs Attention
C16862,186,4,2307.79,2,3,4,234,Needs Attention
C16863,427,2,210.19,1,1,2,112,Lost
C16864,182,5,1243.1499999999999,2,3,4,234,Needs Attention
C16865,181,1,28.21,2,1,1,211,Lost
C16866,148,3,107.33,2,2,1,221,Lost
C16867,84,2,1061.24,3,1,4,314,New/Promising
C16868,60,2,348.09,3,1,2,312,New/Promising
C16869,66,9,752.39,3,4,3,343,Champions
C16870,23,3,811.73,4,2,3,423,Loyal Customers
C16871,126,5,574.02,2,3,3,233,Needs Attention
C16872,378,3,301.47,1,2,2,122,Lost
C16873,53,6,296.12,3,4,2,342,Loyal Customers
C16874,94,2,189.88,3,1,2,312,New/Promising
C16875,175,4,3671.3199999999997,2,3,4,234,Needs Attention
C16876,380,2,43.66,1,1,1,111,Lost
C16877,563,1,116.19,1,1,1,111,Lost
C16878,26,5,990.81,4,3,4,434,Champions
C16879,379,1,13.22,1,1,1,111,Lost
C16880,151,3,183.8,2,2,1,221,Lost
C16881,10,8,1239.21,4,4,4,444,Champions
C16882,75,4,304.54,3,3,2,332,Loyal Customers
C16883,140,3,226.25,2,2,2,222,Lost
C16884,64,3,334.72,3,2,2,322,Loyal Customers
C16885,651,2,560.64,1,1,3,113,Cant Lose Them
C16886,40,4,525.13,4,3,3,433,Champions
C16887,417,2,83.77000000000001,1,1,1,111,Lost
C16889,408,1,202.38,1,1,2,112,Lost
C16890,181,5,345.04,2,3,2,232,Needs Attention
C16891,78,4,148.65,3,3,1,331,Loyal Customers
C16892,83,4,470.95,3,3,3,333,Champions
C16893,71,3,227.85,3,2,2,322,Loyal Customers
C16894,523,3,95.58,1,2,1,121,Lost
C16895,64,7,3436.8,3,4,4,344,Champions
C16896,234,1,693.32,2,1,3,213,Cant Lose Them
C16897,18,6,1464.98,4,4,4,444,Champions
C16898,253,4,109.01,1,3,1,131,Others
C16899,509,2,92.92,1,1,1,111,Lost
C16900,11,4,2206.2,4,3,4,434,Champions
C16901,155,3,115.2,2,2,1,221,Lost
C16902,473,3,84.47,1,2,1,121,Lost
C16903,39,2,93.62,4,1,1,411,New/Promising
C16904,186,4,483.46999999999997,2,3,3,233,Needs Attention
C16905,62,6,945.85,3,4,4,344,Champions
C16906,459,3,187.42000000000002,1,2,1,121,Lost
C16907,120,2,120.43,3,1,1,311,New/Promising
C16908,68,3,664.83,3,2,3,323,Loyal Customers
C16910,190,3,426.05,2,2,2,222,Lost
C16911,339,4,318.06,1,3,2,132,Others
C16912,86,2,1496.53,3,1,4,314,New/Promising
C16913,306,4,1732.5,1,3,4,134,At Risk
C16914,104,2,94.24,3,1,1,311,New/Promising
C16915,95,2,459.1,3,1,3,313,New/Promising
C16917,14,5,1218.19,4,3,4,434,Champions
C16918,33,4,91.96000000000001,4,3,1,431,Loyal Customers
C16919,142,6,2032.8799999999999,2,4,4,244,Needs Attention
C16920,316,2,1635.36,1,1,4,114,Cant Lose Them
C16921,309,2,69.56,1,1,1,111,Lost
C16922,187,6,339.11,2,4,2,242,Needs Attention
C16923,263,4,624.87,1,3,3,133,At Risk
C16924,180,5,703.08,2,3,3,233,Needs Attention
C16925,226,1,19.16,2,1,1,211,Lost
C16926,570,1,1625.4,1,1,4,114,Cant Lose Them
C16927,138,2,132.0,2,1,1,211,Lost
C16928,145,5,413.56,2,3,2,232,Needs Attention
C16929,24,3,376.16,4,2,2,422,Loyal Customers
C16930,76,3,592.03,3,2,3,323,Loyal Customers
C16931,241,3,263.29,1,2,2,122,Lost
C16932,24,3,368.28000000000003,4,2,2,422,Loyal Customers
C16933,28,4,1319.83,4,3,4,434,Champions
C16934,142,4,349.49,2,3,2,232,Needs Attention
C16935,99,3,123.69,3,2,1,321,Loyal Customers
C16936,7,6,269.84999999999997,4,4,2,442,Loyal Customers
C16937,45,4,666.28,4,3,3,433,Champions
C16938,131,4,2464.54,2,3,4,234,Needs Attention
C16939,129,3,77.01,2,2,1,221,Lost
C16940,58,6,1328.7,3,4,4,344,Champions
C16941,354,5,2124.14,1,3,4,134,At Risk
C16942,49,4,1221.95,4,3,4,434,Champions
C16943,172,2,765.74,2,1,3,213,Cant Lose Them
C16944,221,6,3697.57,2,4,4,244,Needs Attention
C16945,79,4,120.58,3,3,1,331,Loyal Customers
C16946,198,2,94.96,2,1,1,211,Lost
C16947,223,5,1307.55,2,3,4,234,Needs Attention
C16948,426,3,1010.95,1,2,4,124,Cant Lose Them
C16949,17,4,1765.18,4,3,4,434,Champions
C16950,150,3,287.14,2,2,2,222,Lost
C16951,525,1,23.16,1,1,1,111,Lost
C16952,76,7,1382.25,3,4,4,344,Champions
C16953,269,6,159.20000000000002,1,4,1,141,Others
C16954,478,2,14.59,1,1,1,111,Lost
C16955,31,3,630.43,4,2,3,423,Loyal Customers
C16956,239,1,10.45,1,1,1,111,Lost
C16957,10,9,596.66,4,4,3,443,Champions
C16958,27,4,398.32,4,3,2,432,Loyal Customers
C16959,26,6,764.8000000000001,4,4,3,443,Champions
C16960,116,3,157.25,3,2,1,321,Loyal Customers
C16961,353,5,2152.0,1,3,4,134,At Risk
C16962,18,4,548.24,4,3,3,433,Champions
C16963,5,8,2449.68,4,4,4,444,Champions
C16964,240,5,466.01,1,3,3,133,At Risk
C16965,47,4,186.28,4,3,1,431,Loyal Customers
C16966,272,3,341.03999999999996,1,2,2,122,Lost
C16967,82,3,91.75,3,2,1,321,Loyal Customers
C16968,11,4,260.56,4,3,2,432,Loyal Customers
C16969,337,5,174.3,1,3,1,131,Others
C16970,105,5,429.59999999999997,3,3,2,332,Loyal Customers
C16971,200,7,1756.47,2,4,4,244,Needs Attention
C16972,104,2,180.53,3,1,1,311,New/Promising
C16973,400,2,481.24,1,1,3,113,Cant Lose Them
C16974,120,4,189.27,3,3,1,331,Loyal Customers
C16975,119,6,1041.03,3,4,4,344,Champions
C16976,58,7,668.62,3,4,3,343,Champions
C16977,689,2,101.74,1,1,1,111,Lost
C16978,421,1,219.73,1,1,2,112,Lost
C16979,82,5,501.97,3,3,3,333,Champions
C16980,21,11,522.49,4,4,3,443,Champions
C16981,138,10,1010.76,2,4,4,244,Needs Attention
C16982,42,4,628.2,4,3,3,433,Champions
C16983,131,2,1165.3799999999999,2,1,4,214,Cant Lose Them
C16984,276,3,147.0,1,2,1,121,Lost
C16985,27,4,793.1800000000001,4,3,3,433,Champions
C16986,29,3,365.32,4,2,2,422,Loyal Customers
C16987,31,4,198.57,4,3,2,432,Loyal Customers
C16988,660,1,4.98,1,1,1,111,Lost
C16989,27,4,824.61,4,3,3,433,Champions
C16990,65,5,1244.87,3,3,4,334,Champions
C16991,67,6,935.79,3,4,4,344,Champions
C16992,4,7,832.17,4,4,3,443,Champions
C16993,322,8,396.31,1,4,2,142,Others
C16994,369,2,297.20000000000005,1,1,2,112,Lost
C16995,44,5,181.93,4,3,1,431,Loyal Customers
C16996,34,5,1631.1000000000001,4,3,4,434,Champions
C16997,137,4,707.24,2,3,3,233,Needs Attention
C16998,8,9,3432.92,4,4,4,444,Champions
C16999,96,6,357.77,3,4,2,342,Loyal Customers
C17000,7,4,568.0799999999999,4,3,3,433,Champions
C17001,25,6,949.92,4,4,4,444,Champions
C17002,31,10,425.3,4,4,2,442,Loyal Customers
C17003,7,6,413.52000000000004,4,4,2,442,Loyal Customers
C17004,14,5,452.09999999999997,4,3,3,433,Champions
C17005,248,3,497.46000000000004,1,2,3,123,Cant Lose Them
C17006,86,6,1098.47,3,4,4,344,Champions
C17007,447,2,44.85,1,1,1,111,Lost
C17008,120,7,211.5,3,4,2,342,Loyal Customers
C17009,199,5,362.81,2,3,2,232,Needs Attention
C17010,32,3,669.8499999999999,4,2,3,423,Loyal Customers
C17011,66,9,1491.97,3,4,4,344,Champions
C17012,78,4,147.14000000000001,3,3,1,331,Loyal Customers
C17013,106,5,373.95,3,3,2,332,Loyal Customers
C17014,173,4,1546.55,2,3,4,234,Needs Attention
C17015,48,5,1064.12,4,3,4,434,Champions
C17016,16,4,174.78,4,3,1,431,Loyal Customers
C17017,9,3,194.22000000000003,4,2,2,422,Loyal Customers
C17018,192,6,346.95,2,4,2,242,Needs Attention
C17019,361,1,21.84,1,1,1,111,Lost
C17020,96,4,282.65,3,3,2,332,Loyal Customers
C17021,83,4,199.5,3,3,2,332,Loyal Customers
C17022,63,4,150.57,3,3,1,331,Loyal Customers
C17023,567,3,194.62,1,2,2,122,Lost
C17024,31,7,763.4200000000001,4,4,3,443,Champions
C17025,105,6,387.25,3,4,2,342,Loyal Customers
C17026,235,3,89.76,2,2,1,221,Lost
C17027,362,3,132.04,1,2,1,121,Lost
C17028,89,4,544.78,3,3,3,333,Champions
C17029,254,5,770.95,1,3,3,133,At Risk
C17030,433,1,719.6,1,1,3,113,Cant Lose Them
C17031,56,5,267.14,3,3,2,332,Loyal Customers
C17032,12,5,169.41,4,3,1,431,Loyal Customers
C17033,201,2,331.44,2,1,2,212,Lost
C17034,81,5,823.01,3,3,3,333,Champions
C17035,54,4,1020.53,3,3,4,334,Champions
C17036,113,6,1125.21,3,4,4,344,Champions
C17037,21,3,310.20000000000005,4,2,2,422,Loyal Customers
C17038,60,1,103.62,3,1,1,311,New/Promising
C17039,83,5,182.83,3,3,1,331,Loyal Customers
C17040,190,4,613.83,2,3,3,233,Needs Attention
C17041,123,10,1024.81,2,4,4,244,Needs Attention
C17042,8,6,3790.9900000000002,4,4,4,444,Champions
C17043,177,5,162.85,2,3,1,231,Needs Attention
C17044,316,3,1097.57,1,2,4,124,Cant Lose Them
C17045,41,4,607.12,4,3,3,433,Champions
C17046,143,4,274.81,2,3,2,232,Needs Attention
C17048,273,4,164.64000000000001,1,3,1,131,Others
C17049,619,1,373.16,1,1,2,112,Lost
C17050,99,3,645.49,3,2,3,323,Loyal Customers
C17051,677,1,6.79,1,1,1,111,Lost
C17052,154,2,19.85,2,1,1,211,Lost
C17053,304,6,485.95,1,4,3,143,At Risk
C17054,446,3,56.53,1,2,1,121,Lost
C17055,91,6,843.0500000000001,3,4,3,343,Champions
C17056,93,6,265.58,3,4,2,342,Loyal Customers
C17057,38,4,346.06,4,3,2,432,Loyal Customers
C17058,314,4,2536.31,1,3,4,134,At Risk
C17059,25,4,257.88,4,3,2,432,Loyal Customers
C17060,181,3,139.82999999999998,2,2,1,221,Lost
C17061,241,3,226.77,1,2,2,122,Lost
C17062,72,7,1797.95,3,4,4,344,Champions
C17063,483,3,119.53,1,2,1,121,Lost
C17064,27,3,987.4,4,2,4,424,Loyal Customers
C17065,242,3,428.07,1,2,2,122,Lost
C17066,239,4,259.21,1,3,2,132,Others
C17067,384,3,639.64,1,2,3,123,Cant Lose Them
C17068,46,5,112.91,4,3,1,431,Loyal Customers
C17069,35,11,2713.88,4,4,4,444,Champions
C17070,179,1,495.94,2,1,3,213,Cant Lose Them
C17071,182,4,557.3100000000001,2,3,3,233,Needs Attention
C17072,144,3,326.21999999999997,2,2,2,222,Lost
C17073,65,5,887.39,3,3,3,333,Champions
C17074,184,3,164.41,2,2,1,221,Lost
C17075,331,2,66.99,1,1,1,111,Lost
C17076,404,2,180.54,1,1,1,111,Lost
C17077,173,7,731.93,2,4,3,243,Needs Attention
C17078,92,3,103.93,3,2,1,321,Loyal Customers
C17079,27,3,193.64,4,2,2,422,Loyal Customers
C17080,206,4,300.55,2,3,2,232,Needs Attention
C17081,28,7,955.01,4,4,4,444,Champions
C17082,120,8,790.29,3,4,3,343,Champions
C17083,100,7,1520.08,3,4,4,344,Champions
C17084,80,3,68.8,3,2,1,321,Loyal Customers
C17085,450,2,252.17000000000002,1,1,2,112,Lost
C17086,170,4,1223.56,2,3,4,234,Needs Attention
C17087,167,8,516.6,2,4,3,243,Needs Attention
C17088,526,3,326.84000000000003,1,2,2,122,Lost
C17089,75,5,1975.85,3,3,4,334,Champions
C17090,286,4,299.88,1,3,2,132,Others
C17091,75,4,2073.7,3,3,4,334,Champions
C17092,3,6,216.97,4,4,2,442,Loyal Customers
C17093,261,3,91.0,1,2,1,121,Lost
C17094,37,5,785.47,4,3,3,433,Champions
C17095,407,1,10.45,1,1,1,111,Lost
C17096,132,3,488.0,2,2,3,223,Cant Lose Them
C17097,39,7,295.95,4,4,2,442,Loyal Customers
C17098,118,5,598.4300000000001,3,3,3,333,Champions
C17099,96,8,660.65,3,4,3,343,Champions
C17100,96,2,842.12,3,1,3,313,New/Promising
C17101,7,5,176.35999999999999,4,3,1,431,Loyal Customers
C17102,305,3,444.04,1,2,2,122,Lost
C17103,20,4,484.83000000000004,4,3,3,433,Champions
C17104,566,1,403.35,1,1,2,112,Lost
C17105,60,4,570.8,3,3,3,333,Champions
C17106,69,5,1012.64,3,3,4,334,Champions
C17107,523,1,283.86,1,1,2,112,Lost
C17108,113,4,507.22,3,3,3,333,Champions
C17109,649,1,101.7,1,1,1,111,Lost
C17110,115,3,857.21,3,2,3,323,Loyal Customers
C17111,25,4,854.1700000000001,4,3,3,433,Champions
C17112,18,4,938.58,4,3,4,434,Champions
C17113,170,3,386.35,2,2,2,222,Lost
C17114,170,3,156.16,2,2,1,221,Lost
C17115,54,4,432.38,3,3,2,332,Loyal Customers
C17116,456,5,7424.34,1,3,4,134,At Risk
C17117,63,5,1359.8799999999999,3,3,4,334,Champions
C17118,157,2,434.12,2,1,2,212,Lost
C17119,11,4,792.4300000000001,4,3,3,433,Champions
C17120,187,4,476.29,2,3,3,233,Needs Attention
C17121,139,4,355.74,2,3,2,232,Needs Attention
C17122,205,2,20.86,2,1,1,211,Lost
C17123,16,3,77.2,4,2,1,421,Loyal Customers
C17124,370,3,2623.76,1,2,4,124,Cant Lose Them
C17125,20,4,152.0,4,3,1,431,Loyal Customers
C17126,6,5,149.93,4,3,1,431,Loyal Customers
C17127,3,8,2326.63,4,4,4,444,Champions
C17128,319,3,308.56,1,2,2,122,Lost
C17129,134,9,3497.68,2,4,4,244,Needs Attention
C17130,252,2,60.57,1,1,1,111,Lost
C17131,168,8,6479.25,2,4,4,244,Needs Attention
C17132,61,2,42.28,3,1,1,311,New/Promising
C17133,21,3,129.77,4,2,1,421,Loyal Customers
C17134,139,1,43.74,2,1,1,211,Lost
C17135,57,6,713.12,3,4,3,343,Champions
C17136,222,4,490.7,2,3,3,233,Needs Attention
C17137,61,6,496.21999999999997,3,4,3,343,Champions
C17138,525,4,166.26,1,3,1,131,Others
C17139,523,1,83.77,1,1,1,111,Lost
C17140,44,8,1464.71,4,4,4,444,Champions
C17141,56,6,260.74,3,4,2,342,Loyal Customers
C17142,413,4,906.8000000000001,1,3,4,134,At Risk
C17143,106,4,165.60999999999999,3,3,1,331,Loyal Customers
C17144,333,1,138.8,1,1,1,111,Lost
C17145,67,4,288.98,3,3,2,332,Loyal Customers
C17146,24,4,1131.6499999999999,4,3,4,434,Champions
C17147,25,7,380.03999999999996,4,4,2,442,Loyal Customers
C17148,214,3,513.06,2,2,3,223,Cant Lose Them
C17149,172,2,458.44000000000005,2,1,3,213,Cant Lose Them
C17150,232,3,1895.18,2,2,4,224,Cant Lose Them
C17151,84,5,360.04,3,3,2,332,Loyal Customers
C17152,31,2,269.48,4,1,2,412,New/Promising
C17153,156,3,202.35,2,2,2,222,Lost
C17154,180,5,775.02,2,3,3,233,Needs Attention
C17155,26,5,876.6,4,3,3,433,Champions
C17156,713,1,82.05,1,1,1,111,Lost
C17157,31,3,123.67,4,2,1,421,Loyal Customers
C17158,24,2,38.3,4,1,1,411,New/Promising
C17159,44,3,1218.28,4,2,4,424,Loyal Customers
C17160,35,6,151.85,4,4,1,441,Loyal Customers
C17161,96,3,284.23,3,2,2,322,Loyal Customers
C17162,69,6,351.51,3,4,2,342,Loyal Customers
C17163,170,6,590.84,2,4,3,243,Needs Attention
C17164,164,7,378.62,2,4,2,242,Needs Attention
C17165,88,6,2297.91,3,4,4,344,Champions
C17166,101,8,845.19,3,4,3,343,Champions
C17167,11,5,955.9399999999999,4,3,4,434,Champions
C17168,238,4,367.59,1,3,2,132,Others
C17169,62,4,118.38000000000001,3,3,1,331,Loyal Customers
C17170,34,8,369.45,4,4,2,442,Loyal Customers
C17171,132,2,140.74,2,1,1,211,Lost
C17172,47,3,434.69,4,2,2,422,Loyal Customers
C17173,34,5,4467.02,4,3,4,434,Champions
C17174,164,3,218.60000000000002,2,2,2,222,Lost
C17175,233,4,53.64,2,3,1,231,Needs Attention
C17176,124,5,383.61,2,3,2,232,Needs Attention
C17177,139,7,810.02,2,4,3,243,Needs Attention
C17178,727,1,11.15,1,1,1,111,Lost
C17179,106,4,705.4,3,3,3,333,Champions
C17180,76,6,2955.59,3,4,4,344,Champions
C17181,146,4,613.82,2,3,3,233,Needs Attention
C17182,300,4,443.03999999999996,1,3,2,132,Others
C17183,76,4,672.57,3,3,3,333,Champions
C17184,89,7,1173.15,3,4,4,344,Champions
C17185,75,3,386.52000000000004,3,2,2,322,Loyal Customers
C17186,212,7,1442.96,2,4,4,244,Needs Attention
C17187,128,5,339.09,2,3,2,232,Needs Attention
C17188,59,5,391.5,3,3,2,332,Loyal Customers
C17189,95,2,2112.8399999999997,3,1,4,314,New/Promising
C17190,180,5,658.73,2,3,3,233,Needs Attention
C17191,332,3,238.72,1,2,2,122,Lost
C17192,8,6,1039.26,4,4,4,444,Champions
C17193,116,5,669.14,3,3,3,333,Champions
C17194,49,3,1471.19,4,2,4,424,Loyal Customers
C17195,147,2,14.34,2,1,1,211,Lost
C17196,190,5,1717.6599999999999,2,3,4,234,Needs Attention
C17197,111,9,2115.12,3,4,4,344,Champions
C17198,11,3,345.45,4,2,2,422,Loyal Customers
C17199,415,2,159.39,1,1,1,111,Lost
C17200,1,2,454.05,4,1,3,413,New/Promising
C17201,562,1,56.74,1,1,1,111,Lost
C17202,86,3,166.86,3,2,1,321,Loyal Customers
C17203,406,2,559.6,1,1,3,113,Cant Lose Them
C17204,245,2,828.4599999999999,1,1,3,113,Cant Lose Them
C17205,62,5,281.72,3,3,2,332,Loyal Customers
C17206,136,10,2974.7599999999998,2,4,4,244,Needs Attention
C17207,72,4,395.9,3,3,2,332,Loyal Customers
C17208,10,3,408.09999999999997,4,2,2,422,Loyal Customers
C17209,194,4,921.97,2,3,4,234,Needs Attention
C17210,139,7,900.05,2,4,3,243,Needs Attention
C17211,31,7,2218.66,4,4,4,444,Champions
C17212,616,1,23.18,1,1,1,111,Lost
C17213,139,4,264.32,2,3,2,232,Needs Attention
C17214,112,3,95.07000000000001,3,2,1,321,Loyal Customers
C17215,129,6,392.97,2,4,2,242,Needs Attention
C17216,215,5,274.18,2,3,2,232,Needs Attention
C17217,644,1,42.63,1,1,1,111,Lost
C17218,103,6,876.83,3,4,3,343,Champions
C17219,52,3,1217.95,3,2,4,324,Loyal Customers
C17220,140,2,41.46,2,1,1,211,Lost
C17221,185,1,17.92,2,1,1,211,Lost
C17222,275,6,1182.41,1,4,4,144,At Risk
C17224,12,7,853.55,4,4,3,443,Champions
C17225,189,4,616.13,2,3,3,233,Needs Attention
C17226,250,7,349.62,1,4,2,142,Others
C17227,168,5,274.61,2,3,2,232,Needs Attention
C17228,28,1,96.06,4,1,1,411,New/Promising
C17229,343,2,77.39,1,1,1,111,Lost
C17230,223,4,504.74,2,3,3,233,Needs Attention
C17231,321,2,498.20000000000005,1,1,3,113,Cant Lose Them
C17232,21,7,1350.17,4,4,4,444,Champions
C17233,136,3,605.22,2,2,3,223,Cant Lose Them
C17234,273,5,994.53,1,3,4,134,At Risk
C17235,115,5,1807.23,3,3,4,334,Champions
C17236,27,7,232.5,4,4,2,442,Loyal Customers
C17237,3,5,694.53,4,3,3,433,Champions
C17238,94,2,368.01,3,1,2,312,New/Promising
C17239,246,4,341.87,1,3,2,132,Others
C17240,12,7,1882.85,4,4,4,444,Champions
C17241,145,4,4206.82,2,3,4,234,Needs Attention
C17242,83,4,227.85,3,3,2,332,Loyal Customers
C17243,88,4,785.38,3,3,3,333,Champions
C17244,158,5,217.07999999999998,2,3,2,232,Needs Attention
C17245,38,7,496.47,4,4,3,443,Champions
C17246,105,6,704.24,3,4,3,343,Champions
C17247,25,5,156.42000000000002,4,3,1,431,Loyal Customers
C17248,275,3,1696.9199999999998,1,2,4,124,Cant Lose Them
C17249,510,3,725.72,1,2,3,123,Cant Lose Them
C17250,73,4,631.66,3,3,3,333,Champions
C17251,103,3,59.14,3,2,1,321,Loyal Customers
C17252,82,4,325.96999999999997,3,3,2,332,Loyal Customers
C17253,443,3,660.8100000000001,1,2,3,123,Cant Lose Them
C17254,179,4,656.6,2,3,3,233,Needs Attention
C17255,28,5,94.32000000000001,4,3,1,431,Loyal Customers
C17256,13,8,562.29,4,4,3,443,Champions
C17257,17,9,580.96,4,4,3,443,Champions
C17258,59,4,834.1700000000001,3,3,3,333,Champions
C17259,65,4,1369.54,3,3,4,334,Champions
C17260,125,5,624.22,2,3,3,233,Needs Attention
C17261,167,1,628.82,2,1,3,213,Cant Lose Them
C17262,132,4,571.5799999999999,2,3,3,233,Needs Attention
C17263,18,7,1775.32,4,4,4,444,Champions
C17264,68,6,596.76,3,4,3,343,Champions
C17265,149,5,743.36,2,3,3,233,Needs Attention
C17266,24,5,2238.99,4,3,4,434,Champions
C17267,430,2,262.43,1,1,2,112,Lost
C17268,183,3,118.94,2,2,1,221,Lost
C17269,6,5,351.87,4,3,2,432,Loyal Customers
C17270,359,4,750.6700000000001,1,3,3,133,At Risk
C17271,137,5,739.03,2,4,3,243,Needs Attention
C17272,70,4,645.5,3,3,3,333,Champions
C17273,61,3,364.54999999999995,3,2,2,322,Loyal Customers
C17274,141,3,673.59,2,2,3,223,Cant Lose Them
C17275,14,3,226.05,4,2,2,422,Loyal Customers
C17276,170,4,314.04,2,3,2,232,Needs Attention
C17278,86,3,646.89,3,2,3,323,Loyal Customers
C17279,242,6,1771.2,1,4,4,144,At Risk
C17280,81,8,652.77,3,4,3,343,Champions
C17281,148,3,59.66,2,2,1,221,Lost
C17282,19,6,275.68,4,4,2,442,Loyal Customers
C17283,150,3,525.01,2,2,3,223,Cant Lose Them
C17284,576,2,301.38,1,1,2,112,Lost
C17285,217,3,210.43,2,2,2,222,Lost
C17286,292,4,148.74,1,3,1,131,Others
C17287,22,4,408.16,4,3,2,432,Loyal Customers
C17288,36,6,585.4,4,4,3,443,Champions
C17289,86,1,29.98,3,1,1,311,New/Promising
C17290,81,2,19.200000000000003,3,1,1,311,New/Promising
C17291,485,2,24.939999999999998,1,1,1,111,Lost
C17292,385,3,3332.4,1,2,4,124,Cant Lose Them
C17293,616,1,142.45,1,1,1,111,Lost
C17294,3,2,89.76,4,1,1,411,New/Promising
C17295,67,3,463.77,3,2,3,323,Loyal Customers
C17296,73,2,62.1,3,1,1,311,New/Promising
C17297,67,8,1002.17,3,4,4,344,Champions
C17298,311,3,639.34,1,2,3,123,Cant Lose Them
C17299,19,4,775.6500000000001,4,3,3,433,Champions
C17300,186,6,536.78,2,4,3,243,Needs Attention
C17301,519,3,893.26,1,2,3,123,Cant Lose Them
C17302,622,1,1038.7,1,1,4,114,Cant Lose Them
C17303,573,1,30.68,1,1,1,111,Lost
C17304,203,6,1682.21,2,4,4,244,Needs Attention
C17305,124,3,1948.71,2,2,4,224,Cant Lose Them
C17306,304,1,27.43,1,1,1,111,Lost
C17307,12,3,927.1800000000001,4,2,4,424,Loyal Customers
C17308,55,2,1211.26,3,1,4,314,New/Promising
C17309,14,4,338.32,4,3,2,432,Loyal Customers
C17310,9,9,851.0600000000001,4,4,3,443,Champions
C17311,306,5,379.62,1,4,2,142,Others
C17312,73,7,609.98,3,4,3,343,Champions
C17313,21,8,424.78999999999996,4,4,2,442,Loyal Customers
C17314,107,6,2033.3,3,4,4,344,Champions
C17315,326,4,1395.3,1,3,4,134,At Risk
C17316,65,2,80.95,3,1,1,311,New/Promising
C17318,149,2,161.01999999999998,2,1,1,211,Lost
C17319,135,5,2932.9700000000003,2,4,4,244,Needs Attention
C17320,330,5,861.54,1,4,3,143,At Risk
C17321,66,6,439.65999999999997,3,4,2,342,Loyal Customers
C17322,218,5,825.54,2,4,3,243,Needs Attention
C17323,61,7,2406.46,3,4,4,344,Champions
C17324,84,2,258.78,3,1,2,312,New/Promising
C17325,132,6,405.36,2,4,2,242,Needs Attention
C17326,53,3,1245.9099999999999,3,2,4,324,Loyal Customers
C17327,94,3,151.18,3,2,1,321,Loyal Customers
C17328,52,3,888.41,3,2,3,323,Loyal Customers
C17329,7,5,1193.16,4,4,4,444,Champions
C17330,190,4,490.83000000000004,2,3,3,233,Needs Attention
C17331,79,7,408.21000000000004,3,4,2,342,Loyal Customers
C17332,30,4,1149.8500000000001,4,3,4,434,Champions
C17333,102,5,676.14,3,4,3,343,Champions
C17334,72,4,67.91,3,3,1,331,Loyal Customers
C17335,479,1,189.29,1,1,1,111,Lost
C17336,90,4,728.7,3,3,3,333,Champions
C17337,201,2,2836.8599999999997,2,1,4,214,Cant Lose Them
C17338,76,2,52.88,3,1,1,311,New/Promising
C17339,152,3,663.85,2,2,3,223,Cant Lose Them
C17340,302,3,210.35000000000002,1,2,2,122,Lost
C17341,330,1,4.98,1,1,1,111,Lost
C17342,80,10,1361.37,3,4,4,344,Champions
C17343,66,5,490.03000000000003,3,4,3,343,Champions
C17344,137,3,83.94,2,2,1,221,Lost
C17345,16,7,1224.8700000000001,4,4,4,444,Champions
C17346,326,1,16.5,1,1,1,111,Lost
C17347,58,9,1002.71,3,4,4,344,Champions
C17348,39,2,53.75,4,1,1,411,New/Promising
C17349,99,4,1962.5600000000002,3,3,4,334,Champions
C17350,3,3,540.21,4,2,3,423,Loyal Customers
C17351,67,4,1008.29,3,3,4,334,Champions
C17352,231,4,559.58,2,3,3,233,Needs Attention
C17353,30,4,121.96,4,3,1,431,Loyal Customers
C17354,320,4,564.85,1,3,3,133,At Risk
C17355,446,1,15.48,1,1,1,111,Lost
C17356,65,3,593.35,3,2,3,323,Loyal Customers
C17357,237,4,365.42,2,3,2,232,Needs Attention
C17358,124,3,198.47,2,2,2,222,Lost
C17359,130,2,33.800000000000004,2,1,1,211,Lost
C17360,55,4,831.99,3,3,3,333,Champions
C17361,102,3,216.10000000000002,3,2,2,322,Loyal Customers
C17362,25,5,939.72,4,4,4,444,Champions
C17363,37,1,101.43,4,1,1,411,New/Promising
C17364,470,2,1482.61,1,1,4,114,Cant Lose Them
C17365,5,2,178.38,4,1,1,411,New/Promising
C17366,60,4,252.18,3,3,2,332,Loyal Customers
C17367,249,1,14.0,1,1,1,111,Lost
C17368,17,10,2162.82,4,4,4,444,Champions
C17369,172,5,477.28999999999996,2,4,3,243,Needs Attention
C17370,23,8,637.72,4,4,3,443,Champions
C17371,4,8,873.1,4,4,3,443,Champions
C17372,122,3,223.75,2,2,2,222,Lost
C17373,289,4,84.51,1,3,1,131,Others
C17374,152,5,433.82000000000005,2,4,2,242,Needs Attention
C17375,597,1,34.73,1,1,1,111,Lost
C17376,13,6,381.37,4,4,2,442,Loyal Customers
C17377,252,3,2290.3799999999997,1,2,4,124,Cant Lose Them
C17378,93,6,3032.39,3,4,4,344,Champions
C17379,364,5,1225.3799999999999,1,4,4,144,At Risk
C17380,106,3,706.0699999999999,3,2,3,323,Loyal Customers
C17381,149,8,4342.8,2,4,4,244,Needs Attention
C17382,44,5,944.42,4,4,4,444,Champions
C17383,148,2,828.33,2,1,3,213,Cant Lose Them
C17384,367,3,28.29,1,2,1,121,Lost
C17385,177,9,2175.31,2,4,4,244,Needs Attention
C17386,119,2,344.91,3,1,2,312,New/Promising
C17387,221,3,423.57,2,2,2,222,Lost
C17388,168,6,733.59,2,4,3,243,Needs Attention
C17389,162,5,1222.73,2,4,4,244,Needs Attention
C17390,125,5,1079.92,2,4,4,244,Needs Attention
C17391,67,3,431.75,3,2,2,322,Loyal Customers
C17392,50,10,657.73,4,4,3,443,Champions
C17393,144,5,739.04,2,4,3,243,Needs Attention
C17394,9,7,961.94,4,4,4,444,Champions
C17395,192,6,742.9300000000001,2,4,3,243,Needs Attention
C17396,85,6,911.16,3,4,4,344,Champions
C17397,49,5,377.40000000000003,4,4,2,442,Loyal Customers
C17398,136,5,148.3,2,4,1,241,Needs Attention
C17399,146,5,1035.32,2,4,4,244,Needs Attention
C17400,87,7,341.17,3,4,2,342,Loyal Customers
C17401,342,4,394.56,1,3,2,132,Others
C17402,35,3,342.95,4,2,2,422,Loyal Customers
C17403,487,1,461.94,1,1,3,113,Cant Lose Them
C17404,38,7,1104.28,4,4,4,444,Champions
C17405,12,2,246.82000000000002,4,1,2,412,New/Promising
C17406,290,3,281.78,1,2,2,122,Lost
C17407,193,7,306.56,2,4,2,242,Needs Attention
C17408,74,9,1139.88,3,4,4,344,Champions
C17409,158,2,720.8399999999999,2,1,3,213,Cant Lose Them
C17410,88,3,1836.3300000000002,3,2,4,324,Loyal Customers
C17411,251,4,215.48,1,3,2,132,Others
C17412,178,2,193.33,2,1,2,212,Lost
C17413,56,9,840.1999999999999,3,4,3,343,Champions
C17415,205,2,136.54,2,1,1,211,Lost
C17416,194,6,231.98,2,4,2,242,Needs Attention
C17418,426,3,498.83,1,2,3,123,Cant Lose Them
C17419,10,6,555.0600000000001,4,4,3,443,Champions
C17420,39,5,474.39000000000004,4,4,3,443,Champions
C17421,104,4,169.79999999999998,3,3,1,331,Loyal Customers
C17422,403,5,677.12,1,4,3,143,At Risk
C17423,156,3,167.61,2,2,1,221,Lost
C17424,467,2,278.14,1,1,2,112,Lost
C17425,17,5,720.19,4,4,3,443,Champions
C17426,133,5,417.19,2,4,2,242,Needs Attention
C17427,10,4,2188.4300000000003,4,3,4,434,Champions
C17428,87,6,1153.18,3,4,4,344,Champions
C17429,343,3,236.29,1,2,2,122,Lost
C17430,354,6,548.5600000000001,1,4,3,143,At Risk
C17431,44,4,428.84999999999997,4,3,2,432,Loyal Customers
C17432,63,5,2209.98,3,4,4,344,Champions
C17433,212,5,194.83,2,4,2,242,Needs Attention
C17434,42,3,404.26,4,2,2,422,Loyal Customers
C17435,98,6,550.6,3,4,3,343,Champions
C17436,43,6,1317.99,4,4,4,444,Champions
C17437,381,7,150.9,1,4,1,141,Others
C17438,48,2,73.63,4,1,1,411,New/Promising
C17439,116,2,309.41999999999996,3,1,2,312,New/Promising
C17440,79,6,4137.860000000001,3,4,4,344,Champions
C17441,322,2,158.89,1,1,1,111,Lost
C17442,40,4,240.23,4,3,2,432,Loyal Customers
C17443,54,5,240.91,3,4,2,342,Loyal Customers
C17444,235,5,301.23,2,4,2,242,Needs Attention
C17445,50,6,1678.71,4,4,4,444,Champions
C17446,28,9,1031.33,4,4,4,444,Champions
C17447,234,4,301.15,2,3,2,232,Needs Attention
C17448,493,3,33.54,1,2,1,121,Lost
C17449,17,5,637.18,4,4,3,443,Champions
C17450,5,8,2688.44,4,4,4,444,Champions
C17451,139,2,881.39,2,1,3,213,Cant Lose Them
C17452,97,2,337.56,3,1,2,312,New/Promising
C17453,131,3,156.62,2,2,1,221,Lost
C17454,125,3,39.87,2,2,1,221,Lost
C17455,49,4,274.44,4,3,2,432,Loyal Customers
C17456,23,3,449.62,4,2,2,422,Loyal Customers
C17457,46,2,9.370000000000001,4,1,1,411,New/Promising
C17458,461,2,74.92,1,1,1,111,Lost
C17459,84,4,274.39,3,3,2,332,Loyal Customers
C17460,488,2,1136.71,1,1,4,114,Cant Lose Them
C17461,191,3,1160.3000000000002,2,2,4,224,Cant Lose Them
C17462,82,3,1962.99,3,2,4,324,Loyal Customers
C17463,265,2,180.07,1,1,1,111,Lost
C17464,48,5,263.91,4,4,2,442,Loyal Customers
C17465,126,5,1123.26,2,4,4,244,Needs Attention
C17466,92,5,1017.99,3,4,4,344,Champions
C17467,34,3,178.60999999999999,4,2,1,421,Loyal Customers
C17468,67,4,1832.43,3,3,4,334,Champions
C17469,148,2,121.24000000000001,2,1,1,211,Lost
C17470,151,6,2910.8399999999997,2,4,4,244,Needs Attention
C17471,45,6,423.46,4,4,2,442,Loyal Customers
C17472,130,3,469.12,2,2,3,223,Cant Lose Them
C17473,18,4,244.10999999999999,4,3,2,432,Loyal Customers
C17474,425,2,1654.82,1,1,4,114,Cant Lose Them
C17475,61,3,362.03999999999996,3,2,2,322,Loyal Customers
C17476,123,7,1558.46,2,4,4,244,Needs Attention
C17477,47,4,846.9399999999999,4,3,3,433,Champions
C17478,29,5,2768.2599999999998,4,4,4,444,Champions
C17479,383,3,392.23,1,2,2,122,Lost
C17480,225,4,243.53,2,3,2,232,Needs Attention
C17481,562,1,323.32,1,1,2,112,Lost
C17482,188,4,1652.66,2,3,4,234,Needs Attention
C17483,18,6,684.25,4,4,3,443,Champions
C17484,157,2,49.279999999999994,2,1,1,211,Lost
C17485,109,6,146.71,3,4,1,341,Loyal Customers
C17486,234,2,151.78,2,1,1,211,Lost
C17487,235,6,197.47,2,4,2,242,Needs Attention
C17488,564,1,56.07,1,1,1,111,Lost
C17489,307,3,62.13,1,2,1,121,Lost
C17490,55,5,697.07,3,4,3,343,Champions
C17491,8,3,349.85,4,2,2,422,Loyal Customers
C17492,271,1,468.72,1,1,3,113,Cant Lose Them
C17493,19,5,885.69,4,4,3,443,Champions
C17494,168,4,1361.76,2,3,4,234,Needs Attention
C17495,11,2,304.79,4,1,2,412,New/Promising
C17496,1,4,213.66,4,3,2,432,Loyal Customers
C17497,215,3,146.9,2,2,1,221,Lost
C17498,151,4,587.0899999999999,2,3,3,233,Needs Attention
C17499,349,1,28.83,1,1,1,111,Lost
C17500,287,4,685.4100000000001,1,3,3,133,At Risk
C17501,175,4,216.37,2,3,2,232,Needs Attention
C17502,346,1,239.51,1,1,2,112,Lost
C17503,570,1,56.41,1,1,1,111,Lost
C17504,13,10,1478.45,4,4,4,444,Champions
C17505,180,2,487.29999999999995,2,1,3,213,Cant Lose Them
C17506,184,4,207.62,2,3,2,232,Needs Attention
C17507,167,5,323.31,2,4,2,242,Needs Attention
C17508,99,4,852.73,3,3,3,333,Champions
C17509,89,7,426.71999999999997,3,4,2,342,Loyal Customers
C17510,116,5,206.83,3,4,2,342,Loyal Customers
C17511,403,2,193.73,1,1,2,112,Lost
C17512,119,6,5507.5599999999995,3,4,4,344,Champions
C17513,200,5,853.08,2,4,3,243,Needs Attention
C17514,294,2,304.17,1,1,2,112,Lost
C17515,78,1,159.04,3,1,1,311,New/Promising
C17516,139,6,542.36,2,4,3,243,Needs Attention
C17517,78,4,705.94,3,3,3,333,Champions
C17518,193,5,116.11,2,4,1,241,Needs Attention
C17519,7,6,441.77000000000004,4,4,2,442,Loyal Customers
C17520,410,2,237.86,1,1,2,112,Lost
C17521,61,3,116.86,3,2,1,321,Loyal Customers
C17522,293,2,1065.47,1,1,4,114,Cant Lose Them
C17523,99,4,518.0,3,3,3,333,Champions
C17524,341,2,327.67999999999995,1,1,2,112,Lost
C17525,7,3,301.61,4,2,2,422,Loyal Customers
C17526,150,3,136.34,2,2,1,221,Lost
C17527,70,6,442.2,3,4,2,342,Loyal Customers
C17528,55,2,236.06,3,1,2,312,New/Promising
C17529,30,7,1546.96,4,4,4,444,Champions
C17530,245,3,345.05,1,2,2,122,Lost
C17531,74,7,810.66,3,4,3,343,Champions
C17532,27,3,1308.5900000000001,4,2,4,424,Loyal Customers
C17533,43,3,98.00999999999999,4,2,1,421,Loyal Customers
C17534,106,1,12.33,3,1,1,311,New/Promising
C17535,331,1,49.26,1,1,1,111,Lost
C17536,71,3,670.98,3,2,3,323,Loyal Customers
C17537,236,6,4765.4800000000005,2,4,4,244,Needs Attention
C17538,100,4,590.5699999999999,3,3,3,333,Champions
C17539,501,1,112.88,1,1,1,111,Lost
C17540,36,5,1131.78,4,4,4,444,Champions
C17541,45,6,1096.77,4,4,4,444,Champions
C17542,150,2,457.79,2,1,3,213,Cant Lose Them
C17543,11,10,2613.04,4,4,4,444,Champions
C17544,49,4,383.58000000000004,4,3,2,432,Loyal Customers
C17545,90,6,550.61,3,4,3,343,Champions
C17546,89,7,867.82,3,4,3,343,Champions
C17547,101,4,160.9,3,3,1,331,Loyal Customers
C17548,169,9,1611.36,2,4,4,244,Needs Attention
C17549,43,9,452.61,4,4,3,443,Champions
C17550,51,4,162.49,3,3,1,331,Loyal Customers
C17551,74,5,4360.92,3,4,4,344,Champions
C17552,419,1,36.68,1,1,1,111,Lost
C17553,306,2,69.42,1,1,1,111,Lost
C17554,382,2,445.52,1,1,2,112,Lost
C17555,431,2,289.17999999999995,1,1,2,112,Lost
C17556,195,5,1253.1100000000001,2,4,4,244,Needs Attention
C17557,316,6,288.8,1,4,2,142,Others
C17559,29,3,395.90999999999997,4,2,2,422,Loyal Customers
C17560,104,3,317.21,3,2,2,322,Loyal Customers
C17561,30,4,129.34,4,3,1,431,Loyal Customers
C17562,100,4,670.6,3,3,3,333,Champions
C17563,465,1,192.54,1,1,2,112,Lost
C17564,81,5,889.13,3,4,3,343,Champions
C17565,300,2,76.75,1,1,1,111,Lost
C17566,146,4,541.46,2,3,3,233,Needs Attention
C17567,15,2,169.16,4,1,1,411,New/Promising
C17568,38,5,1047.99,4,4,4,444,Champions
C17569,7,5,735.2900000000001,4,4,3,443,Champions
C17570,163,5,487.42,2,4,3,243,Needs Attention
C17571,309,2,261.12,1,1,2,112,Lost
C17572,57,5,852.13,3,4,3,343,Champions
C17573,192,3,122.42,2,2,1,221,Lost
C17574,32,6,408.08,4,4,2,442,Loyal Customers
C17575,53,4,1119.3500000000001,3,3,4,334,Champions
C17576,19,6,3175.27,4,4,4,444,Champions
C17577,507,1,47.79,1,1,1,111,Lost
C17578,55,3,716.65,3,2,3,323,Loyal Customers
C17579,342,3,122.64,1,2,1,121,Lost
C17580,332,1,151.58,1,1,1,111,Lost
C17581,72,5,387.51,3,4,2,342,Loyal Customers
C17582,90,5,1974.72,3,4,4,344,Champions
C17583,253,5,274.09999999999997,1,4,2,142,Others
C17584,82,6,1804.83,3,4,4,344,Champions
C17585,254,5,597.9399999999999,1,4,3,143,At Risk
C17586,107,6,497.42,3,4,3,343,Champions
C17587,91,3,148.81,3,2,1,321,Loyal Customers
C17588,540,1,18.86,1,1,1,111,Lost
C17589,173,2,1317.9299999999998,2,1,4,214,Cant Lose Them
C17590,527,4,498.13,1,3,3,133,At Risk
C17591,8,2,68.83,4,1,1,411,New/Promising
C17592,49,3,79.0,4,2,1,421,Loyal Customers
C17593,51,3,485.59,3,2,3,323,Loyal Customers
C17594,156,3,431.42,2,2,2,222,Lost
C17595,74,12,1592.84,3,4,4,344,Champions
C17596,208,4,324.85,2,3,2,232,Needs Attention
C17597,98,2,106.72,3,1,1,311,New/Promising
C17598,169,5,338.89,2,4,2,242,Needs Attention
C17599,98,5,274.35,3,4,2,342,Loyal Customers
C17600,200,2,261.79999999999995,2,1,2,212,Lost
C17601,123,4,511.46999999999997,2,3,3,233,Needs Attention
C17602,140,3,158.16,2,2,1,221,Lost
C17603,4,6,272.67,4,4,2,442,Loyal Customers
C17604,167,6,781.79,2,4,3,243,Needs Attention
C17605,584,4,418.42,1,3,2,132,Others
C17606,1,3,1855.3700000000001,4,2,4,424,Loyal Customers
C17607,204,6,544.1,2,4,3,243,Needs Attention
C17608,128,5,421.44,2,4,2,242,Needs Attention
C17609,92,1,380.13,3,1,2,312,New/Promising
C17610,324,4,192.08,1,3,2,132,Others
C17611,266,2,1285.13,1,1,4,114,Cant Lose Them
C17612,79,5,2304.5099999999998,3,4,4,344,Champions
C17613,494,1,153.7,1,1,1,111,Lost
C17614,190,4,610.26,2,3,3,233,Needs Attention
C17615,414,3,170.91,1,2,1,121,Lost
C17616,31,5,784.01,4,4,3,443,Champions
C17617,34,3,385.51,4,2,2,422,Loyal Customers
C17618,187,4,474.17999999999995,2,3,3,233,Needs Attention
C17619,17,7,568.84,4,4,3,443,Champions
C17620,33,3,464.66,4,2,3,423,Loyal Customers
C17621,109,4,229.78,3,3,2,332,Loyal Customers
C17622,289,2,1026.6,1,1,4,114,Cant Lose Them
C17623,91,4,185.69,3,3,1,331,Loyal Customers
C17624,194,3,39.28,2,2,1,221,Lost
C17625,335,4,273.37,1,3,2,132,Others
C17626,313,4,162.53,1,3,1,131,Others
C17627,541,3,308.94,1,2,2,122,Lost
C17628,619,1,51.11,1,1,1,111,Lost
C17629,96,6,1296.23,3,4,4,344,Champions
C17630,221,8,484.78000000000003,2,4,3,243,Needs Attention
C17631,9,5,370.77,4,4,2,442,Loyal Customers
C17632,22,4,230.69000000000003,4,3,2,432,Loyal Customers
C17633,165,4,611.76,2,3,3,233,Needs Attention
C17634,56,6,2256.84,3,4,4,344,Champions
C17635,489,4,516.35,1,3,3,133,At Risk
C17636,279,5,984.16,1,4,4,144,At Risk
C17637,30,4,72.77000000000001,4,3,1,431,Loyal Customers
C17638,44,5,972.36,4,4,4,444,Champions
C17639,26,3,724.3,4,2,3,423,Loyal Customers
C17640,667,1,84.83,1,1,1,111,Lost
C17641,27,10,900.65,4,4,3,443,Champions
C17642,148,3,919.87,2,2,4,224,Cant Lose Them
C17643,51,8,1530.51,3,4,4,344,Champions
C17644,5,6,1115.97,4,4,4,444,Champions
C17645,479,3,267.39,1,2,2,122,Lost
C17646,324,3,1733.06,1,2,4,124,Cant Lose Them
C17647,66,4,515.42,3,3,3,333,Champions
C17648,54,3,441.87,3,2,2,322,Loyal Customers
C17649,65,4,1146.12,3,3,4,334,Champions
C17650,168,3,335.19,2,2,2,222,Lost
C17651,377,3,4117.73,1,2,4,124,Cant Lose Them
C17652,96,3,56.239999999999995,3,2,1,321,Loyal Customers
C17653,212,4,652.52,2,3,3,233,Needs Attention
C17654,12,3,120.29,4,2,1,421,Loyal Customers
C17655,52,4,287.74,3,3,2,332,Loyal Customers
C17656,16,4,479.33,4,3,3,433,Champions
C17657,73,6,137.65,3,4,1,341,Loyal Customers
C17658,244,4,291.01,1,3,2,132,Others
C17659,185,2,73.46,2,1,1,211,Lost
C17660,67,5,1122.72,3,4,4,344,Champions
C17661,333,4,180.25,1,3,1,131,Others
C17662,298,3,479.9,1,2,3,123,Cant Lose Them
C17663,205,5,432.9,2,4,2,242,Needs Attention
C17664,332,3,295.76,1,2,2,122,Lost
C17665,446,2,224.12,1,1,2,112,Lost
C17666,8,4,381.86,4,3,2,432,Loyal Customers
C17667,85,4,1497.29,3,3,4,334,Champions
C17668,230,4,406.57,2,3,2,232,Needs Attention
C17669,211,7,982.27,2,4,4,244,Needs Attention
C17670,83,4,135.38,3,3,1,331,Loyal Customers
C17671,555,2,539.4499999999999,1,1,3,113,Cant Lose Them
C17673,272,2,193.13,1,1,2,112,Lost
C17674,23,6,4566.75,4,4,4,444,Champions
C17675,279,5,284.77,1,4,2,142,Others
C17676,7,5,261.44,4,4,2,442,Loyal Customers
C17677,17,1,18.96,4,1,1,411,New/Promising
C17678,22,6,2189.4,4,4,4,444,Champions
C17679,148,5,457.29999999999995,2,4,3,243,Needs Attention
C17680,23,5,842.75,4,4,3,443,Champions
C17681,216,2,128.72,2,1,1,211,Lost
C17682,578,1,248.26,1,1,2,112,Lost
C17683,110,4,148.93,3,3,1,331,Loyal Customers
C17684,403,2,76.07,1,1,1,111,Lost
C17685,385,1,44.73,1,1,1,111,Lost
C17686,19,6,377.2,4,4,2,442,Loyal Customers
C17687,165,6,367.43,2,4,2,242,Needs Attention
C17688,81,6,1720.1,3,4,4,344,Champions
C17689,82,5,909.4499999999999,3,4,4,344,Champions
C17690,86,6,187.74,3,4,1,341,Loyal Customers
C17691,343,8,882.66,1,4,3,143,At Risk
C17692,284,2,342.51,1,1,2,112,Lost
C17693,189,6,656.73,2,4,3,243,Needs Attention
C17694,218,5,287.5,2,4,2,242,Needs Attention
C17695,353,4,84.95,1,3,1,131,Others
C17696,211,3,90.01,2,2,1,221,Lost
C17697,4,6,416.99,4,4,2,442,Loyal Customers
C17698,376,3,398.32,1,2,2,122,Lost
C17699,88,7,374.11,3,4,2,342,Loyal Customers
C17700,200,3,90.66,2,2,1,221,Lost
C17701,172,6,1496.54,2,4,4,244,Needs Attention
C17702,129,2,559.08,2,1,3,213,Cant Lose Them
C17703,211,2,297.26,2,1,2,212,Lost
C17704,136,7,1759.72,2,4,4,244,Needs Attention
C17705,181,7,2650.7200000000003,2,4,4,244,Needs Attention
C17706,301,4,261.37,1,3,2,132,Others
C17707,69,5,201.46,3,4,2,342,Loyal Customers
C17708,70,3,544.58,3,2,3,323,Loyal Customers
C17709,339,3,370.42,1,2,2,122,Lost
C17710,73,5,488.44,3,4,3,343,Champions
C17711,191,5,460.28000000000003,2,4,3,243,Needs Attention
C17712,580,2,145.59,1,1,1,111,Lost
C17713,483,3,1007.07,1,2,4,124,Cant Lose Them
C17714,62,6,925.05,3,4,4,344,Champions
C17715,427,6,1426.92,1,4,4,144,At Risk
C17716,129,3,166.39000000000001,2,2,1,221,Lost
C17717,11,6,507.23,4,4,3,443,Champions
C17718,124,4,98.63,2,3,1,231,Needs Attention
C17719,69,4,871.76,3,3,3,333,Champions
C17720,320,3,254.48000000000002,1,2,2,122,Lost
C17721,157,3,313.42,2,2,2,222,Lost
C17722,182,3,777.36,2,2,3,223,Cant Lose Them
C17723,63,6,960.6899999999999,3,4,4,344,Champions
C17724,151,2,282.55,2,1,2,212,Lost
C17725,248,2,1629.47,1,1,4,114,Cant Lose Them
C17726,480,3,723.1899999999999,1,2,3,123,Cant Lose Them
C17727,386,6,560.08,1,4,3,143,At Risk
C17728,73,6,328.01,3,4,2,342,Loyal Customers
C17729,302,5,247.07999999999998,1,4,2,142,Others
C17730,28,5,428.43,4,4,2,442,Loyal Customers
C17731,353,3,258.3,1,2,2,122,Lost
C17732,351,5,822.11,1,4,3,143,At Risk
C17733,19,7,889.14,4,4,3,443,Champions
C17734,62,7,1549.47,3,4,4,344,Champions
C17735,119,6,717.64,3,4,3,343,Champions
C17736,150,5,3830.5,2,4,4,244,Needs Attention
C17737,11,6,890.04,4,4,3,443,Champions
C17738,94,6,176.94,3,4,1,341,Loyal Customers
C17739,16,3,434.29,4,2,2,422,Loyal Customers
C17740,15,7,1172.14,4,4,4,444,Champions
C17741,123,4,693.37,2,3,3,233,Needs Attention
C17742,398,4,616.9,1,3,3,133,At Risk
C17743,32,6,1725.19,4,4,4,444,Champions
C17744,182,3,855.85,2,2,3,223,Cant Lose Them
C17746,84,4,510.36,3,3,3,333,Champions
C17747,129,2,9.47,2,1,1,211,Lost
C17748,214,4,445.82,2,3,2,232,Needs Attention
C17749,8,7,314.79,4,4,2,442,Loyal Customers
C17750,6,9,866.97,4,4,3,443,Champions
C17751,62,3,715.0,3,2,3,323,Loyal Customers
C17752,155,3,314.28999999999996,2,2,2,222,Lost
C17753,57,2,64.99,3,1,1,311,New/Promising
C17754,61,5,641.19,3,4,3,343,Champions
C17755,52,1,68.85,3,1,1,311,New/Promising
C17756,6,6,1509.71,4,4,4,444,Champions
C17757,100,3,390.11,3,2,2,322,Loyal Customers
C17758,2,5,520.76,4,4,3,443,Champions
C17759,29,3,293.77,4,2,2,422,Loyal Customers
C17760,218,3,308.43,2,2,2,222,Lost
C17761,252,1,578.58,1,1,3,113,Cant Lose Them
C17762,136,5,1897.1200000000001,2,4,4,244,Needs Attention
C17763,43,3,38.25,4,2,1,421,Loyal Customers
C17764,372,3,176.78,1,2,1,121,Lost
C17765,78,5,299.38,3,4,2,342,Loyal Customers
C17766,190,5,745.14,2,4,3,243,Needs Attention
C17767,427,3,2231.5600000000004,1,2,4,124,Cant Lose Them
C17768,97,5,879.76,3,4,3,343,Champions
C17769,34,6,722.19,4,4,3,443,Champions
C17770,170,5,503.01,2,4,3,243,Needs Attention
C17771,10,6,653.25,4,4,3,443,Champions
C17772,583,2,245.1,1,1,2,112,Lost
C17773,122,5,741.56,2,4,3,243,Needs Attention
C17774,366,3,95.46,1,2,1,121,Lost
C17775,414,1,1122.08,1,1,4,114,Cant Lose Them
C17776,18,6,658.47,4,4,3,443,Champions
C17777,111,8,1158.66,3,4,4,344,Champions
C17778,217,4,547.73,2,3,3,233,Needs Attention
C17779,655,1,47.36,1,1,1,111,Lost
C17780,178,3,232.06,2,2,2,222,Lost
C17781,31,4,883.84,4,3,3,433,Champions
C17782,167,3,129.09,2,2,1,221,Lost
C17783,246,3,288.84999999999997,1,2,2,122,Lost
C17784,106,4,219.53,3,3,2,332,Loyal Customers
C17785,79,4,644.09,3,3,3,333,Champions
C17786,397,3,169.42000000000002,1,2,1,121,Lost
C17787,232,6,352.29,2,4,2,242,Needs Attention
C17788,171,2,131.01,2,1,1,211,Lost
C17789,269,5,311.0,1,4,2,142,Others
C17790,110,6,421.37,3,4,2,342,Loyal Customers
C17791,285,1,625.6,1,1,3,113,Cant Lose Them
C17792,10,3,327.46000000000004,4,2,2,422,Loyal Customers
C17793,27,2,117.05,4,1,1,411,New/Promising
C17794,700,1,20.58,1,1,1,111,Lost
C17795,123,7,845.1099999999999,2,4,3,243,Needs Attention
C17796,322,5,143.48,1,4,1,141,Others
C17797,199,4,496.11,2,3,3,233,Needs Attention
C17798,76,6,719.62,3,4,3,343,Champions
C17799,90,5,2159.75,3,4,4,344,Champions
C17800,503,2,124.28,1,1,1,111,Lost
C17801,528,2,90.09,1,1,1,111,Lost
C17802,227,4,512.59,2,3,3,233,Needs Attention
C17803,90,4,331.6,3,3,2,332,Loyal Customers
C17804,73,8,625.0,3,4,3,343,Champions
C17805,27,7,1441.97,4,4,4,444,Champions
C17806,150,3,325.81,2,2,2,222,Lost
C17807,232,5,5536.37,2,4,4,244,Needs Attention
C17808,645,1,258.74,1,1,2,112,Lost
C17809,608,2,82.44,1,1,1,111,Lost
C17810,63,4,907.15,3,3,4,334,Champions
C17811,381,2,209.61,1,1,2,112,Lost
C17812,468,3,276.46000000000004,1,2,2,122,Lost
C17813,37,7,1426.28,4,4,4,444,Champions
C17814,91,8,810.69,3,4,3,343,Champions
C17815,338,4,453.19,1,3,3,133,At Risk
C17816,16,4,489.8,4,3,3,433,Champions
C17817,50,3,66.11,4,2,1,421,Loyal Customers
C17818,47,4,904.89,4,3,4,434,Champions
C17819,693,1,248.85,1,1,2,112,Lost
C17820,30,6,953.3100000000001,4,4,4,444,Champions
C17821,452,2,75.22999999999999,1,1,1,111,Lost
C17822,293,3,54.43000000000001,1,2,1,121,Lost
C17823,294,5,584.79,1,4,3,143,At Risk
C17824,23,12,4439.45,4,4,4,444,Champions
C17825,16,7,417.7,4,4,2,442,Loyal Customers
C17826,4,6,265.2,4,4,2,442,Loyal Customers
C17827,61,3,516.88,3,2,3,323,Loyal Customers
C17828,304,1,35.63,1,1,1,111,Lost
C17829,444,2,78.61,1,1,1,111,Lost
C17830,180,8,2693.8,2,4,4,244,Needs Attention
C17831,83,5,3844.04,3,4,4,344,Champions
C17832,13,5,665.49,4,4,3,443,Champions
C17833,118,8,558.58,3,4,3,343,Champions
C17834,509,1,217.46,1,1,2,112,Lost
C17835,242,5,747.42,1,4,3,143,At Risk
C17836,223,5,2030.21,2,4,4,244,Needs Attention
C17837,32,7,1183.43,4,4,4,444,Champions
C17838,357,3,113.64,1,2,1,121,Lost
C17840,60,2,341.21999999999997,3,1,2,312,New/Promising
C17841,129,4,258.31,2,3,2,232,Needs Attention
C17842,6,4,826.43,4,3,3,433,Champions
C17843,1,9,3784.72,4,4,4,444,Champions
C17844,185,1,389.45,2,1,2,212,Lost
C17845,293,5,384.0,1,4,2,142,Others
C17846,93,6,456.42,3,4,3,343,Champions
C17847,41,4,577.3,4,3,3,433,Champions
C17848,50,4,326.07,4,3,2,432,Loyal Customers
C17849,75,5,1139.21,3,4,4,344,Champions
C17850,70,2,325.92,3,1,2,312,New/Promising
C17851,95,6,1237.6200000000001,3,4,4,344,Champions
C17852,55,6,1998.82,3,4,4,344,Champions
C17853,302,3,283.39,1,2,2,122,Lost
C17854,142,4,131.22,2,3,1,231,Needs Attention
C17855,2,5,936.1800000000001,4,4,4,444,Champions
C17856,318,4,1464.95,1,3,4,134,At Risk
C17857,378,4,643.5,1,3,3,133,At Risk
C17858,33,2,35.34,4,1,1,411,New/Promising
C17859,125,3,3658.87,2,2,4,224,Cant Lose Them
C17860,476,4,301.36,1,3,2,132,Others
C17861,180,5,288.7,2,4,2,242,Needs Attention
C17862,430,6,1199.65,1,4,4,144,At Risk
C17863,17,3,392.51,4,2,2,422,Loyal Customers
C17864,217,5,330.54,2,4,2,242,Needs Attention
C17865,13,6,1502.04,4,4,4,444,Champions
C17866,105,5,2389.7,3,4,4,344,Champions
C17867,59,8,1549.82,3,4,4,344,Champions
C17868,276,6,96.60000000000001,1,4,1,141,Others
C17869,101,4,203.54000000000002,3,3,2,332,Loyal Customers
C17870,28,3,1225.0800000000002,4,2,4,424,Loyal Customers
C17871,114,5,1183.11,3,4,4,344,Champions
C17872,350,4,439.04,1,3,2,132,Others
C17873,68,4,106.22,3,3,1,331,Loyal Customers
C17874,26,5,3247.85,4,4,4,444,Champions
C17875,59,4,187.22,3,3,1,331,Loyal Customers
C17876,31,7,758.25,4,4,3,443,Champions
C17877,607,1,139.0,1,1,1,111,Lost
C17878,224,4,1222.16,2,3,4,234,Needs Attention
C17879,19,2,69.72,4,1,1,411,New/Promising
C17880,431,2,163.09,1,1,1,111,Lost
C17881,522,2,176.76,1,1,1,111,Lost
C17882,33,4,374.67,4,3,2,432,Loyal Customers
C17883,184,3,239.05,2,2,2,222,Lost
C17884,83,4,2219.4,3,3,4,334,Champions
C17885,719,2,114.36000000000001,1,1,1,111,Lost
C17886,315,2,48.7,1,1,1,111,Lost
C17887,136,6,1199.12,2,4,4,244,Needs Attention
C17888,42,4,111.91,4,3,1,431,Loyal Customers
C17889,239,2,765.71,1,1,3,113,Cant Lose Them
C17890,55,8,1356.67,3,4,4,344,Champions
C17891,42,4,144.77,4,3,1,431,Loyal Customers
C17892,6,6,535.92,4,4,3,443,Champions
C17893,645,1,11.03,1,1,1,111,Lost
C17894,40,7,454.37,4,4,3,443,Champions
C17895,89,7,2376.43,3,4,4,344,Champions
C17896,43,2,23.68,4,1,1,411,New/Promising
C17897,117,3,51.379999999999995,3,2,1,321,Loyal Customers
C17898,103,2,614.01,3,1,3,313,New/Promising
C17899,217,5,1697.79,2,4,4,244,Needs Attention
C17900,28,3,511.98,4,2,3,423,Loyal Customers
C17901,86,4,108.96,3,3,1,331,Loyal Customers
C17902,103,4,318.33,3,3,2,332,Loyal Customers
C17903,192,4,252.57,2,3,2,232,Needs Attention
C17904,68,4,315.71999999999997,3,3,2,332,Loyal Customers
C17905,81,5,617.51,3,4,3,343,Champions
C17906,244,6,1008.52,1,4,4,144,At Risk
C17907,153,2,151.04,2,1,1,211,Lost
C17908,56,3,944.1500000000001,3,2,4,324,Loyal Customers
C17909,307,4,162.66,1,3,1,131,Others
C17910,43,7,926.8399999999999,4,4,4,444,Champions
C17911,47,2,63.23,4,1,1,411,New/Promising
C17912,171,1,21.94,2,1,1,211,Lost
C17913,31,5,320.35,4,4,2,442,Loyal Customers
C17914,119,5,738.22,3,4,3,343,Champions
C17915,109,3,627.83,3,2,3,323,Loyal Customers
C17916,302,2,208.98999999999998,1,1,2,112,Lost
C17917,88,2,151.6,3,1,1,311,New/Promising
C17918,207,3,79.09,2,2,1,221,Lost
C17919,205,2,199.70000000000002,2,1,2,212,Lost
C17920,232,3,70.34,2,2,1,221,Lost
C17921,99,1,48.79,3,1,1,311,New/Promising
C17922,392,1,13.31,1,1,1,111,Lost
C17923,9,5,473.32,4,4,3,443,Champions
C17924,84,3,305.26000000000005,3,2,2,322,Loyal Customers
C17925,102,5,1824.0100000000002,3,4,4,344,Champions
C17926,132,4,448.77000000000004,2,3,2,232,Needs Attention
C17927,51,6,1812.15,3,4,4,344,Champions
C17928,62,7,1380.27,3,4,4,344,Champions
C17929,85,4,173.11,3,3,1,331,Loyal Customers
C17930,216,5,1058.2,2,4,4,244,Needs Attention
C17931,315,3,203.82,1,2,2,122,Lost
C17933,89,7,812.75,3,4,3,343,Champions
C17934,288,3,111.84,1,2,1,121,Lost
C17935,73,4,1004.49,3,3,4,334,Champions
C17936,92,4,124.89,3,3,1,331,Loyal Customers
C17937,335,3,1598.1999999999998,1,2,4,124,Cant Lose Them
C17938,139,6,860.59,2,4,3,243,Needs Attention
C17939,74,7,388.15,3,4,2,342,Loyal Customers
C17940,343,1,19.95,1,1,1,111,Lost
C17941,88,4,364.43,3,3,2,332,Loyal Customers
C17942,74,2,138.94,3,1,1,311,New/Promising
C17943,155,3,147.56,2,2,1,221,Lost
C17944,330,3,228.8,1,2,2,122,Lost
C17945,168,3,257.36,2,2,2,222,Lost
C17946,141,2,22.099999999999998,2,1,1,211,Lost
C17947,96,2,69.41,3,1,1,311,New/Promising
C17948,38,3,3460.1200000000003,4,2,4,424,Loyal Customers
C17949,551,1,537.88,1,1,3,113,Cant Lose Them
C17950,16,6,912.29,4,4,4,444,Champions
C17951,32,7,1514.17,4,4,4,444,Champions
C17952,196,5,748.4,2,4,3,243,Needs Attention
C17953,39,4,1330.48,4,3,4,434,Champions
C17954,159,5,962.27,2,4,4,244,Needs Attention
C17955,535,1,11.1,1,1,1,111,Lost
C17956,104,3,413.87,3,2,2,322,Loyal Customers
C17957,345,5,665.8,1,4,3,143,At Risk
C17958,194,5,1498.7099999999998,2,4,4,244,Needs Attention
C17959,180,6,511.75,2,4,3,243,Needs Attention
C17960,44,6,928.23,4,4,4,444,Champions
C17961,50,4,555.8000000000001,4,3,3,433,Champions
C17962,69,7,726.6800000000001,3,4,3,343,Champions
C17963,96,4,296.52,3,3,2,332,Loyal Customers
C17964,477,2,146.03,1,1,1,111,Lost
C17965,20,4,113.67,4,3,1,431,Loyal Customers
C17966,159,7,2964.96,2,4,4,244,Needs Attention
C17967,87,5,853.5,3,4,3,343,Champions
C17968,145,5,150.3,2,4,1,241,Needs Attention
C17969,30,2,6.58,4,1,1,411,New/Promising
C17970,174,5,6095.610000000001,2,4,4,244,Needs Attention
C17971,342,6,655.21,1,4,3,143,At Risk
C17972,1,6,1521.98,4,4,4,444,Champions
C17973,60,7,586.7,3,4,3,343,Champions
C17974,187,1,64.94,2,1,1,211,Lost
C17975,38,9,742.13,4,4,3,443,Champions
C17977,91,3,88.77999999999999,3,2,1,321,Loyal Customers
C17978,1,3,269.15,4,2,2,422,Loyal Customers
C17979,127,5,475.9,2,4,3,243,Needs Attention
C17980,38,10,2398.0,4,4,4,444,Champions
C17981,143,3,1085.84,2,2,4,224,Cant Lose Them
C17982,172,5,596.65,2,4,3,243,Needs Attention
C17983,82,7,4141.5,3,4,4,344,Champions
C17984,351,4,215.20000000000002,1,3,2,132,Others
C17985,1,2,106.43,4,1,1,411,New/Promising
C17986,182,3,139.48,2,2,1,221,Lost
C17987,120,5,198.67,3,4,2,342,Loyal Customers
C17988,696,1,182.74,1,1,1,111,Lost
C17989,84,5,1886.28,3,4,4,344,Champions
C17990,209,4,324.98,2,3,2,232,Needs Attention
C17991,206,3,384.15000000000003,2,2,2,222,Lost
C17992,22,9,1590.82,4,4,4,444,Champions
C17993,357,2,221.71,1,1,2,112,Lost
C17994,238,4,165.12,1,3,1,131,Others
C17995,209,2,699.48,2,1,3,213,Cant Lose Them
C17996,235,3,981.94,2,2,4,224,Cant Lose Them
C17997,283,4,787.04,1,3,3,133,At Risk
C17998,33,3,244.23,4,2,2,422,Loyal Customers
C17999,66,4,2131.87,3,3,4,334,Champions
